{"error": "OK", "limit": 1, "offset": 0, "number_of_page_results": 1, "number_of_total_results": 1, "status_code": 1, "results": {"games": [{"api_detail_url": "https://www.giantbomb.com/api/game/3030-1053/", "id": 1053, "name": "Gaelic Games: Football", "site_detail_url": "https://www.giantbomb.com/gaelic-games-football/3030-1053/"}, {"api_detail_url": "https://www.giantbomb.com/api/game/3030-17382/", "id": 17382, "name": "Gaelic Games: Hurling", "site_detail_url": "https://www.giantbomb.com/gaelic-games-hurling/3030-17382/"}, {"api_detail_url": "https://www.giantbomb.com/api/game/3030-272/", "id": 272, "name": "Gaelic Games: Football 2", "site_detail_url": "https://www.giantbomb.com/gaelic-games-football-2/3030-272/"}]}, "version": "1.0"}