{"error": "OK", "limit": 1, "offset": 0, "number_of_page_results": 1, "number_of_total_results": 1, "status_code": 1, "results": {"games": [{"api_detail_url": "https://www.giantbomb.com/api/game/3030-3726/", "id": 3726, "name": "Obscure", "site_detail_url": "https://www.giantbomb.com/obscure/3030-3726/"}, {"api_detail_url": "https://www.giantbomb.com/api/game/3030-6862/", "id": 6862, "name": "Obscure: The Aftermath", "site_detail_url": "https://www.giantbomb.com/obscure-the-aftermath/3030-6862/"}]}, "version": "1.0"}