{"error": "OK", "limit": 1, "offset": 0, "number_of_page_results": 1, "number_of_total_results": 1, "status_code": 1, "results": {"games": [{"api_detail_url": "https://www.giantbomb.com/api/game/3030-17075/", "id": 17075, "name": "RISK: Global Domination", "site_detail_url": "https://www.giantbomb.com/risk-global-domination/3030-17075/"}, {"api_detail_url": "https://www.giantbomb.com/api/game/3030-14531/", "id": 14531, "name": "The Computer Edition of Risk: The World Conquest Game", "site_detail_url": "https://www.giantbomb.com/the-computer-edition-of-risk-the-world-conquest-ga/3030-14531/"}, {"api_detail_url": "https://www.giantbomb.com/api/game/3030-18399/", "id": 18399, "name": "Risk II", "site_detail_url": "https://www.giantbomb.com/risk-ii/3030-18399/"}, {"api_detail_url": "https://www.giantbomb.com/api/game/3030-10687/", "id": 10687, "name": "Risk", "site_detail_url": "https://www.giantbomb.com/risk/3030-10687/"}, {"api_detail_url": "https://www.giantbomb.com/api/game/3030-374/", "id": 374, "name": "RISK: The Game of Global Domination", "site_detail_url": "https://www.giantbomb.com/risk-the-game-of-global-domination/3030-374/"}, {"api_detail_url": "https://www.giantbomb.com/api/game/3030-19023/", "id": 19023, "name": "WinRisk", "site_detail_url": "https://www.giantbomb.com/winrisk/3030-19023/"}, {"api_detail_url": "https://www.giantbomb.com/api/game/3030-29748/", "id": 29748, "name": "RISK: Factions", "site_detail_url": "https://www.giantbomb.com/risk-factions/3030-29748/"}, {"api_detail_url": "https://www.giantbomb.com/api/game/3030-40138/", "id": 40138, "name": "Risk", "site_detail_url": "https://www.giantbomb.com/risk/3030-40138/"}, {"api_detail_url": "https://www.giantbomb.com/api/game/3030-43952/", "id": 43952, "name": "Risk", "site_detail_url": "https://www.giantbomb.com/risk/3030-43952/"}, {"api_detail_url": "https://www.giantbomb.com/api/game/3030-48404/", "id": 48404, "name": "Risk", "site_detail_url": "https://www.giantbomb.com/risk/3030-48404/"}, {"api_detail_url": "https://www.giantbomb.com/api/game/3030-54889/", "id": 54889, "name": "Risk Urban Assault", "site_detail_url": "https://www.giantbomb.com/risk-urban-assault/3030-54889/"}, {"api_detail_url": "https://www.giantbomb.com/api/game/3030-76180/", "id": 76180, "name": "Risk: Global Domination", "site_detail_url": "https://www.giantbomb.com/risk-global-domination/3030-76180/"}, {"api_detail_url": "https://www.giantbomb.com/api/game/3030-79106/", "id": 79106, "name": "Risk / Battleship / Clue", "site_detail_url": "https://www.giantbomb.com/risk-battleship-clue/3030-79106/"}]}, "version": "1.0"}