{"error": "OK", "limit": 1, "offset": 0, "number_of_page_results": 1, "number_of_total_results": 1, "status_code": 1, "results": {"games": [{"api_detail_url": "https://www.giantbomb.com/api/game/3030-24026/", "id": 24026, "name": "AirBurst Extreme", "site_detail_url": "https://www.giantbomb.com/airburst-extreme/3030-24026/"}, {"api_detail_url": "https://www.giantbomb.com/api/game/3030-23111/", "id": 23111, "name": "AirBurst", "site_detail_url": "https://www.giantbomb.com/airburst/3030-23111/"}]}, "version": "1.0"}