{"error": "OK", "limit": 1, "offset": 0, "number_of_page_results": 1, "number_of_total_results": 1, "status_code": 1, "results": {"games": [{"api_detail_url": "https://www.giantbomb.com/api/game/3030-6173/", "id": 6173, "name": "Soldiers: Heroes of World War II", "site_detail_url": "https://www.giantbomb.com/soldiers-heroes-of-world-war-ii/3030-6173/"}, {"api_detail_url": "https://www.giantbomb.com/api/game/3030-2688/", "id": 2688, "name": "Faces of War", "site_detail_url": "https://www.giantbomb.com/faces-of-war/3030-2688/"}, {"api_detail_url": "https://www.giantbomb.com/api/game/3030-22156/", "id": 22156, "name": "Men of War", "site_detail_url": "https://www.giantbomb.com/men-of-war/3030-22156/"}, {"api_detail_url": "https://www.giantbomb.com/api/game/3030-27937/", "id": 27937, "name": "Men Of War: Red Tide", "site_detail_url": "https://www.giantbomb.com/men-of-war-red-tide/3030-27937/"}, {"api_detail_url": "https://www.giantbomb.com/api/game/3030-31579/", "id": 31579, "name": "Men of War: Vietnam", "site_detail_url": "https://www.giantbomb.com/men-of-war-vietnam/3030-31579/"}, {"api_detail_url": "https://www.giantbomb.com/api/game/3030-31580/", "id": 31580, "name": "Men of War: Assault Squad", "site_detail_url": "https://www.giantbomb.com/men-of-war-assault-squad/3030-31580/"}, {"api_detail_url": "https://www.giantbomb.com/api/game/3030-37911/", "id": 37911, "name": "Men of War: Condemned Heroes", "site_detail_url": "https://www.giantbomb.com/men-of-war-condemned-heroes/3030-37911/"}, {"api_detail_url": "https://www.giantbomb.com/api/game/3030-43682/", "id": 43682, "name": "Men of War: Assault Squad 2", "site_detail_url": "https://www.giantbomb.com/men-of-war-assault-squad-2/3030-43682/"}, {"api_detail_url": "https://www.giantbomb.com/api/game/3030-74810/", "id": 74810, "name": "Men of War: Assault Squad 2 - Cold War", "site_detail_url": "https://www.giantbomb.com/men-of-war-assault-squad-2-cold-war/3030-74810/"}, {"api_detail_url": "https://www.giantbomb.com/api/game/3030-84356/", "id": 84356, "name": "Men of War II", "site_detail_url": "https://www.giantbomb.com/men-of-war-ii/3030-84356/"}]}, "version": "1.0"}