{"error": "OK", "limit": 1, "offset": 0, "number_of_page_results": 1, "number_of_total_results": 1, "status_code": 1, "results": {"games": [{"api_detail_url": "https://www.giantbomb.com/api/game/3030-10123/", "id": 10123, "name": "Airport Tycoon", "site_detail_url": "https://www.giantbomb.com/airport-tycoon/3030-10123/"}, {"api_detail_url": "https://www.giantbomb.com/api/game/3030-7126/", "id": 7126, "name": "Airport Tycoon 2", "site_detail_url": "https://www.giantbomb.com/airport-tycoon-2/3030-7126/"}, {"api_detail_url": "https://www.giantbomb.com/api/game/3030-13927/", "id": 13927, "name": "Airport Tycoon 3", "site_detail_url": "https://www.giantbomb.com/airport-tycoon-3/3030-13927/"}]}, "version": "1.0"}