{"error": "OK", "limit": 1, "offset": 0, "number_of_page_results": 1, "number_of_total_results": 1, "status_code": 1, "results": {"games": [{"api_detail_url": "https://www.giantbomb.com/api/game/3030-26055/", "id": 26055, "name": "Cars Supercharged", "site_detail_url": "https://www.giantbomb.com/cars-supercharged/3030-26055/"}, {"api_detail_url": "https://www.giantbomb.com/api/game/3030-8869/", "id": 8869, "name": "Disney/Pixar Cars: Mater-National Championship", "site_detail_url": "https://www.giantbomb.com/disneypixar-cars-mater-national-championship/3030-8869/"}, {"api_detail_url": "https://www.giantbomb.com/api/game/3030-7158/", "id": 7158, "name": "Cars", "site_detail_url": "https://www.giantbomb.com/cars/3030-7158/"}, {"api_detail_url": "https://www.giantbomb.com/api/game/3030-16286/", "id": 16286, "name": "Disney/Pixar Cars: Radiator Springs Adventures", "site_detail_url": "https://www.giantbomb.com/disneypixar-cars-radiator-springs-adventures/3030-16286/"}, {"api_detail_url": "https://www.giantbomb.com/api/game/3030-26850/", "id": 26850, "name": "Cars: Race-O-Rama", "site_detail_url": "https://www.giantbomb.com/cars-race-o-rama/3030-26850/"}, {"api_detail_url": "https://www.giantbomb.com/api/game/3030-21569/", "id": 21569, "name": "Disney/Pixar Cars: Rev It up in Radiator Springs", "site_detail_url": "https://www.giantbomb.com/disneypixar-cars-rev-it-up-in-radiator-springs/3030-21569/"}, {"api_detail_url": "https://www.giantbomb.com/api/game/3030-26054/", "id": 26054, "name": "Cars", "site_detail_url": "https://www.giantbomb.com/cars/3030-26054/"}, {"api_detail_url": "https://www.giantbomb.com/api/game/3030-34172/", "id": 34172, "name": "Cars 2: The Video Game", "site_detail_url": "https://www.giantbomb.com/cars-2-the-video-game/3030-34172/"}, {"api_detail_url": "https://www.giantbomb.com/api/game/3030-42967/", "id": 42967, "name": "Planes", "site_detail_url": "https://www.giantbomb.com/planes/3030-42967/"}, {"api_detail_url": "https://www.giantbomb.com/api/game/3030-46065/", "id": 46065, "name": "Planes: Fire & Rescue", "site_detail_url": "https://www.giantbomb.com/planes-fire-rescue/3030-46065/"}, {"api_detail_url": "https://www.giantbomb.com/api/game/3030-58505/", "id": 58505, "name": "Cars 3: Driven to Win", "site_detail_url": "https://www.giantbomb.com/cars-3-driven-to-win/3030-58505/"}, {"api_detail_url": "https://www.giantbomb.com/api/game/3030-60990/", "id": 60990, "name": "The World of Cars Online", "site_detail_url": "https://www.giantbomb.com/the-world-of-cars-online/3030-60990/"}, {"api_detail_url": "https://www.giantbomb.com/api/game/3030-65294/", "id": 65294, "name": "Cars Toon: Mater's Tall Tales", "site_detail_url": "https://www.giantbomb.com/cars-toon-maters-tall-tales/3030-65294/"}, {"api_detail_url": "https://www.giantbomb.com/api/game/3030-65291/", "id": 65291, "name": "Cars: Fast as Lightning", "site_detail_url": "https://www.giantbomb.com/cars-fast-as-lightning/3030-65291/"}, {"api_detail_url": "https://www.giantbomb.com/api/game/3030-65290/", "id": 65290, "name": "Cars: Lightning League", "site_detail_url": "https://www.giantbomb.com/cars-lightning-league/3030-65290/"}, {"api_detail_url": "https://www.giantbomb.com/api/game/3030-69123/", "id": 69123, "name": "Cars 2", "site_detail_url": "https://www.giantbomb.com/cars-2/3030-69123/"}, {"api_detail_url": "https://www.giantbomb.com/api/game/3030-70980/", "id": 70980, "name": "Cars 2 Racing Beena: Mezase! World Champion!", "site_detail_url": "https://www.giantbomb.com/cars-2-racing-beena-mezase-world-champion/3030-70980/"}]}, "version": "1.0"}