{"error": "OK", "limit": 1, "offset": 0, "number_of_page_results": 1, "number_of_total_results": 1, "status_code": 1, "results": {"games": [{"api_detail_url": "https://www.giantbomb.com/api/game/3030-6/", "id": 6, "name": "WWE SmackDown! vs. RAW 2007", "site_detail_url": "https://www.giantbomb.com/wwe-smackdown-vs-raw-2007/3030-6/"}, {"api_detail_url": "https://www.giantbomb.com/api/game/3030-7552/", "id": 7552, "name": "WWE SmackDown! Shut Your Mouth", "site_detail_url": "https://www.giantbomb.com/wwe-smackdown-shut-your-mouth/3030-7552/"}, {"api_detail_url": "https://www.giantbomb.com/api/game/3030-10338/", "id": 10338, "name": "WWE SmackDown! vs. RAW 2006", "site_detail_url": "https://www.giantbomb.com/wwe-smackdown-vs-raw-2006/3030-10338/"}, {"api_detail_url": "https://www.giantbomb.com/api/game/3030-12592/", "id": 12592, "name": "WWE SmackDown! vs. RAW 2008", "site_detail_url": "https://www.giantbomb.com/wwe-smackdown-vs-raw-2008/3030-12592/"}, {"api_detail_url": "https://www.giantbomb.com/api/game/3030-13393/", "id": 13393, "name": "WWE SmackDown! vs. RAW", "site_detail_url": "https://www.giantbomb.com/wwe-smackdown-vs-raw/3030-13393/"}, {"api_detail_url": "https://www.giantbomb.com/api/game/3030-15815/", "id": 15815, "name": "WWE SmackDown! Here Comes the Pain", "site_detail_url": "https://www.giantbomb.com/wwe-smackdown-here-comes-the-pain/3030-15815/"}, {"api_detail_url": "https://www.giantbomb.com/api/game/3030-20680/", "id": 20680, "name": "WWE SmackDown! vs. RAW 2009", "site_detail_url": "https://www.giantbomb.com/wwe-smackdown-vs-raw-2009/3030-20680/"}, {"api_detail_url": "https://www.giantbomb.com/api/game/3030-17436/", "id": 17436, "name": "WWF SmackDown!", "site_detail_url": "https://www.giantbomb.com/wwf-smackdown/3030-17436/"}, {"api_detail_url": "https://www.giantbomb.com/api/game/3030-17814/", "id": 17814, "name": "WWF SmackDown! 2: Know Your Role", "site_detail_url": "https://www.giantbomb.com/wwf-smackdown-2-know-your-role/3030-17814/"}, {"api_detail_url": "https://www.giantbomb.com/api/game/3030-1696/", "id": 1696, "name": "WWF SmackDown! Just Bring It", "site_detail_url": "https://www.giantbomb.com/wwf-smackdown-just-bring-it/3030-1696/"}, {"api_detail_url": "https://www.giantbomb.com/api/game/3030-26888/", "id": 26888, "name": "WWE SmackDown! vs. RAW 2010", "site_detail_url": "https://www.giantbomb.com/wwe-smackdown-vs-raw-2010/3030-26888/"}, {"api_detail_url": "https://www.giantbomb.com/api/game/3030-31640/", "id": 31640, "name": "WWE SmackDown! vs. RAW 2011", "site_detail_url": "https://www.giantbomb.com/wwe-smackdown-vs-raw-2011/3030-31640/"}]}, "version": "1.0"}