{"error": "OK", "limit": 1, "offset": 0, "number_of_page_results": 1, "number_of_total_results": 1, "status_code": 1, "results": {"games": [{"api_detail_url": "https://www.giantbomb.com/api/game/3030-17061/", "id": 17061, "name": "Lupin the 3rd: Treasure of the Sorcerer King", "site_detail_url": "https://www.giantbomb.com/lupin-the-3rd-treasure-of-the-sorcerer-king/3030-17061/"}, {"api_detail_url": "https://www.giantbomb.com/api/game/3030-23288/", "id": 23288, "name": "Lupin III: Densetsu No Hihou wo Oe!", "site_detail_url": "https://www.giantbomb.com/lupin-iii-densetsu-no-hihou-wo-oe/3030-23288/"}, {"api_detail_url": "https://www.giantbomb.com/api/game/3030-33449/", "id": 33449, "name": "Lupin the 3rd Chronicles", "site_detail_url": "https://www.giantbomb.com/lupin-the-3rd-chronicles/3030-33449/"}, {"api_detail_url": "https://www.giantbomb.com/api/game/3030-33461/", "id": 33461, "name": "Lupin Sansei: Pyramid no Kenja", "site_detail_url": "https://www.giantbomb.com/lupin-sansei-pyramid-no-kenja/3030-33461/"}, {"api_detail_url": "https://www.giantbomb.com/api/game/3030-33462/", "id": 33462, "name": "Lupin III: The Master File", "site_detail_url": "https://www.giantbomb.com/lupin-iii-the-master-file/3030-33462/"}, {"api_detail_url": "https://www.giantbomb.com/api/game/3030-33466/", "id": 33466, "name": "Lupin III: Umi ni Kieta Hihou", "site_detail_url": "https://www.giantbomb.com/lupin-iii-umi-ni-kieta-hihou/3030-33466/"}, {"api_detail_url": "https://www.giantbomb.com/api/game/3030-33467/", "id": 33467, "name": "Lupin Sansei: Shijou Saidai no Zunousen", "site_detail_url": "https://www.giantbomb.com/lupin-sansei-shijou-saidai-no-zunousen/3030-33467/"}, {"api_detail_url": "https://www.giantbomb.com/api/game/3030-33468/", "id": 33468, "name": "Lupin Sansei", "site_detail_url": "https://www.giantbomb.com/lupin-sansei/3030-33468/"}, {"api_detail_url": "https://www.giantbomb.com/api/game/3030-33517/", "id": 33517, "name": "Lupin the Third: Cagliostro no Shiro", "site_detail_url": "https://www.giantbomb.com/lupin-the-third-cagliostro-no-shiro/3030-33517/"}, {"api_detail_url": "https://www.giantbomb.com/api/game/3030-33518/", "id": 33518, "name": "SD Lupin Sansei: Kinko Yaburi Daisakusen", "site_detail_url": "https://www.giantbomb.com/sd-lupin-sansei-kinko-yaburi-daisakusen/3030-33518/"}, {"api_detail_url": "https://www.giantbomb.com/api/game/3030-18849/", "id": 18849, "name": "Cliff Hanger", "site_detail_url": "https://www.giantbomb.com/cliff-hanger/3030-18849/"}, {"api_detail_url": "https://www.giantbomb.com/api/game/3030-33521/", "id": 33521, "name": "Lupin III: Pandora no Isan", "site_detail_url": "https://www.giantbomb.com/lupin-iii-pandora-no-isan/3030-33521/"}, {"api_detail_url": "https://www.giantbomb.com/api/game/3030-33522/", "id": 33522, "name": "Punch the Monkey! Game Edition", "site_detail_url": "https://www.giantbomb.com/punch-the-monkey-game-edition/3030-33522/"}, {"api_detail_url": "https://www.giantbomb.com/api/game/3030-33523/", "id": 33523, "name": "Lupin the 3rd: Babylon no Ougon Densetsu", "site_detail_url": "https://www.giantbomb.com/lupin-the-3rd-babylon-no-ougon-densetsu/3030-33523/"}, {"api_detail_url": "https://www.giantbomb.com/api/game/3030-33525/", "id": 33525, "name": "Lupin III: Columbus no Isan wa Ake ni Somaru", "site_detail_url": "https://www.giantbomb.com/lupin-iii-columbus-no-isan-wa-ake-ni-somaru/3030-33525/"}, {"api_detail_url": "https://www.giantbomb.com/api/game/3030-33526/", "id": 33526, "name": "Lupin III: Lupin Is Dead, Zenigata Is In Love", "site_detail_url": "https://www.giantbomb.com/lupin-iii-lupin-is-dead-zenigata-is-in-love/3030-33526/"}, {"api_detail_url": "https://www.giantbomb.com/api/game/3030-33527/", "id": 33527, "name": "Lupin III", "site_detail_url": "https://www.giantbomb.com/lupin-iii/3030-33527/"}, {"api_detail_url": "https://www.giantbomb.com/api/game/3030-33520/", "id": 33520, "name": "Shuyaku wa Zenigata", "site_detail_url": "https://www.giantbomb.com/shuyaku-wa-zenigata/3030-33520/"}, {"api_detail_url": "https://www.giantbomb.com/api/game/3030-48285/", "id": 48285, "name": "Lupin the 3rd: The Shooting", "site_detail_url": "https://www.giantbomb.com/lupin-the-3rd-the-shooting/3030-48285/"}, {"api_detail_url": "https://www.giantbomb.com/api/game/3030-48287/", "id": 48287, "name": "Lupin the 3rd: The Typing", "site_detail_url": "https://www.giantbomb.com/lupin-the-3rd-the-typing/3030-48287/"}, {"api_detail_url": "https://www.giantbomb.com/api/game/3030-67313/", "id": 67313, "name": "Heiwa Parlor! Pro: Lupin Sansei Special", "site_detail_url": "https://www.giantbomb.com/heiwa-parlor-pro-lupin-sansei-special/3030-67313/"}, {"api_detail_url": "https://www.giantbomb.com/api/game/3030-67320/", "id": 67320, "name": "Heiwa Parlor! Pro: Fujiko ni Omakase Special", "site_detail_url": "https://www.giantbomb.com/heiwa-parlor-pro-fujiko-ni-omakase-special/3030-67320/"}]}, "version": "1.0"}