{"error": "OK", "limit": 1, "offset": 0, "number_of_page_results": 1, "number_of_total_results": 1, "status_code": 1, "results": {"games": [{"api_detail_url": "https://www.giantbomb.com/api/game/3030-23953/", "id": 23953, "name": "Another Code: R - A Journey into Lost Memories", "site_detail_url": "https://www.giantbomb.com/another-code-r-a-journey-into-lost-memories/3030-23953/"}, {"api_detail_url": "https://www.giantbomb.com/api/game/3030-17990/", "id": 17990, "name": "Trace Memory", "site_detail_url": "https://www.giantbomb.com/trace-memory/3030-17990/"}]}, "version": "1.0"}