{"error": "OK", "limit": 1, "offset": 0, "number_of_page_results": 1, "number_of_total_results": 1, "status_code": 1, "results": {"games": [{"api_detail_url": "https://www.giantbomb.com/api/game/3030-2190/", "id": 2190, "name": "Gunstar Heroes", "site_detail_url": "https://www.giantbomb.com/gunstar-heroes/3030-2190/"}, {"api_detail_url": "https://www.giantbomb.com/api/game/3030-11973/", "id": 11973, "name": "Gunstar Super Heroes", "site_detail_url": "https://www.giantbomb.com/gunstar-super-heroes/3030-11973/"}, {"api_detail_url": "https://www.giantbomb.com/api/game/3030-22975/", "id": 22975, "name": "SEGA AGES 2500 Vol. 25: Gunstar Heroes Treasure Box", "site_detail_url": "https://www.giantbomb.com/sega-ages-2500-vol-25-gunstar-heroes-treasure-box/3030-22975/"}]}, "version": "1.0"}