{"error": "OK", "limit": 1, "offset": 0, "number_of_page_results": 1, "number_of_total_results": 1, "status_code": 1, "results": {"games": [{"api_detail_url": "https://www.giantbomb.com/api/game/3030-19033/", "id": 19033, "name": "Towers: Lord Baniff's Deceit", "site_detail_url": "https://www.giantbomb.com/towers-lord-baniffs-deceit/3030-19033/"}, {"api_detail_url": "https://www.giantbomb.com/api/game/3030-1781/", "id": 1781, "name": "Towers II: Plight of the Stargazer", "site_detail_url": "https://www.giantbomb.com/towers-ii-plight-of-the-stargazer/3030-1781/"}]}, "version": "1.0"}