{"error": "OK", "limit": 1, "offset": 0, "number_of_page_results": 1, "number_of_total_results": 1, "status_code": 1, "results": {"games": [{"api_detail_url": "https://www.giantbomb.com/api/game/3030-16811/", "id": 16811, "name": "Imperialism", "site_detail_url": "https://www.giantbomb.com/imperialism/3030-16811/"}, {"api_detail_url": "https://www.giantbomb.com/api/game/3030-16945/", "id": 16945, "name": "Imperialism II: The Age of Exploration", "site_detail_url": "https://www.giantbomb.com/imperialism-ii-the-age-of-exploration/3030-16945/"}]}, "version": "1.0"}