{"error": "OK", "limit": 1, "offset": 0, "number_of_page_results": 1, "number_of_total_results": 1, "status_code": 1, "results": {"games": [{"api_detail_url": "https://www.giantbomb.com/api/game/3030-22068/", "id": 22068, "name": "Master of Illusion Express: Shuffle Games", "site_detail_url": "https://www.giantbomb.com/master-of-illusion-express-shuffle-games/3030-22068/"}, {"api_detail_url": "https://www.giantbomb.com/api/game/3030-22220/", "id": 22220, "name": "Master of Illusion", "site_detail_url": "https://www.giantbomb.com/master-of-illusion/3030-22220/"}, {"api_detail_url": "https://www.giantbomb.com/api/game/3030-10889/", "id": 10889, "name": "Master of Illusion Express: Funny Face", "site_detail_url": "https://www.giantbomb.com/master-of-illusion-express-funny-face/3030-10889/"}, {"api_detail_url": "https://www.giantbomb.com/api/game/3030-25936/", "id": 25936, "name": "Master of Illusion Express: Deep Psyche", "site_detail_url": "https://www.giantbomb.com/master-of-illusion-express-deep-psyche/3030-25936/"}, {"api_detail_url": "https://www.giantbomb.com/api/game/3030-29475/", "id": 29475, "name": "Master of Illusion Express: Matchmaker", "site_detail_url": "https://www.giantbomb.com/master-of-illusion-express-matchmaker/3030-29475/"}]}, "version": "1.0"}