{"error": "OK", "limit": 1, "offset": 0, "number_of_page_results": 1, "number_of_total_results": 1, "status_code": 1, "results": {"games": [{"api_detail_url": "https://www.giantbomb.com/api/game/3030-24190/", "id": 24190, "name": "I did it Mum! 2", "site_detail_url": "https://www.giantbomb.com/i-did-it-mum-2/3030-24190/"}, {"api_detail_url": "https://www.giantbomb.com/api/game/3030-25823/", "id": 25823, "name": "I Did It Mum!: Picture Book", "site_detail_url": "https://www.giantbomb.com/i-did-it-mum-picture-book/3030-25823/"}, {"api_detail_url": "https://www.giantbomb.com/api/game/3030-24189/", "id": 24189, "name": "Smart Boy's Gameroom", "site_detail_url": "https://www.giantbomb.com/smart-boys-gameroom/3030-24189/"}, {"api_detail_url": "https://www.giantbomb.com/api/game/3030-28464/", "id": 28464, "name": "I did it Mum! Spelling", "site_detail_url": "https://www.giantbomb.com/i-did-it-mum-spelling/3030-28464/"}]}, "version": "1.0"}