{"error": "OK", "limit": 1, "offset": 0, "number_of_page_results": 1, "number_of_total_results": 1, "status_code": 1, "results": {"games": [{"api_detail_url": "https://www.giantbomb.com/api/game/3030-20971/", "id": 20971, "name": "Valkyria Chronicles", "site_detail_url": "https://www.giantbomb.com/valkyria-chronicles/3030-20971/"}, {"api_detail_url": "https://www.giantbomb.com/api/game/3030-32689/", "id": 32689, "name": "Senjo no Valkyria 3: Unrecorded Chronicles", "site_detail_url": "https://www.giantbomb.com/senjo-no-valkyria-3-unrecorded-chronicles/3030-32689/"}, {"api_detail_url": "https://www.giantbomb.com/api/game/3030-27388/", "id": 27388, "name": "Valkyria Chronicles II", "site_detail_url": "https://www.giantbomb.com/valkyria-chronicles-ii/3030-27388/"}, {"api_detail_url": "https://www.giantbomb.com/api/game/3030-51568/", "id": 51568, "name": "Valkyria Revolution", "site_detail_url": "https://www.giantbomb.com/valkyria-revolution/3030-51568/"}, {"api_detail_url": "https://www.giantbomb.com/api/game/3030-62693/", "id": 62693, "name": "Valkyria Chronicles 4", "site_detail_url": "https://www.giantbomb.com/valkyria-chronicles-4/3030-62693/"}, {"api_detail_url": "https://www.giantbomb.com/api/game/3030-62724/", "id": 62724, "name": "Senjo no Valkyria DUEL", "site_detail_url": "https://www.giantbomb.com/senjo-no-valkyria-duel/3030-62724/"}]}, "version": "1.0"}