{"error": "OK", "limit": 1, "offset": 0, "number_of_page_results": 1, "number_of_total_results": 1, "status_code": 1, "results": {"games": [{"api_detail_url": "https://www.giantbomb.com/api/game/3030-20414/", "id": 20414, "name": "Agent Hugo: RoboRumble", "site_detail_url": "https://www.giantbomb.com/agent-hugo-roborumble/3030-20414/"}, {"api_detail_url": "https://www.giantbomb.com/api/game/3030-9312/", "id": 9312, "name": "Agent Hugo", "site_detail_url": "https://www.giantbomb.com/agent-hugo/3030-9312/"}, {"api_detail_url": "https://www.giantbomb.com/api/game/3030-26497/", "id": 26497, "name": "Agent Hugo: Hula Holiday", "site_detail_url": "https://www.giantbomb.com/agent-hugo-hula-holiday/3030-26497/"}, {"api_detail_url": "https://www.giantbomb.com/api/game/3030-26496/", "id": 26496, "name": "Agent Hugo: Lemoon Twist", "site_detail_url": "https://www.giantbomb.com/agent-hugo-lemoon-twist/3030-26496/"}, {"api_detail_url": "https://www.giantbomb.com/api/game/3030-4705/", "id": 4705, "name": "Hugo: The Quest for the Sunstones", "site_detail_url": "https://www.giantbomb.com/hugo-the-quest-for-the-sunstones/3030-4705/"}, {"api_detail_url": "https://www.giantbomb.com/api/game/3030-32589/", "id": 32589, "name": "Hugo", "site_detail_url": "https://www.giantbomb.com/hugo/3030-32589/"}, {"api_detail_url": "https://www.giantbomb.com/api/game/3030-32947/", "id": 32947, "name": "Hugo 2", "site_detail_url": "https://www.giantbomb.com/hugo-2/3030-32947/"}, {"api_detail_url": "https://www.giantbomb.com/api/game/3030-32585/", "id": 32585, "name": "Hugo: The Evil Mirror", "site_detail_url": "https://www.giantbomb.com/hugo-the-evil-mirror/3030-32585/"}, {"api_detail_url": "https://www.giantbomb.com/api/game/3030-36891/", "id": 36891, "name": "Hugo in Space", "site_detail_url": "https://www.giantbomb.com/hugo-in-space/3030-36891/"}, {"api_detail_url": "https://www.giantbomb.com/api/game/3030-569/", "id": 569, "name": "The Bugs Bunny Crazy Castle II", "site_detail_url": "https://www.giantbomb.com/the-bugs-bunny-crazy-castle-ii/3030-569/"}, {"api_detail_url": "https://www.giantbomb.com/api/game/3030-39992/", "id": 39992, "name": "Sk\u00e6rmtrolden Hugo", "site_detail_url": "https://www.giantbomb.com/skrmtrolden-hugo/3030-39992/"}, {"api_detail_url": "https://www.giantbomb.com/api/game/3030-39993/", "id": 39993, "name": "Hugo - P\u00e5 Nye Eventyr", "site_detail_url": "https://www.giantbomb.com/hugo-pa-nye-eventyr/3030-39993/"}, {"api_detail_url": "https://www.giantbomb.com/api/game/3030-39994/", "id": 39994, "name": "Hugo - P\u00e5 Nye Eventyr Del 2", "site_detail_url": "https://www.giantbomb.com/hugo-pa-nye-eventyr-del-2/3030-39994/"}, {"api_detail_url": "https://www.giantbomb.com/api/game/3030-39995/", "id": 39995, "name": "Hugo 2", "site_detail_url": "https://www.giantbomb.com/hugo-2/3030-39995/"}, {"api_detail_url": "https://www.giantbomb.com/api/game/3030-39996/", "id": 39996, "name": "Hugo: Black Diamond Fever", "site_detail_url": "https://www.giantbomb.com/hugo-black-diamond-fever/3030-39996/"}, {"api_detail_url": "https://www.giantbomb.com/api/game/3030-39997/", "id": 39997, "name": "Hugo 2 1/2", "site_detail_url": "https://www.giantbomb.com/hugo-2-12/3030-39997/"}, {"api_detail_url": "https://www.giantbomb.com/api/game/3030-39998/", "id": 39998, "name": "Hugo Bukkazoom!", "site_detail_url": "https://www.giantbomb.com/hugo-bukkazoom/3030-39998/"}, {"api_detail_url": "https://www.giantbomb.com/api/game/3030-39999/", "id": 39999, "name": "Hugo 2in1", "site_detail_url": "https://www.giantbomb.com/hugo-2in1/3030-39999/"}, {"api_detail_url": "https://www.giantbomb.com/api/game/3030-40000/", "id": 40000, "name": "Hugo: Magic in the Trollwood", "site_detail_url": "https://www.giantbomb.com/hugo-magic-in-the-trollwood/3030-40000/"}, {"api_detail_url": "https://www.giantbomb.com/api/game/3030-40005/", "id": 40005, "name": "Hugo: Retro Mania", "site_detail_url": "https://www.giantbomb.com/hugo-retro-mania/3030-40005/"}, {"api_detail_url": "https://www.giantbomb.com/api/game/3030-40006/", "id": 40006, "name": "Hugo Safari", "site_detail_url": "https://www.giantbomb.com/hugo-safari/3030-40006/"}, {"api_detail_url": "https://www.giantbomb.com/api/game/3030-40007/", "id": 40007, "name": "Hugo Troll Race", "site_detail_url": "https://www.giantbomb.com/hugo-troll-race/3030-40007/"}, {"api_detail_url": "https://www.giantbomb.com/api/game/3030-49867/", "id": 49867, "name": "Ronaldo & Hugo: Superstar Skaters", "site_detail_url": "https://www.giantbomb.com/ronaldo-hugo-superstar-skaters/3030-49867/"}, {"api_detail_url": "https://www.giantbomb.com/api/game/3030-68060/", "id": 68060, "name": "Hugo Cannon Cruise", "site_detail_url": "https://www.giantbomb.com/hugo-cannon-cruise/3030-68060/"}, {"api_detail_url": "https://www.giantbomb.com/api/game/3030-82728/", "id": 82728, "name": "Hugo", "site_detail_url": "https://www.giantbomb.com/hugo/3030-82728/"}]}, "version": "1.0"}