{"error": "OK", "limit": 1, "offset": 0, "number_of_page_results": 1, "number_of_total_results": 1, "status_code": 1, "results": {"games": [{"api_detail_url": "https://www.giantbomb.com/api/game/3030-21861/", "id": 21861, "name": "TwinBee", "site_detail_url": "https://www.giantbomb.com/twinbee/3030-21861/"}, {"api_detail_url": "https://www.giantbomb.com/api/game/3030-9959/", "id": 9959, "name": "Bells & Whistles", "site_detail_url": "https://www.giantbomb.com/bells-whistles/3030-9959/"}, {"api_detail_url": "https://www.giantbomb.com/api/game/3030-18088/", "id": 18088, "name": "Detana!! TwinBee Yahho! Deluxe Pack", "site_detail_url": "https://www.giantbomb.com/detana-twinbee-yahho-deluxe-pack/3030-18088/"}, {"api_detail_url": "https://www.giantbomb.com/api/game/3030-1190/", "id": 1190, "name": "Pop'n TwinBee", "site_detail_url": "https://www.giantbomb.com/popn-twinbee/3030-1190/"}, {"api_detail_url": "https://www.giantbomb.com/api/game/3030-5149/", "id": 5149, "name": "Twinbee Taisen Puzzle Dama", "site_detail_url": "https://www.giantbomb.com/twinbee-taisen-puzzle-dama/3030-5149/"}, {"api_detail_url": "https://www.giantbomb.com/api/game/3030-5496/", "id": 5496, "name": "Pop'n TwinBee: Rainbow Bell Adventures", "site_detail_url": "https://www.giantbomb.com/pop-n-twinbee-rainbow-bell-adventures/3030-5496/"}, {"api_detail_url": "https://www.giantbomb.com/api/game/3030-18868/", "id": 18868, "name": "Twinbee Portable", "site_detail_url": "https://www.giantbomb.com/twinbee-portable/3030-18868/"}, {"api_detail_url": "https://www.giantbomb.com/api/game/3030-7455/", "id": 7455, "name": "TwinBee 3: Poko Poko Daimaou", "site_detail_url": "https://www.giantbomb.com/twinbee-3-poko-poko-daimaou/3030-7455/"}, {"api_detail_url": "https://www.giantbomb.com/api/game/3030-16079/", "id": 16079, "name": "Stinger", "site_detail_url": "https://www.giantbomb.com/stinger/3030-16079/"}, {"api_detail_url": "https://www.giantbomb.com/api/game/3030-23420/", "id": 23420, "name": "Twin Bee RPG", "site_detail_url": "https://www.giantbomb.com/twin-bee-rpg/3030-23420/"}, {"api_detail_url": "https://www.giantbomb.com/api/game/3030-46301/", "id": 46301, "name": "Pop'n TwinBee", "site_detail_url": "https://www.giantbomb.com/popn-twinbee/3030-46301/"}, {"api_detail_url": "https://www.giantbomb.com/api/game/3030-79794/", "id": 79794, "name": "TwinBee Yahh\u014d! Fushigi no Kuni de Dai Abare!!", "site_detail_url": "https://www.giantbomb.com/twinbee-yahho-fushigi-no-kuni-de-dai-abare/3030-79794/"}]}, "version": "1.0"}