{"error": "OK", "limit": 1, "offset": 0, "number_of_page_results": 1, "number_of_total_results": 1, "status_code": 1, "results": {"games": [{"api_detail_url": "https://www.giantbomb.com/api/game/3030-8379/", "id": 8379, "name": "Rally Cross", "site_detail_url": "https://www.giantbomb.com/rally-cross/3030-8379/"}, {"api_detail_url": "https://www.giantbomb.com/api/game/3030-13945/", "id": 13945, "name": "Rally Cross 2", "site_detail_url": "https://www.giantbomb.com/rally-cross-2/3030-13945/"}]}, "version": "1.0"}