{"error": "OK", "limit": 1, "offset": 0, "number_of_page_results": 1, "number_of_total_results": 1, "status_code": 1, "results": {"games": [{"api_detail_url": "https://www.giantbomb.com/api/game/3030-2073/", "id": 2073, "name": "Street Rod", "site_detail_url": "https://www.giantbomb.com/street-rod/3030-2073/"}, {"api_detail_url": "https://www.giantbomb.com/api/game/3030-14338/", "id": 14338, "name": "Street Rod 2: The Next Generation", "site_detail_url": "https://www.giantbomb.com/street-rod-2-the-next-generation/3030-14338/"}]}, "version": "1.0"}