{"error": "OK", "limit": 1, "offset": 0, "number_of_page_results": 1, "number_of_total_results": 1, "status_code": 1, "results": {"games": [{"api_detail_url": "https://www.giantbomb.com/api/game/3030-23622/", "id": 23622, "name": "Rave Master", "site_detail_url": "https://www.giantbomb.com/rave-master/3030-23622/"}, {"api_detail_url": "https://www.giantbomb.com/api/game/3030-23623/", "id": 23623, "name": "Rave Master: Special Attack Force!", "site_detail_url": "https://www.giantbomb.com/rave-master-special-attack-force/3030-23623/"}, {"api_detail_url": "https://www.giantbomb.com/api/game/3030-25702/", "id": 25702, "name": "Groove Adventure Rave", "site_detail_url": "https://www.giantbomb.com/groove-adventure-rave/3030-25702/"}, {"api_detail_url": "https://www.giantbomb.com/api/game/3030-25704/", "id": 25704, "name": "Groove Adventure Rave: Plue no Daibouken", "site_detail_url": "https://www.giantbomb.com/groove-adventure-rave-plue-no-daibouken/3030-25704/"}, {"api_detail_url": "https://www.giantbomb.com/api/game/3030-25703/", "id": 25703, "name": "Groove Adventure Rave: Mikan no Hiseki", "site_detail_url": "https://www.giantbomb.com/groove-adventure-rave-mikan-no-hiseki/3030-25703/"}, {"api_detail_url": "https://www.giantbomb.com/api/game/3030-25705/", "id": 25705, "name": "Groove Adventure Rave: Hikari to Yami no Daikessen", "site_detail_url": "https://www.giantbomb.com/groove-adventure-rave-hikari-to-yami-no-daikessen/3030-25705/"}, {"api_detail_url": "https://www.giantbomb.com/api/game/3030-42753/", "id": 42753, "name": "Rave: Ultimate Battle", "site_detail_url": "https://www.giantbomb.com/rave-ultimate-battle/3030-42753/"}]}, "version": "1.0"}