{"error": "OK", "limit": 1, "offset": 0, "number_of_page_results": 1, "number_of_total_results": 1, "status_code": 1, "results": {"games": [{"api_detail_url": "https://www.giantbomb.com/api/game/3030-5771/", "id": 5771, "name": "Buck Rogers: Countdown to Doomsday", "site_detail_url": "https://www.giantbomb.com/buck-rogers-countdown-to-doomsday/3030-5771/"}, {"api_detail_url": "https://www.giantbomb.com/api/game/3030-19092/", "id": 19092, "name": "Buck Rogers: Matrix Cubed", "site_detail_url": "https://www.giantbomb.com/buck-rogers-matrix-cubed/3030-19092/"}, {"api_detail_url": "https://www.giantbomb.com/api/game/3030-12285/", "id": 12285, "name": "Buck Rogers: Planet of Zoom", "site_detail_url": "https://www.giantbomb.com/buck-rogers-planet-of-zoom/3030-12285/"}, {"api_detail_url": "https://www.giantbomb.com/api/game/3030-55276/", "id": 55276, "name": "Buck Rogers", "site_detail_url": "https://www.giantbomb.com/buck-rogers/3030-55276/"}]}, "version": "1.0"}