{"error": "OK", "limit": 1, "offset": 0, "number_of_page_results": 1, "number_of_total_results": 1, "status_code": 1, "results": {"games": [{"api_detail_url": "https://www.giantbomb.com/api/game/3030-12990/", "id": 12990, "name": "X-Ray Ball", "site_detail_url": "https://www.giantbomb.com/x-ray-ball/3030-12990/"}, {"api_detail_url": "https://www.giantbomb.com/api/game/3030-386/", "id": 386, "name": "X-Ray Ball: Winter Storm", "site_detail_url": "https://www.giantbomb.com/x-ray-ball-winter-storm/3030-386/"}]}, "version": "1.0"}