{"error": "OK", "limit": 1, "offset": 0, "number_of_page_results": 1, "number_of_total_results": 1, "status_code": 1, "results": {"games": [{"api_detail_url": "https://www.giantbomb.com/api/game/3030-15448/", "id": 15448, "name": "Playboy: The Mansion", "site_detail_url": "https://www.giantbomb.com/playboy-the-mansion/3030-15448/"}, {"api_detail_url": "https://www.giantbomb.com/api/game/3030-26464/", "id": 26464, "name": "Playboy Manager", "site_detail_url": "https://www.giantbomb.com/playboy-manager/3030-26464/"}, {"api_detail_url": "https://www.giantbomb.com/api/game/3030-26980/", "id": 26980, "name": "Playboy the Mansion: Private Party", "site_detail_url": "https://www.giantbomb.com/playboy-the-mansion-private-party/3030-26980/"}, {"api_detail_url": "https://www.giantbomb.com/api/game/3030-26990/", "id": 26990, "name": "Playboy Screensaver: The Women Of Playboy", "site_detail_url": "https://www.giantbomb.com/playboy-screensaver-the-women-of-playboy/3030-26990/"}, {"api_detail_url": "https://www.giantbomb.com/api/game/3030-27340/", "id": 27340, "name": "Playboy", "site_detail_url": "https://www.giantbomb.com/playboy/3030-27340/"}, {"api_detail_url": "https://www.giantbomb.com/api/game/3030-27341/", "id": 27341, "name": "Playboy", "site_detail_url": "https://www.giantbomb.com/playboy/3030-27341/"}, {"api_detail_url": "https://www.giantbomb.com/api/game/3030-27342/", "id": 27342, "name": "Playboy 35th Anniversary", "site_detail_url": "https://www.giantbomb.com/playboy-35th-anniversary/3030-27342/"}, {"api_detail_url": "https://www.giantbomb.com/api/game/3030-55171/", "id": 55171, "name": "Playboy Casino", "site_detail_url": "https://www.giantbomb.com/playboy-casino/3030-55171/"}]}, "version": "1.0"}