{"error": "OK", "limit": 1, "offset": 0, "number_of_page_results": 1, "number_of_total_results": 1, "status_code": 1, "results": {"games": [{"api_detail_url": "https://www.giantbomb.com/api/game/3030-9283/", "id": 9283, "name": "Arcus", "site_detail_url": "https://www.giantbomb.com/arcus/3030-9283/"}, {"api_detail_url": "https://www.giantbomb.com/api/game/3030-15673/", "id": 15673, "name": "Arcus II: Silent Symphony", "site_detail_url": "https://www.giantbomb.com/arcus-ii-silent-symphony/3030-15673/"}, {"api_detail_url": "https://www.giantbomb.com/api/game/3030-8428/", "id": 8428, "name": "Arcus Odyssey", "site_detail_url": "https://www.giantbomb.com/arcus-odyssey/3030-8428/"}, {"api_detail_url": "https://www.giantbomb.com/api/game/3030-25842/", "id": 25842, "name": "Arcus 1-2-3", "site_detail_url": "https://www.giantbomb.com/arcus-1-2-3/3030-25842/"}, {"api_detail_url": "https://www.giantbomb.com/api/game/3030-66343/", "id": 66343, "name": "Arcus III", "site_detail_url": "https://www.giantbomb.com/arcus-iii/3030-66343/"}]}, "version": "1.0"}