{"error": "OK", "limit": 1, "offset": 0, "number_of_page_results": 1, "number_of_total_results": 1, "status_code": 1, "results": {"games": [{"api_detail_url": "https://www.giantbomb.com/api/game/3030-372/", "id": 372, "name": "Aquanoid", "site_detail_url": "https://www.giantbomb.com/aquanoid/3030-372/"}, {"api_detail_url": "https://www.giantbomb.com/api/game/3030-27684/", "id": 27684, "name": "Aquanoid 2", "site_detail_url": "https://www.giantbomb.com/aquanoid-2/3030-27684/"}, {"api_detail_url": "https://www.giantbomb.com/api/game/3030-31263/", "id": 31263, "name": "Aquanoid GOLD", "site_detail_url": "https://www.giantbomb.com/aquanoid-gold/3030-31263/"}, {"api_detail_url": "https://www.giantbomb.com/api/game/3030-31510/", "id": 31510, "name": "Aquanoid 3 - 3D", "site_detail_url": "https://www.giantbomb.com/aquanoid-3-3d/3030-31510/"}]}, "version": "1.0"}