{"error": "OK", "limit": 1, "offset": 0, "number_of_page_results": 1, "number_of_total_results": 1, "status_code": 1, "results": {"games": [{"api_detail_url": "https://www.giantbomb.com/api/game/3030-9028/", "id": 9028, "name": "Trivial Pursuit", "site_detail_url": "https://www.giantbomb.com/trivial-pursuit/3030-9028/"}, {"api_detail_url": "https://www.giantbomb.com/api/game/3030-25771/", "id": 25771, "name": "Trivial Pursuit", "site_detail_url": "https://www.giantbomb.com/trivial-pursuit/3030-25771/"}, {"api_detail_url": "https://www.giantbomb.com/api/game/3030-6855/", "id": 6855, "name": "Trivial Pursuit", "site_detail_url": "https://www.giantbomb.com/trivial-pursuit/3030-6855/"}, {"api_detail_url": "https://www.giantbomb.com/api/game/3030-13696/", "id": 13696, "name": "Trivial Pursuit 2: A New Beginning", "site_detail_url": "https://www.giantbomb.com/trivial-pursuit-2-a-new-beginning/3030-13696/"}, {"api_detail_url": "https://www.giantbomb.com/api/game/3030-2989/", "id": 2989, "name": "Trivial Pursuit: Unhinged", "site_detail_url": "https://www.giantbomb.com/trivial-pursuit-unhinged/3030-2989/"}, {"api_detail_url": "https://www.giantbomb.com/api/game/3030-27470/", "id": 27470, "name": "Trivial Pursuit: NASCAR", "site_detail_url": "https://www.giantbomb.com/trivial-pursuit-nascar/3030-27470/"}, {"api_detail_url": "https://www.giantbomb.com/api/game/3030-33208/", "id": 33208, "name": "Trivial Pursuit: Millennium Edition", "site_detail_url": "https://www.giantbomb.com/trivial-pursuit-millennium-edition/3030-33208/"}, {"api_detail_url": "https://www.giantbomb.com/api/game/3030-47364/", "id": 47364, "name": "Trivial Pursuit", "site_detail_url": "https://www.giantbomb.com/trivial-pursuit/3030-47364/"}, {"api_detail_url": "https://www.giantbomb.com/api/game/3030-48837/", "id": 48837, "name": "Trivial Pursuit Live!", "site_detail_url": "https://www.giantbomb.com/trivial-pursuit-live/3030-48837/"}, {"api_detail_url": "https://www.giantbomb.com/api/game/3030-52488/", "id": 52488, "name": "TRIVIAL PURSUIT & Friends", "site_detail_url": "https://www.giantbomb.com/trivial-pursuit-friends/3030-52488/"}, {"api_detail_url": "https://www.giantbomb.com/api/game/3030-68998/", "id": 68998, "name": "Trivial Pursuit Tap", "site_detail_url": "https://www.giantbomb.com/trivial-pursuit-tap/3030-68998/"}, {"api_detail_url": "https://www.giantbomb.com/api/game/3030-75487/", "id": 75487, "name": "Trivial Pursuit: CD-ROM Edition", "site_detail_url": "https://www.giantbomb.com/trivial-pursuit-cd-rom-edition/3030-75487/"}, {"api_detail_url": "https://www.giantbomb.com/api/game/3030-86090/", "id": 86090, "name": "Trivial Pursuit Live! 2", "site_detail_url": "https://www.giantbomb.com/trivial-pursuit-live-2/3030-86090/"}]}, "version": "1.0"}