{"error": "OK", "limit": 1, "offset": 0, "number_of_page_results": 1, "number_of_total_results": 1, "status_code": 1, "results": {"games": [{"api_detail_url": "https://www.giantbomb.com/api/game/3030-12456/", "id": 12456, "name": "G-Police", "site_detail_url": "https://www.giantbomb.com/g-police/3030-12456/"}, {"api_detail_url": "https://www.giantbomb.com/api/game/3030-3386/", "id": 3386, "name": "G-Police: Weapons of Justice", "site_detail_url": "https://www.giantbomb.com/g-police-weapons-of-justice/3030-3386/"}]}, "version": "1.0"}