{"error": "OK", "limit": 1, "offset": 0, "number_of_page_results": 1, "number_of_total_results": 1, "status_code": 1, "results": {"games": [{"api_detail_url": "https://www.giantbomb.com/api/game/3030-22474/", "id": 22474, "name": "Pirates of the Caribbean Online", "site_detail_url": "https://www.giantbomb.com/pirates-of-the-caribbean-online/3030-22474/"}, {"api_detail_url": "https://www.giantbomb.com/api/game/3030-10459/", "id": 10459, "name": "Disney's Pirates of the Caribbean: At World's End", "site_detail_url": "https://www.giantbomb.com/disneys-pirates-of-the-caribbean-at-worlds-end/3030-10459/"}, {"api_detail_url": "https://www.giantbomb.com/api/game/3030-12533/", "id": 12533, "name": "Pirates of the Caribbean: At World's End", "site_detail_url": "https://www.giantbomb.com/pirates-of-the-caribbean-at-worlds-end/3030-12533/"}, {"api_detail_url": "https://www.giantbomb.com/api/game/3030-4400/", "id": 4400, "name": "Pirates of the Caribbean: Dead Man's Chest", "site_detail_url": "https://www.giantbomb.com/pirates-of-the-caribbean-dead-mans-chest/3030-4400/"}, {"api_detail_url": "https://www.giantbomb.com/api/game/3030-1983/", "id": 1983, "name": "Pirates of the Caribbean", "site_detail_url": "https://www.giantbomb.com/pirates-of-the-caribbean/3030-1983/"}, {"api_detail_url": "https://www.giantbomb.com/api/game/3030-4913/", "id": 4913, "name": "Pirates of the Caribbean: The Legend of Jack Sparrow", "site_detail_url": "https://www.giantbomb.com/pirates-of-the-caribbean-the-legend-of-jack-sparro/3030-4913/"}, {"api_detail_url": "https://www.giantbomb.com/api/game/3030-24111/", "id": 24111, "name": "Pirates of the Caribbean: Aegir's Fire", "site_detail_url": "https://www.giantbomb.com/pirates-of-the-caribbean-aegirs-fire/3030-24111/"}, {"api_detail_url": "https://www.giantbomb.com/api/game/3030-13282/", "id": 13282, "name": "Pirates of the Caribbean: The Curse of the Black Pearl", "site_detail_url": "https://www.giantbomb.com/pirates-of-the-caribbean-the-curse-of-the-black-pe/3030-13282/"}, {"api_detail_url": "https://www.giantbomb.com/api/game/3030-26621/", "id": 26621, "name": "Pirates of the Caribbean: Armada of the Damned", "site_detail_url": "https://www.giantbomb.com/pirates-of-the-caribbean-armada-of-the-damned/3030-26621/"}, {"api_detail_url": "https://www.giantbomb.com/api/game/3030-28759/", "id": 28759, "name": "Pirates of the Caribbean", "site_detail_url": "https://www.giantbomb.com/pirates-of-the-caribbean/3030-28759/"}, {"api_detail_url": "https://www.giantbomb.com/api/game/3030-33207/", "id": 33207, "name": "LEGO Pirates of the Caribbean: The Video Game", "site_detail_url": "https://www.giantbomb.com/lego-pirates-of-the-caribbean-the-video-game/3030-33207/"}, {"api_detail_url": "https://www.giantbomb.com/api/game/3030-37975/", "id": 37975, "name": "Pirates of the Caribbean: Master of the Seas", "site_detail_url": "https://www.giantbomb.com/pirates-of-the-caribbean-master-of-the-seas/3030-37975/"}, {"api_detail_url": "https://www.giantbomb.com/api/game/3030-44751/", "id": 44751, "name": "Pirates Of The Caribbean: Isles Of War", "site_detail_url": "https://www.giantbomb.com/pirates-of-the-caribbean-isles-of-war/3030-44751/"}, {"api_detail_url": "https://www.giantbomb.com/api/game/3030-67579/", "id": 67579, "name": "Pirates of the Caribbean: Tides of War", "site_detail_url": "https://www.giantbomb.com/pirates-of-the-caribbean-tides-of-war/3030-67579/"}]}, "version": "1.0"}