{"error": "OK", "limit": 1, "offset": 0, "number_of_page_results": 1, "number_of_total_results": 1, "status_code": 1, "results": {"games": [{"api_detail_url": "https://www.giantbomb.com/api/game/3030-13087/", "id": 13087, "name": "X-Men: Legends", "site_detail_url": "https://www.giantbomb.com/x-men-legends/3030-13087/"}, {"api_detail_url": "https://www.giantbomb.com/api/game/3030-7676/", "id": 7676, "name": "X-Men: Legends II - Rise of Apocalypse", "site_detail_url": "https://www.giantbomb.com/x-men-legends-ii-rise-of-apocalypse/3030-7676/"}]}, "version": "1.0"}