{"error": "OK", "limit": 1, "offset": 0, "number_of_page_results": 1, "number_of_total_results": 1, "status_code": 1, "results": {"games": [{"api_detail_url": "https://www.giantbomb.com/api/game/3030-1304/", "id": 1304, "name": "Age of Pirates: Caribbean Tales", "site_detail_url": "https://www.giantbomb.com/age-of-pirates-caribbean-tales/3030-1304/"}, {"api_detail_url": "https://www.giantbomb.com/api/game/3030-20981/", "id": 20981, "name": "Age of Pirates: Captain Blood", "site_detail_url": "https://www.giantbomb.com/age-of-pirates-captain-blood/3030-20981/"}, {"api_detail_url": "https://www.giantbomb.com/api/game/3030-25963/", "id": 25963, "name": "Age of Pirates 2: City of Abandoned Ships", "site_detail_url": "https://www.giantbomb.com/age-of-pirates-2-city-of-abandoned-ships/3030-25963/"}, {"api_detail_url": "https://www.giantbomb.com/api/game/3030-19204/", "id": 19204, "name": "Sea Dogs", "site_detail_url": "https://www.giantbomb.com/sea-dogs/3030-19204/"}, {"api_detail_url": "https://www.giantbomb.com/api/game/3030-1983/", "id": 1983, "name": "Pirates of the Caribbean", "site_detail_url": "https://www.giantbomb.com/pirates-of-the-caribbean/3030-1983/"}]}, "version": "1.0"}