{"error": "OK", "limit": 1, "offset": 0, "number_of_page_results": 1, "number_of_total_results": 1, "status_code": 1, "results": {"games": [{"api_detail_url": "https://www.giantbomb.com/api/game/3030-16614/", "id": 16614, "name": "Ragnarok Online", "site_detail_url": "https://www.giantbomb.com/ragnarok-online/3030-16614/"}, {"api_detail_url": "https://www.giantbomb.com/api/game/3030-24232/", "id": 24232, "name": "Ragnarok DS", "site_detail_url": "https://www.giantbomb.com/ragnarok-ds/3030-24232/"}, {"api_detail_url": "https://www.giantbomb.com/api/game/3030-27230/", "id": 27230, "name": "Ragnarok Battle Offline", "site_detail_url": "https://www.giantbomb.com/ragnarok-battle-offline/3030-27230/"}, {"api_detail_url": "https://www.giantbomb.com/api/game/3030-27241/", "id": 27241, "name": "Ragnarok Battle Offline: Extra Scenario 1", "site_detail_url": "https://www.giantbomb.com/ragnarok-battle-offline-extra-scenario-1/3030-27241/"}, {"api_detail_url": "https://www.giantbomb.com/api/game/3030-27242/", "id": 27242, "name": "Ragnarok Battle Offline: Extra Scenario 2", "site_detail_url": "https://www.giantbomb.com/ragnarok-battle-offline-extra-scenario-2/3030-27242/"}, {"api_detail_url": "https://www.giantbomb.com/api/game/3030-27243/", "id": 27243, "name": "Ragnarok Battle Offline: Extra Scenario 3", "site_detail_url": "https://www.giantbomb.com/ragnarok-battle-offline-extra-scenario-3/3030-27243/"}, {"api_detail_url": "https://www.giantbomb.com/api/game/3030-36422/", "id": 36422, "name": "Ragnarok Odyssey", "site_detail_url": "https://www.giantbomb.com/ragnarok-odyssey/3030-36422/"}, {"api_detail_url": "https://www.giantbomb.com/api/game/3030-39125/", "id": 39125, "name": "Ragnarok Tactics", "site_detail_url": "https://www.giantbomb.com/ragnarok-tactics/3030-39125/"}, {"api_detail_url": "https://www.giantbomb.com/api/game/3030-42031/", "id": 42031, "name": "Ragnarok Online: Valkyrie Uprising", "site_detail_url": "https://www.giantbomb.com/ragnarok-online-valkyrie-uprising/3030-42031/"}, {"api_detail_url": "https://www.giantbomb.com/api/game/3030-42038/", "id": 42038, "name": "Angel Poring", "site_detail_url": "https://www.giantbomb.com/angel-poring/3030-42038/"}, {"api_detail_url": "https://www.giantbomb.com/api/game/3030-42037/", "id": 42037, "name": "Ragnarok Violet", "site_detail_url": "https://www.giantbomb.com/ragnarok-violet/3030-42037/"}, {"api_detail_url": "https://www.giantbomb.com/api/game/3030-42715/", "id": 42715, "name": "Ragnarok Odyssey Ace", "site_detail_url": "https://www.giantbomb.com/ragnarok-odyssey-ace/3030-42715/"}, {"api_detail_url": "https://www.giantbomb.com/api/game/3030-48151/", "id": 48151, "name": "Ragnarok: Path of Heroes", "site_detail_url": "https://www.giantbomb.com/ragnarok-path-of-heroes/3030-48151/"}, {"api_detail_url": "https://www.giantbomb.com/api/game/3030-54958/", "id": 54958, "name": "Ragnarok Clicker", "site_detail_url": "https://www.giantbomb.com/ragnarok-clicker/3030-54958/"}, {"api_detail_url": "https://www.giantbomb.com/api/game/3030-59426/", "id": 59426, "name": "Ragnarok M: Eternal Love", "site_detail_url": "https://www.giantbomb.com/ragnarok-m-eternal-love/3030-59426/"}, {"api_detail_url": "https://www.giantbomb.com/api/game/3030-85893/", "id": 85893, "name": "Ragnarok: The Lost Memories", "site_detail_url": "https://www.giantbomb.com/ragnarok-the-lost-memories/3030-85893/"}]}, "version": "1.0"}