{"error": "OK", "limit": 1, "offset": 0, "number_of_page_results": 1, "number_of_total_results": 1, "status_code": 1, "results": {"games": [{"api_detail_url": "https://www.giantbomb.com/api/game/3030-20830/", "id": 20830, "name": "Zoids Assault", "site_detail_url": "https://www.giantbomb.com/zoids-assault/3030-20830/"}, {"api_detail_url": "https://www.giantbomb.com/api/game/3030-1342/", "id": 1342, "name": "Zoids: Legacy", "site_detail_url": "https://www.giantbomb.com/zoids-legacy/3030-1342/"}, {"api_detail_url": "https://www.giantbomb.com/api/game/3030-13944/", "id": 13944, "name": "Zoids: Battle Legends", "site_detail_url": "https://www.giantbomb.com/zoids-battle-legends/3030-13944/"}, {"api_detail_url": "https://www.giantbomb.com/api/game/3030-26592/", "id": 26592, "name": "Zoids Infinity EX NEO", "site_detail_url": "https://www.giantbomb.com/zoids-infinity-ex-neo/3030-26592/"}, {"api_detail_url": "https://www.giantbomb.com/api/game/3030-32735/", "id": 32735, "name": "Zoids 2: Zenebasu no Gyakushuu", "site_detail_url": "https://www.giantbomb.com/zoids-2-zenebasu-no-gyakushuu/3030-32735/"}, {"api_detail_url": "https://www.giantbomb.com/api/game/3030-32736/", "id": 32736, "name": "Zoids: Mokushiroku", "site_detail_url": "https://www.giantbomb.com/zoids-mokushiroku/3030-32736/"}, {"api_detail_url": "https://www.giantbomb.com/api/game/3030-39590/", "id": 39590, "name": "Zoids: Chuuou Tairiku no Tatakai", "site_detail_url": "https://www.giantbomb.com/zoids-chuuou-tairiku-no-tatakai/3030-39590/"}, {"api_detail_url": "https://www.giantbomb.com/api/game/3030-51469/", "id": 51469, "name": "Zoids: The Battle Begins", "site_detail_url": "https://www.giantbomb.com/zoids-the-battle-begins/3030-51469/"}, {"api_detail_url": "https://www.giantbomb.com/api/game/3030-53789/", "id": 53789, "name": "Zoids Saga DS: Legend of Arcadia", "site_detail_url": "https://www.giantbomb.com/zoids-saga-ds-legend-of-arcadia/3030-53789/"}, {"api_detail_url": "https://www.giantbomb.com/api/game/3030-58177/", "id": 58177, "name": "Zoids Densetsu", "site_detail_url": "https://www.giantbomb.com/zoids-densetsu/3030-58177/"}, {"api_detail_url": "https://www.giantbomb.com/api/game/3030-59150/", "id": 59150, "name": "Zoids Struggle", "site_detail_url": "https://www.giantbomb.com/zoids-struggle/3030-59150/"}, {"api_detail_url": "https://www.giantbomb.com/api/game/3030-72756/", "id": 72756, "name": "Zoids Wild: Blast Unleashed", "site_detail_url": "https://www.giantbomb.com/zoids-wild-blast-unleashed/3030-72756/"}, {"api_detail_url": "https://www.giantbomb.com/api/game/3030-84014/", "id": 84014, "name": "Zoids:Battle Colosseum", "site_detail_url": "https://www.giantbomb.com/zoidsbattle-colosseum/3030-84014/"}, {"api_detail_url": "https://www.giantbomb.com/api/game/3030-85591/", "id": 85591, "name": "Zoids Wild: Infinity Blast", "site_detail_url": "https://www.giantbomb.com/zoids-wild-infinity-blast/3030-85591/"}]}, "version": "1.0"}