{"error": "OK", "limit": 1, "offset": 0, "number_of_page_results": 1, "number_of_total_results": 1, "status_code": 1, "results": {"games": [{"api_detail_url": "https://www.giantbomb.com/api/game/3030-25374/", "id": 25374, "name": "Spectrobes: Origins", "site_detail_url": "https://www.giantbomb.com/spectrobes-origins/3030-25374/"}, {"api_detail_url": "https://www.giantbomb.com/api/game/3030-18602/", "id": 18602, "name": "Spectrobes", "site_detail_url": "https://www.giantbomb.com/spectrobes/3030-18602/"}, {"api_detail_url": "https://www.giantbomb.com/api/game/3030-21159/", "id": 21159, "name": "Spectrobes: Beyond The Portals", "site_detail_url": "https://www.giantbomb.com/spectrobes-beyond-the-portals/3030-21159/"}]}, "version": "1.0"}