{"error": "OK", "limit": 1, "offset": 0, "number_of_page_results": 1, "number_of_total_results": 1, "status_code": 1, "results": {"games": [{"api_detail_url": "https://www.giantbomb.com/api/game/3030-25105/", "id": 25105, "name": "Drakensang: The Dark Eye", "site_detail_url": "https://www.giantbomb.com/drakensang-the-dark-eye/3030-25105/"}, {"api_detail_url": "https://www.giantbomb.com/api/game/3030-19709/", "id": 19709, "name": "Realms of Arkania: Blade of Destiny", "site_detail_url": "https://www.giantbomb.com/realms-of-arkania-blade-of-destiny/3030-19709/"}, {"api_detail_url": "https://www.giantbomb.com/api/game/3030-1005/", "id": 1005, "name": "Realms of Arkania Vol. 2: Star Trail", "site_detail_url": "https://www.giantbomb.com/realms-of-arkania-vol-2-star-trail/3030-1005/"}, {"api_detail_url": "https://www.giantbomb.com/api/game/3030-7868/", "id": 7868, "name": "Realms of Arkania III: Shadows over Riva", "site_detail_url": "https://www.giantbomb.com/realms-of-arkania-iii-shadows-over-riva/3030-7868/"}, {"api_detail_url": "https://www.giantbomb.com/api/game/3030-27970/", "id": 27970, "name": "Drakensang: The River of Time", "site_detail_url": "https://www.giantbomb.com/drakensang-the-river-of-time/3030-27970/"}, {"api_detail_url": "https://www.giantbomb.com/api/game/3030-35137/", "id": 35137, "name": "Drakensang: Phileasson's Secret", "site_detail_url": "https://www.giantbomb.com/drakensang-phileassons-secret/3030-35137/"}, {"api_detail_url": "https://www.giantbomb.com/api/game/3030-36128/", "id": 36128, "name": "The Dark Eye: Demonicon", "site_detail_url": "https://www.giantbomb.com/the-dark-eye-demonicon/3030-36128/"}, {"api_detail_url": "https://www.giantbomb.com/api/game/3030-37503/", "id": 37503, "name": "The Dark Eye: Chains of Satinav", "site_detail_url": "https://www.giantbomb.com/the-dark-eye-chains-of-satinav/3030-37503/"}, {"api_detail_url": "https://www.giantbomb.com/api/game/3030-43417/", "id": 43417, "name": "Realms of Arkania: Blade of Destiny", "site_detail_url": "https://www.giantbomb.com/realms-of-arkania-blade-of-destiny/3030-43417/"}, {"api_detail_url": "https://www.giantbomb.com/api/game/3030-43556/", "id": 43556, "name": "The Dark Eye: Memoria", "site_detail_url": "https://www.giantbomb.com/the-dark-eye-memoria/3030-43556/"}, {"api_detail_url": "https://www.giantbomb.com/api/game/3030-70881/", "id": 70881, "name": "Realms of Arkania: Star Trail", "site_detail_url": "https://www.giantbomb.com/realms-of-arkania-star-trail/3030-70881/"}, {"api_detail_url": "https://www.giantbomb.com/api/game/3030-78857/", "id": 78857, "name": "The Dark Eye : Book of Heroes", "site_detail_url": "https://www.giantbomb.com/the-dark-eye-book-of-heroes/3030-78857/"}, {"api_detail_url": "https://www.giantbomb.com/api/game/3030-86240/", "id": 86240, "name": "Forgotten Fables: Wolves on the Westwind", "site_detail_url": "https://www.giantbomb.com/forgotten-fables-wolves-on-the-westwind/3030-86240/"}]}, "version": "1.0"}