{"error": "OK", "limit": 1, "offset": 0, "number_of_page_results": 1, "number_of_total_results": 1, "status_code": 1, "results": {"games": [{"api_detail_url": "https://www.giantbomb.com/api/game/3030-27405/", "id": 27405, "name": "Anime Freak FX Vol. 2", "site_detail_url": "https://www.giantbomb.com/anime-freak-fx-vol-2/3030-27405/"}, {"api_detail_url": "https://www.giantbomb.com/api/game/3030-27406/", "id": 27406, "name": "Anime Freak FX Vol. 3", "site_detail_url": "https://www.giantbomb.com/anime-freak-fx-vol-3/3030-27406/"}, {"api_detail_url": "https://www.giantbomb.com/api/game/3030-27407/", "id": 27407, "name": "Anime Freak FX Vol. 4", "site_detail_url": "https://www.giantbomb.com/anime-freak-fx-vol-4/3030-27407/"}, {"api_detail_url": "https://www.giantbomb.com/api/game/3030-27408/", "id": 27408, "name": "Anime Freak FX Vol. 5", "site_detail_url": "https://www.giantbomb.com/anime-freak-fx-vol-5/3030-27408/"}, {"api_detail_url": "https://www.giantbomb.com/api/game/3030-27409/", "id": 27409, "name": "Anime Freak FX Vol. 6", "site_detail_url": "https://www.giantbomb.com/anime-freak-fx-vol-6/3030-27409/"}, {"api_detail_url": "https://www.giantbomb.com/api/game/3030-27404/", "id": 27404, "name": "Anime Freak FX Vol. 1", "site_detail_url": "https://www.giantbomb.com/anime-freak-fx-vol-1/3030-27404/"}]}, "version": "1.0"}