{"error": "OK", "limit": 1, "offset": 0, "number_of_page_results": 1, "number_of_total_results": 1, "status_code": 1, "results": {"games": [{"api_detail_url": "https://www.giantbomb.com/api/game/3030-7280/", "id": 7280, "name": "SwordQuest: WaterWorld", "site_detail_url": "https://www.giantbomb.com/swordquest-waterworld/3030-7280/"}, {"api_detail_url": "https://www.giantbomb.com/api/game/3030-8228/", "id": 8228, "name": "SwordQuest: EarthWorld", "site_detail_url": "https://www.giantbomb.com/swordquest-earthworld/3030-8228/"}, {"api_detail_url": "https://www.giantbomb.com/api/game/3030-479/", "id": 479, "name": "SwordQuest: FireWorld", "site_detail_url": "https://www.giantbomb.com/swordquest-fireworld/3030-479/"}, {"api_detail_url": "https://www.giantbomb.com/api/game/3030-29130/", "id": 29130, "name": "SwordQuest: AirWorld", "site_detail_url": "https://www.giantbomb.com/swordquest-airworld/3030-29130/"}]}, "version": "1.0"}