{"error": "OK", "limit": 1, "offset": 0, "number_of_page_results": 1, "number_of_total_results": 1, "status_code": 1, "results": {"games": [{"api_detail_url": "https://www.giantbomb.com/api/game/3030-4858/", "id": 4858, "name": "NBA Inside Drive 2000", "site_detail_url": "https://www.giantbomb.com/nba-inside-drive-2000/3030-4858/"}, {"api_detail_url": "https://www.giantbomb.com/api/game/3030-19999/", "id": 19999, "name": "NBA Inside Drive 2004", "site_detail_url": "https://www.giantbomb.com/nba-inside-drive-2004/3030-19999/"}, {"api_detail_url": "https://www.giantbomb.com/api/game/3030-20281/", "id": 20281, "name": "NBA Inside Drive 2002", "site_detail_url": "https://www.giantbomb.com/nba-inside-drive-2002/3030-20281/"}, {"api_detail_url": "https://www.giantbomb.com/api/game/3030-17910/", "id": 17910, "name": "NBA Inside Drive 2003", "site_detail_url": "https://www.giantbomb.com/nba-inside-drive-2003/3030-17910/"}]}, "version": "1.0"}