{"error": "OK", "limit": 1, "offset": 0, "number_of_page_results": 1, "number_of_total_results": 1, "status_code": 1, "results": {"games": [{"api_detail_url": "https://www.giantbomb.com/api/game/3030-27841/", "id": 27841, "name": "G.G Series: Energy Chain", "site_detail_url": "https://www.giantbomb.com/gg-series-energy-chain/3030-27841/"}, {"api_detail_url": "https://www.giantbomb.com/api/game/3030-27842/", "id": 27842, "name": "G.G Series: Conveyor Konpou", "site_detail_url": "https://www.giantbomb.com/gg-series-conveyor-konpou/3030-27842/"}, {"api_detail_url": "https://www.giantbomb.com/api/game/3030-28133/", "id": 28133, "name": "G.G Series Wonder Land", "site_detail_url": "https://www.giantbomb.com/gg-series-wonder-land/3030-28133/"}, {"api_detail_url": "https://www.giantbomb.com/api/game/3030-28134/", "id": 28134, "name": "G.G Series Z.ONE", "site_detail_url": "https://www.giantbomb.com/gg-series-zone/3030-28134/"}, {"api_detail_url": "https://www.giantbomb.com/api/game/3030-28986/", "id": 28986, "name": "G.G. Series: Ninja Karakuri Den", "site_detail_url": "https://www.giantbomb.com/gg-series-ninja-karakuri-den/3030-28986/"}, {"api_detail_url": "https://www.giantbomb.com/api/game/3030-28987/", "id": 28987, "name": "G.G. Series: Shin Hero Ouga", "site_detail_url": "https://www.giantbomb.com/gg-series-shin-hero-ouga/3030-28987/"}, {"api_detail_url": "https://www.giantbomb.com/api/game/3030-29859/", "id": 29859, "name": "G.G Series: Vertex", "site_detail_url": "https://www.giantbomb.com/gg-series-vertex/3030-29859/"}, {"api_detail_url": "https://www.giantbomb.com/api/game/3030-29860/", "id": 29860, "name": "G.G Series: D-Tank", "site_detail_url": "https://www.giantbomb.com/gg-series-d-tank/3030-29860/"}, {"api_detail_url": "https://www.giantbomb.com/api/game/3030-29861/", "id": 29861, "name": "G.G Series: Tetsubou", "site_detail_url": "https://www.giantbomb.com/gg-series-tetsubou/3030-29861/"}, {"api_detail_url": "https://www.giantbomb.com/api/game/3030-29862/", "id": 29862, "name": "G.G Series: Drift Circuit", "site_detail_url": "https://www.giantbomb.com/gg-series-drift-circuit/3030-29862/"}, {"api_detail_url": "https://www.giantbomb.com/api/game/3030-29863/", "id": 29863, "name": "G.G Series Black x Block", "site_detail_url": "https://www.giantbomb.com/gg-series-black-x-block/3030-29863/"}, {"api_detail_url": "https://www.giantbomb.com/api/game/3030-29864/", "id": 29864, "name": "G.G Series: Drilling Attack", "site_detail_url": "https://www.giantbomb.com/gg-series-drilling-attack/3030-29864/"}, {"api_detail_url": "https://www.giantbomb.com/api/game/3030-29865/", "id": 29865, "name": "G.G Series: Dark Spirits", "site_detail_url": "https://www.giantbomb.com/gg-series-dark-spirits/3030-29865/"}, {"api_detail_url": "https://www.giantbomb.com/api/game/3030-29867/", "id": 29867, "name": "G.G Series: Assault Buster", "site_detail_url": "https://www.giantbomb.com/gg-series-assault-buster/3030-29867/"}, {"api_detail_url": "https://www.giantbomb.com/api/game/3030-30065/", "id": 30065, "name": "G.G. Series: Throw Out", "site_detail_url": "https://www.giantbomb.com/gg-series-throw-out/3030-30065/"}, {"api_detail_url": "https://www.giantbomb.com/api/game/3030-30066/", "id": 30066, "name": "G.G. Series: Exciting River", "site_detail_url": "https://www.giantbomb.com/gg-series-exciting-river/3030-30066/"}, {"api_detail_url": "https://www.giantbomb.com/api/game/3030-30174/", "id": 30174, "name": "G.G Series Collection Plus", "site_detail_url": "https://www.giantbomb.com/gg-series-collection-plus/3030-30174/"}, {"api_detail_url": "https://www.giantbomb.com/api/game/3030-50179/", "id": 50179, "name": "G.G Series: Air Pinball Hockey", "site_detail_url": "https://www.giantbomb.com/gg-series-air-pinball-hockey/3030-50179/"}, {"api_detail_url": "https://www.giantbomb.com/api/game/3030-50181/", "id": 50181, "name": "G.G Series: Run & Strike", "site_detail_url": "https://www.giantbomb.com/gg-series-run-strike/3030-50181/"}]}, "version": "1.0"}