{"error": "OK", "limit": 1, "offset": 0, "number_of_page_results": 1, "number_of_total_results": 1, "status_code": 1, "results": {"games": [{"api_detail_url": "https://www.giantbomb.com/api/game/3030-4152/", "id": 4152, "name": "Military Madness", "site_detail_url": "https://www.giantbomb.com/military-madness/3030-4152/"}, {"api_detail_url": "https://www.giantbomb.com/api/game/3030-2768/", "id": 2768, "name": "Nectaris", "site_detail_url": "https://www.giantbomb.com/nectaris/3030-2768/"}, {"api_detail_url": "https://www.giantbomb.com/api/game/3030-25656/", "id": 25656, "name": "Military Madness: Nectaris", "site_detail_url": "https://www.giantbomb.com/military-madness-nectaris/3030-25656/"}, {"api_detail_url": "https://www.giantbomb.com/api/game/3030-39904/", "id": 39904, "name": "Neo Nectaris", "site_detail_url": "https://www.giantbomb.com/neo-nectaris/3030-39904/"}]}, "version": "1.0"}