{"error": "OK", "limit": 1, "offset": 0, "number_of_page_results": 1, "number_of_total_results": 1, "status_code": 1, "results": {"games": [{"api_detail_url": "https://www.giantbomb.com/api/game/3030-23346/", "id": 23346, "name": "The Godfather II", "site_detail_url": "https://www.giantbomb.com/the-godfather-ii/3030-23346/"}, {"api_detail_url": "https://www.giantbomb.com/api/game/3030-2486/", "id": 2486, "name": "The Godfather: The Action Game", "site_detail_url": "https://www.giantbomb.com/the-godfather-the-action-game/3030-2486/"}, {"api_detail_url": "https://www.giantbomb.com/api/game/3030-22320/", "id": 22320, "name": "The Godfather: Mob Wars", "site_detail_url": "https://www.giantbomb.com/the-godfather-mob-wars/3030-22320/"}, {"api_detail_url": "https://www.giantbomb.com/api/game/3030-13540/", "id": 13540, "name": "The Godfather: The Game", "site_detail_url": "https://www.giantbomb.com/the-godfather-the-game/3030-13540/"}, {"api_detail_url": "https://www.giantbomb.com/api/game/3030-66530/", "id": 66530, "name": "The Godfather: Family Dynasty", "site_detail_url": "https://www.giantbomb.com/the-godfather-family-dynasty/3030-66530/"}]}, "version": "1.0"}