{"error": "OK", "limit": 1, "offset": 0, "number_of_page_results": 1, "number_of_total_results": 1, "status_code": 1, "results": {"games": [{"api_detail_url": "https://www.giantbomb.com/api/game/3030-7251/", "id": 7251, "name": "UMS: The Universal Military Simulator", "site_detail_url": "https://www.giantbomb.com/ums-the-universal-military-simulator/3030-7251/"}, {"api_detail_url": "https://www.giantbomb.com/api/game/3030-8385/", "id": 8385, "name": "UMS II: Nations at War", "site_detail_url": "https://www.giantbomb.com/ums-ii-nations-at-war/3030-8385/"}]}, "version": "1.0"}