{"error": "OK", "limit": 1, "offset": 0, "number_of_page_results": 1, "number_of_total_results": 1, "status_code": 1, "results": {"games": [{"api_detail_url": "https://www.giantbomb.com/api/game/3030-27905/", "id": 27905, "name": "Konami Kids Playground: Alphabet Circus", "site_detail_url": "https://www.giantbomb.com/konami-kids-playground-alphabet-circus/3030-27905/"}, {"api_detail_url": "https://www.giantbomb.com/api/game/3030-27906/", "id": 27906, "name": "Konami Kids Playground: Dinosaurs Shapes and Colors", "site_detail_url": "https://www.giantbomb.com/konami-kids-playground-dinosaurs-shapes-and-colors/3030-27906/"}, {"api_detail_url": "https://www.giantbomb.com/api/game/3030-27907/", "id": 27907, "name": "Konami Kids Playground: Frogger Hop, Skip & Jumpin' Fun", "site_detail_url": "https://www.giantbomb.com/konami-kids-playground-frogger-hop-skip-jumpin-fun/3030-27907/"}, {"api_detail_url": "https://www.giantbomb.com/api/game/3030-27908/", "id": 27908, "name": "Konami Kids Playground: Toy Pals Fun with Numbers", "site_detail_url": "https://www.giantbomb.com/konami-kids-playground-toy-pals-fun-with-numbers/3030-27908/"}]}, "version": "1.0"}