{"error": "OK", "limit": 1, "offset": 0, "number_of_page_results": 1, "number_of_total_results": 1, "status_code": 1, "results": {"games": [{"api_detail_url": "https://www.giantbomb.com/api/game/3030-16644/", "id": 16644, "name": "Triplane Turmoil II", "site_detail_url": "https://www.giantbomb.com/triplane-turmoil-ii/3030-16644/"}, {"api_detail_url": "https://www.giantbomb.com/api/game/3030-18357/", "id": 18357, "name": "Triplane Turmoil", "site_detail_url": "https://www.giantbomb.com/triplane-turmoil/3030-18357/"}]}, "version": "1.0"}