{"error": "OK", "limit": 1, "offset": 0, "number_of_page_results": 1, "number_of_total_results": 1, "status_code": 1, "results": {"games": [{"api_detail_url": "https://www.giantbomb.com/api/game/3030-5084/", "id": 5084, "name": "S.W.I.V.", "site_detail_url": "https://www.giantbomb.com/swiv/3030-5084/"}, {"api_detail_url": "https://www.giantbomb.com/api/game/3030-1450/", "id": 1450, "name": "Firepower 2000", "site_detail_url": "https://www.giantbomb.com/firepower-2000/3030-1450/"}, {"api_detail_url": "https://www.giantbomb.com/api/game/3030-528/", "id": 528, "name": "SWIV 3D", "site_detail_url": "https://www.giantbomb.com/swiv-3d/3030-528/"}]}, "version": "1.0"}