{"error": "OK", "limit": 1, "offset": 0, "number_of_page_results": 1, "number_of_total_results": 1, "status_code": 1, "results": {"games": [{"api_detail_url": "https://www.giantbomb.com/api/game/3030-12757/", "id": 12757, "name": "Tropico", "site_detail_url": "https://www.giantbomb.com/tropico/3030-12757/"}, {"api_detail_url": "https://www.giantbomb.com/api/game/3030-7965/", "id": 7965, "name": "Tropico 2: Pirate Cove", "site_detail_url": "https://www.giantbomb.com/tropico-2-pirate-cove/3030-7965/"}, {"api_detail_url": "https://www.giantbomb.com/api/game/3030-16757/", "id": 16757, "name": "Tropico: Paradise Island", "site_detail_url": "https://www.giantbomb.com/tropico-paradise-island/3030-16757/"}, {"api_detail_url": "https://www.giantbomb.com/api/game/3030-24458/", "id": 24458, "name": "Tropico 3", "site_detail_url": "https://www.giantbomb.com/tropico-3/3030-24458/"}, {"api_detail_url": "https://www.giantbomb.com/api/game/3030-30573/", "id": 30573, "name": "Tropico 3: Absolute Power", "site_detail_url": "https://www.giantbomb.com/tropico-3-absolute-power/3030-30573/"}, {"api_detail_url": "https://www.giantbomb.com/api/game/3030-32326/", "id": 32326, "name": "Tropico 4", "site_detail_url": "https://www.giantbomb.com/tropico-4/3030-32326/"}, {"api_detail_url": "https://www.giantbomb.com/api/game/3030-39100/", "id": 39100, "name": "Tropico 4 Modern Times", "site_detail_url": "https://www.giantbomb.com/tropico-4-modern-times/3030-39100/"}, {"api_detail_url": "https://www.giantbomb.com/api/game/3030-43535/", "id": 43535, "name": "Tropico 5", "site_detail_url": "https://www.giantbomb.com/tropico-5/3030-43535/"}, {"api_detail_url": "https://www.giantbomb.com/api/game/3030-59929/", "id": 59929, "name": "Tropico 6", "site_detail_url": "https://www.giantbomb.com/tropico-6/3030-59929/"}]}, "version": "1.0"}