{"error": "OK", "limit": 1, "offset": 0, "number_of_page_results": 1, "number_of_total_results": 1, "status_code": 1, "results": {"games": [{"api_detail_url": "https://www.giantbomb.com/api/game/3030-3655/", "id": 3655, "name": "Shrek the Third", "site_detail_url": "https://www.giantbomb.com/shrek-the-third/3030-3655/"}, {"api_detail_url": "https://www.giantbomb.com/api/game/3030-1372/", "id": 1372, "name": "Shrek Super Party", "site_detail_url": "https://www.giantbomb.com/shrek-super-party/3030-1372/"}, {"api_detail_url": "https://www.giantbomb.com/api/game/3030-5960/", "id": 5960, "name": "Shrek SuperSlam", "site_detail_url": "https://www.giantbomb.com/shrek-superslam/3030-5960/"}, {"api_detail_url": "https://www.giantbomb.com/api/game/3030-722/", "id": 722, "name": "Shrek 2", "site_detail_url": "https://www.giantbomb.com/shrek-2/3030-722/"}, {"api_detail_url": "https://www.giantbomb.com/api/game/3030-8469/", "id": 8469, "name": "Shrek Smash N' Crash Racing", "site_detail_url": "https://www.giantbomb.com/shrek-smash-n-crash-racing/3030-8469/"}, {"api_detail_url": "https://www.giantbomb.com/api/game/3030-17338/", "id": 17338, "name": "Shrek", "site_detail_url": "https://www.giantbomb.com/shrek/3030-17338/"}, {"api_detail_url": "https://www.giantbomb.com/api/game/3030-13665/", "id": 13665, "name": "Shrek: Fairy Tale Freakdown", "site_detail_url": "https://www.giantbomb.com/shrek-fairy-tale-freakdown/3030-13665/"}, {"api_detail_url": "https://www.giantbomb.com/api/game/3030-2352/", "id": 2352, "name": "Shrek 2 Team Action", "site_detail_url": "https://www.giantbomb.com/shrek-2-team-action/3030-2352/"}, {"api_detail_url": "https://www.giantbomb.com/api/game/3030-17514/", "id": 17514, "name": "Shrek 2: Beg for Mercy!", "site_detail_url": "https://www.giantbomb.com/shrek-2-beg-for-mercy/3030-17514/"}, {"api_detail_url": "https://www.giantbomb.com/api/game/3030-4582/", "id": 4582, "name": "Shrek Swamp Fun with Phonics", "site_detail_url": "https://www.giantbomb.com/shrek-swamp-fun-with-phonics/3030-4582/"}, {"api_detail_url": "https://www.giantbomb.com/api/game/3030-17654/", "id": 17654, "name": "Shrek Swamp Fun with Early Math", "site_detail_url": "https://www.giantbomb.com/shrek-swamp-fun-with-early-math/3030-17654/"}, {"api_detail_url": "https://www.giantbomb.com/api/game/3030-17887/", "id": 17887, "name": "Shrek Game Land Activity Center", "site_detail_url": "https://www.giantbomb.com/shrek-game-land-activity-center/3030-17887/"}, {"api_detail_url": "https://www.giantbomb.com/api/game/3030-7932/", "id": 7932, "name": "DreamWorks' Shark Tale", "site_detail_url": "https://www.giantbomb.com/dreamworks-shark-tale/3030-7932/"}, {"api_detail_url": "https://www.giantbomb.com/api/game/3030-1524/", "id": 1524, "name": "Dreamworks' Shark Tale Fintastic Fun!", "site_detail_url": "https://www.giantbomb.com/dreamworks-shark-tale-fintastic-fun/3030-1524/"}, {"api_detail_url": "https://www.giantbomb.com/api/game/3030-5680/", "id": 5680, "name": "Madagascar", "site_detail_url": "https://www.giantbomb.com/madagascar/3030-5680/"}, {"api_detail_url": "https://www.giantbomb.com/api/game/3030-24325/", "id": 24325, "name": "Madagascar: Escape 2 Africa", "site_detail_url": "https://www.giantbomb.com/madagascar-escape-2-africa/3030-24325/"}, {"api_detail_url": "https://www.giantbomb.com/api/game/3030-7954/", "id": 7954, "name": "Over the Hedge", "site_detail_url": "https://www.giantbomb.com/over-the-hedge/3030-7954/"}, {"api_detail_url": "https://www.giantbomb.com/api/game/3030-14807/", "id": 14807, "name": "Over the Hedge: Hammy Goes Nuts!", "site_detail_url": "https://www.giantbomb.com/over-the-hedge-hammy-goes-nuts/3030-14807/"}, {"api_detail_url": "https://www.giantbomb.com/api/game/3030-18492/", "id": 18492, "name": "Bee Movie Game", "site_detail_url": "https://www.giantbomb.com/bee-movie-game/3030-18492/"}, {"api_detail_url": "https://www.giantbomb.com/api/game/3030-20640/", "id": 20640, "name": "Kung Fu Panda", "site_detail_url": "https://www.giantbomb.com/kung-fu-panda/3030-20640/"}, {"api_detail_url": "https://www.giantbomb.com/api/game/3030-24263/", "id": 24263, "name": "Kung Fu Panda: Path of the Panda", "site_detail_url": "https://www.giantbomb.com/kung-fu-panda-path-of-the-panda/3030-24263/"}, {"api_detail_url": "https://www.giantbomb.com/api/game/3030-24395/", "id": 24395, "name": "Kung Fu Panda: Legendary Warriors", "site_detail_url": "https://www.giantbomb.com/kung-fu-panda-legendary-warriors/3030-24395/"}, {"api_detail_url": "https://www.giantbomb.com/api/game/3030-24443/", "id": 24443, "name": "Madagascar: Operation Penguin", "site_detail_url": "https://www.giantbomb.com/madagascar-operation-penguin/3030-24443/"}, {"api_detail_url": "https://www.giantbomb.com/api/game/3030-27956/", "id": 27956, "name": "Madagascar Kartz", "site_detail_url": "https://www.giantbomb.com/madagascar-kartz/3030-27956/"}, {"api_detail_url": "https://www.giantbomb.com/api/game/3030-30877/", "id": 30877, "name": "Shrek Forever After", "site_detail_url": "https://www.giantbomb.com/shrek-forever-after/3030-30877/"}, {"api_detail_url": "https://www.giantbomb.com/api/game/3030-12932/", "id": 12932, "name": "Sinbad: Legend of the Seven Seas", "site_detail_url": "https://www.giantbomb.com/sinbad-legend-of-the-seven-seas/3030-12932/"}, {"api_detail_url": "https://www.giantbomb.com/api/game/3030-31938/", "id": 31938, "name": "Puss in Boots", "site_detail_url": "https://www.giantbomb.com/puss-in-boots/3030-31938/"}, {"api_detail_url": "https://www.giantbomb.com/api/game/3030-37449/", "id": 37449, "name": "Madagascar 3: The Video Game", "site_detail_url": "https://www.giantbomb.com/madagascar-3-the-video-game/3030-37449/"}, {"api_detail_url": "https://www.giantbomb.com/api/game/3030-38092/", "id": 38092, "name": "How to Train Your Dragon: Flight of the Night Fury", "site_detail_url": "https://www.giantbomb.com/how-to-train-your-dragon-flight-of-the-night-fury/3030-38092/"}, {"api_detail_url": "https://www.giantbomb.com/api/game/3030-29461/", "id": 29461, "name": "How to Train Your Dragon", "site_detail_url": "https://www.giantbomb.com/how-to-train-your-dragon/3030-29461/"}, {"api_detail_url": "https://www.giantbomb.com/api/game/3030-38532/", "id": 38532, "name": "Shrek's Fairytale Kingdom", "site_detail_url": "https://www.giantbomb.com/shreks-fairytale-kingdom/3030-38532/"}, {"api_detail_url": "https://www.giantbomb.com/api/game/3030-37451/", "id": 37451, "name": "The Croods: Prehistoric Party!", "site_detail_url": "https://www.giantbomb.com/the-croods-prehistoric-party/3030-37451/"}, {"api_detail_url": "https://www.giantbomb.com/api/game/3030-42197/", "id": 42197, "name": "The Croods", "site_detail_url": "https://www.giantbomb.com/the-croods/3030-42197/"}, {"api_detail_url": "https://www.giantbomb.com/api/game/3030-42352/", "id": 42352, "name": "Megamind: Mega Team Unite", "site_detail_url": "https://www.giantbomb.com/megamind-mega-team-unite/3030-42352/"}, {"api_detail_url": "https://www.giantbomb.com/api/game/3030-32386/", "id": 32386, "name": "Megamind: Ultimate Showdown", "site_detail_url": "https://www.giantbomb.com/megamind-ultimate-showdown/3030-32386/"}, {"api_detail_url": "https://www.giantbomb.com/api/game/3030-34990/", "id": 34990, "name": "Kung Fu Panda 2: The Video Game", "site_detail_url": "https://www.giantbomb.com/kung-fu-panda-2-the-video-game/3030-34990/"}, {"api_detail_url": "https://www.giantbomb.com/api/game/3030-37450/", "id": 37450, "name": "Rise of the Guardians", "site_detail_url": "https://www.giantbomb.com/rise-of-the-guardians/3030-37450/"}, {"api_detail_url": "https://www.giantbomb.com/api/game/3030-45373/", "id": 45373, "name": "The Penguins of Madagascar: Race for 1st Place!", "site_detail_url": "https://www.giantbomb.com/the-penguins-of-madagascar-race-for-1st-place/3030-45373/"}, {"api_detail_url": "https://www.giantbomb.com/api/game/3030-45710/", "id": 45710, "name": "How to Train Your Dragon 2", "site_detail_url": "https://www.giantbomb.com/how-to-train-your-dragon-2/3030-45710/"}, {"api_detail_url": "https://www.giantbomb.com/api/game/3030-45971/", "id": 45971, "name": "Madagascar 3 & The Croods: Prehistoric Party Combo Pack", "site_detail_url": "https://www.giantbomb.com/madagascar-3-the-croods-prehistoric-party-combo-pa/3030-45971/"}, {"api_detail_url": "https://www.giantbomb.com/api/game/3030-39347/", "id": 39347, "name": "Fruit Ninja: Puss in Boots", "site_detail_url": "https://www.giantbomb.com/fruit-ninja-puss-in-boots/3030-39347/"}, {"api_detail_url": "https://www.giantbomb.com/api/game/3030-48297/", "id": 48297, "name": "Penguins of Madagascar", "site_detail_url": "https://www.giantbomb.com/penguins-of-madagascar/3030-48297/"}, {"api_detail_url": "https://www.giantbomb.com/api/game/3030-49595/", "id": 49595, "name": "Kung Fu Panda: Showdown of Legendary Legends", "site_detail_url": "https://www.giantbomb.com/kung-fu-panda-showdown-of-legendary-legends/3030-49595/"}, {"api_detail_url": "https://www.giantbomb.com/api/game/3030-57632/", "id": 57632, "name": "The Croods: Prehistoric Party and Rise of the Guardians Combo Pack", "site_detail_url": "https://www.giantbomb.com/the-croods-prehistoric-party-and-rise-of-the-guard/3030-57632/"}, {"api_detail_url": "https://www.giantbomb.com/api/game/3030-58032/", "id": 58032, "name": "2-In-1 Fun Pack: Dreamworks Madagascar: Operation Penguin + Dreamworks Shrek 2", "site_detail_url": "https://www.giantbomb.com/2in1-fun-pack-dreamworks-madagascar-operation-peng/3030-58032/"}, {"api_detail_url": "https://www.giantbomb.com/api/game/3030-62270/", "id": 62270, "name": "Dreamworks Universe of Legends", "site_detail_url": "https://www.giantbomb.com/dreamworks-universe-of-legends/3030-62270/"}, {"api_detail_url": "https://www.giantbomb.com/api/game/3030-20667/", "id": 20667, "name": "Flushed Away", "site_detail_url": "https://www.giantbomb.com/flushed-away/3030-20667/"}, {"api_detail_url": "https://www.giantbomb.com/api/game/3030-24700/", "id": 24700, "name": "Monsters vs. Aliens", "site_detail_url": "https://www.giantbomb.com/monsters-vs-aliens/3030-24700/"}, {"api_detail_url": "https://www.giantbomb.com/api/game/3030-65283/", "id": 65283, "name": "Megamind: The Blue Defender", "site_detail_url": "https://www.giantbomb.com/megamind-the-blue-defender/3030-65283/"}, {"api_detail_url": "https://www.giantbomb.com/api/game/3030-62113/", "id": 62113, "name": "Kung Fu Panda Holiday", "site_detail_url": "https://www.giantbomb.com/kung-fu-panda-holiday/3030-62113/"}, {"api_detail_url": "https://www.giantbomb.com/api/game/3030-57953/", "id": 57953, "name": "2 in 1 Game Pack: DreamWorks' Shark Tale + Shrek 2", "site_detail_url": "https://www.giantbomb.com/2-in-1-game-pack-dreamworks-shark-tale-shrek-2/3030-57953/"}, {"api_detail_url": "https://www.giantbomb.com/api/game/3030-55658/", "id": 55658, "name": "Dragons: Rise of Berk", "site_detail_url": "https://www.giantbomb.com/dragons-rise-of-berk/3030-55658/"}, {"api_detail_url": "https://www.giantbomb.com/api/game/3030-55071/", "id": 55071, "name": "DreamWorks' Megamind: Bad. Blue. Brilliant", "site_detail_url": "https://www.giantbomb.com/dreamworks-megamind-bad-blue-brilliant/3030-55071/"}, {"api_detail_url": "https://www.giantbomb.com/api/game/3030-48844/", "id": 48844, "name": "School of Dragons", "site_detail_url": "https://www.giantbomb.com/school-of-dragons/3030-48844/"}, {"api_detail_url": "https://www.giantbomb.com/api/game/3030-46831/", "id": 46831, "name": "DreamWorks Turbo FAST", "site_detail_url": "https://www.giantbomb.com/dreamworks-turbo-fast/3030-46831/"}, {"api_detail_url": "https://www.giantbomb.com/api/game/3030-46832/", "id": 46832, "name": "DreamWorks Tap-Dragon-Drop", "site_detail_url": "https://www.giantbomb.com/dreamworks-tap-dragon-drop/3030-46832/"}, {"api_detail_url": "https://www.giantbomb.com/api/game/3030-46148/", "id": 46148, "name": "Shrek: Reekin' Havoc", "site_detail_url": "https://www.giantbomb.com/shrek-reekin-havoc/3030-46148/"}, {"api_detail_url": "https://www.giantbomb.com/api/game/3030-41732/", "id": 41732, "name": "Turbo: Super Stunt Squad", "site_detail_url": "https://www.giantbomb.com/turbo-super-stunt-squad/3030-41732/"}, {"api_detail_url": "https://www.giantbomb.com/api/game/3030-67824/", "id": 67824, "name": "Shrek Sugar Fever", "site_detail_url": "https://www.giantbomb.com/shrek-sugar-fever/3030-67824/"}, {"api_detail_url": "https://www.giantbomb.com/api/game/3030-69085/", "id": 69085, "name": "The Penguins of Madagascar", "site_detail_url": "https://www.giantbomb.com/the-penguins-of-madagascar/3030-69085/"}, {"api_detail_url": "https://www.giantbomb.com/api/game/3030-70822/", "id": 70822, "name": "DreamWorks Dragons: Dawn of New Riders", "site_detail_url": "https://www.giantbomb.com/dreamworks-dragons-dawn-of-new-riders/3030-70822/"}, {"api_detail_url": "https://www.giantbomb.com/api/game/3030-71498/", "id": 71498, "name": "Dragons: Titan Uprising", "site_detail_url": "https://www.giantbomb.com/dragons-titan-uprising/3030-71498/"}, {"api_detail_url": "https://www.giantbomb.com/api/game/3030-73206/", "id": 73206, "name": "Madagascar: Join The Circus!", "site_detail_url": "https://www.giantbomb.com/madagascar-join-the-circus/3030-73206/"}, {"api_detail_url": "https://www.giantbomb.com/api/game/3030-11290/", "id": 11290, "name": "Gold and Glory: The Road to El Dorado", "site_detail_url": "https://www.giantbomb.com/gold-and-glory-the-road-to-el-dorado/3030-11290/"}, {"api_detail_url": "https://www.giantbomb.com/api/game/3030-16569/", "id": 16569, "name": "Spirit: Stallion of the Cimarron", "site_detail_url": "https://www.giantbomb.com/spirit-stallion-of-the-cimarron/3030-16569/"}, {"api_detail_url": "https://www.giantbomb.com/api/game/3030-15982/", "id": 15982, "name": "Spirit: Stallion of the Cimarron - Forever Free", "site_detail_url": "https://www.giantbomb.com/spirit-stallion-of-the-cimarron-forever-free/3030-15982/"}, {"api_detail_url": "https://www.giantbomb.com/api/game/3030-77244/", "id": 77244, "name": "Dreamworks 2-in-1 Party Pack", "site_detail_url": "https://www.giantbomb.com/dreamworks-2-in-1-party-pack/3030-77244/"}, {"api_detail_url": "https://www.giantbomb.com/api/game/3030-36675/", "id": 36675, "name": "DreamWorks Super Star Kartz", "site_detail_url": "https://www.giantbomb.com/dreamworks-super-star-kartz/3030-36675/"}, {"api_detail_url": "https://www.giantbomb.com/api/game/3030-78641/", "id": 78641, "name": "Trolls", "site_detail_url": "https://www.giantbomb.com/trolls/3030-78641/"}, {"api_detail_url": "https://www.giantbomb.com/api/game/3030-79828/", "id": 79828, "name": "Madagascar Mini-Mayhem", "site_detail_url": "https://www.giantbomb.com/madagascar-mini-mayhem/3030-79828/"}, {"api_detail_url": "https://www.giantbomb.com/api/game/3030-80382/", "id": 80382, "name": "Trollhunters: Defenders Of Arcadia", "site_detail_url": "https://www.giantbomb.com/trollhunters-defenders-of-arcadia/3030-80382/"}, {"api_detail_url": "https://www.giantbomb.com/api/game/3030-86325/", "id": 86325, "name": "Shrek Totally Tangled Tales", "site_detail_url": "https://www.giantbomb.com/shrek-totally-tangled-tales/3030-86325/"}, {"api_detail_url": "https://www.giantbomb.com/api/game/3030-86892/", "id": 86892, "name": "DreamWorks Dragons: Legends of the Nine Realms", "site_detail_url": "https://www.giantbomb.com/dreamworks-dragons-legends-of-the-nine-realms/3030-86892/"}]}, "version": "1.0"}