{"error": "OK", "limit": 1, "offset": 0, "number_of_page_results": 1, "number_of_total_results": 1, "status_code": 1, "results": {"games": [{"api_detail_url": "https://www.giantbomb.com/api/game/3030-14025/", "id": 14025, "name": "Triple Play 2000", "site_detail_url": "https://www.giantbomb.com/triple-play-2000/3030-14025/"}, {"api_detail_url": "https://www.giantbomb.com/api/game/3030-17271/", "id": 17271, "name": "Triple Play 2002", "site_detail_url": "https://www.giantbomb.com/triple-play-2002/3030-17271/"}, {"api_detail_url": "https://www.giantbomb.com/api/game/3030-1202/", "id": 1202, "name": "Triple Play 97", "site_detail_url": "https://www.giantbomb.com/triple-play-97/3030-1202/"}, {"api_detail_url": "https://www.giantbomb.com/api/game/3030-9670/", "id": 9670, "name": "Triple Play Baseball", "site_detail_url": "https://www.giantbomb.com/triple-play-baseball/3030-9670/"}, {"api_detail_url": "https://www.giantbomb.com/api/game/3030-7000/", "id": 7000, "name": "Triple Play 2001", "site_detail_url": "https://www.giantbomb.com/triple-play-2001/3030-7000/"}, {"api_detail_url": "https://www.giantbomb.com/api/game/3030-2250/", "id": 2250, "name": "Triple Play 98", "site_detail_url": "https://www.giantbomb.com/triple-play-98/3030-2250/"}, {"api_detail_url": "https://www.giantbomb.com/api/game/3030-30192/", "id": 30192, "name": "Triple Play '99", "site_detail_url": "https://www.giantbomb.com/triple-play-99/3030-30192/"}]}, "version": "1.0"}