{"error": "OK", "limit": 1, "offset": 0, "number_of_page_results": 1, "number_of_total_results": 1, "status_code": 1, "results": {"games": [{"api_detail_url": "https://www.giantbomb.com/api/game/3030-23942/", "id": 23942, "name": "Art Style: ORBIENT", "site_detail_url": "https://www.giantbomb.com/art-style-orbient/3030-23942/"}, {"api_detail_url": "https://www.giantbomb.com/api/game/3030-24085/", "id": 24085, "name": "Art Style: CUBELLO", "site_detail_url": "https://www.giantbomb.com/art-style-cubello/3030-24085/"}, {"api_detail_url": "https://www.giantbomb.com/api/game/3030-24204/", "id": 24204, "name": "Art Style: ROTOHEX", "site_detail_url": "https://www.giantbomb.com/art-style-rotohex/3030-24204/"}, {"api_detail_url": "https://www.giantbomb.com/api/game/3030-24921/", "id": 24921, "name": "Art Style: BASE 10", "site_detail_url": "https://www.giantbomb.com/art-style-base-10/3030-24921/"}, {"api_detail_url": "https://www.giantbomb.com/api/game/3030-24932/", "id": 24932, "name": "Art Style: AQUIA", "site_detail_url": "https://www.giantbomb.com/art-style-aquia/3030-24932/"}, {"api_detail_url": "https://www.giantbomb.com/api/game/3030-25165/", "id": 25165, "name": "Art Style: PiCTOBiTS", "site_detail_url": "https://www.giantbomb.com/art-style-pictobits/3030-25165/"}, {"api_detail_url": "https://www.giantbomb.com/api/game/3030-25166/", "id": 25166, "name": "Art Style: ZENGAGE", "site_detail_url": "https://www.giantbomb.com/art-style-zengage/3030-25166/"}, {"api_detail_url": "https://www.giantbomb.com/api/game/3030-25386/", "id": 25386, "name": "Art Style: KUBOS", "site_detail_url": "https://www.giantbomb.com/art-style-kubos/3030-25386/"}, {"api_detail_url": "https://www.giantbomb.com/api/game/3030-27229/", "id": 27229, "name": "Art Style: BOXLIFE", "site_detail_url": "https://www.giantbomb.com/art-style-boxlife/3030-27229/"}, {"api_detail_url": "https://www.giantbomb.com/api/game/3030-29244/", "id": 29244, "name": "Art Style: DIGIDRIVE", "site_detail_url": "https://www.giantbomb.com/art-style-digidrive/3030-29244/"}, {"api_detail_url": "https://www.giantbomb.com/api/game/3030-30141/", "id": 30141, "name": "Art Style: light trax", "site_detail_url": "https://www.giantbomb.com/art-style-light-trax/3030-30141/"}, {"api_detail_url": "https://www.giantbomb.com/api/game/3030-30140/", "id": 30140, "name": "Art Style: Rotozoa", "site_detail_url": "https://www.giantbomb.com/art-style-rotozoa/3030-30140/"}]}, "version": "1.0"}