{"error": "OK", "limit": 1, "offset": 0, "number_of_page_results": 1, "number_of_total_results": 1, "status_code": 1, "results": {"games": [{"api_detail_url": "https://www.giantbomb.com/api/game/3030-21834/", "id": 21834, "name": "Kabushiki Baibai Trainer Kabutore", "site_detail_url": "https://www.giantbomb.com/kabushiki-baibai-trainer-kabutore/3030-21834/"}, {"api_detail_url": "https://www.giantbomb.com/api/game/3030-24814/", "id": 24814, "name": "Stock Exchange Kabutore Next", "site_detail_url": "https://www.giantbomb.com/stock-exchange-kabutore-next/3030-24814/"}, {"api_detail_url": "https://www.giantbomb.com/api/game/3030-83768/", "id": 83768, "name": "Gaitame Baibai Trainer: Kabutore FX", "site_detail_url": "https://www.giantbomb.com/gaitame-baibai-trainer-kabutore-fx/3030-83768/"}]}, "version": "1.0"}