{"error": "OK", "limit": 1, "offset": 0, "number_of_page_results": 1, "number_of_total_results": 1, "status_code": 1, "results": {"games": [{"api_detail_url": "https://www.giantbomb.com/api/game/3030-25844/", "id": 25844, "name": "Vandal Hearts: Flames of Judgment", "site_detail_url": "https://www.giantbomb.com/vandal-hearts-flames-of-judgment/3030-25844/"}, {"api_detail_url": "https://www.giantbomb.com/api/game/3030-19905/", "id": 19905, "name": "Vandal Hearts", "site_detail_url": "https://www.giantbomb.com/vandal-hearts/3030-19905/"}, {"api_detail_url": "https://www.giantbomb.com/api/game/3030-8352/", "id": 8352, "name": "Vandal Hearts II", "site_detail_url": "https://www.giantbomb.com/vandal-hearts-ii/3030-8352/"}]}, "version": "1.0"}