{"error": "OK", "limit": 1, "offset": 0, "number_of_page_results": 1, "number_of_total_results": 1, "status_code": 1, "results": {"games": [{"api_detail_url": "https://www.giantbomb.com/api/game/3030-20980/", "id": 20980, "name": "The History Channel: Battle for the Pacific", "site_detail_url": "https://www.giantbomb.com/the-history-channel-battle-for-the-pacific/3030-20980/"}, {"api_detail_url": "https://www.giantbomb.com/api/game/3030-14229/", "id": 14229, "name": "The History Channel: Civil War - Great Battles", "site_detail_url": "https://www.giantbomb.com/the-history-channel-civil-war-great-battles/3030-14229/"}, {"api_detail_url": "https://www.giantbomb.com/api/game/3030-12982/", "id": 12982, "name": "The History Channel: Alamo - Fight for Independence", "site_detail_url": "https://www.giantbomb.com/the-history-channel-alamo-fight-for-independence/3030-12982/"}, {"api_detail_url": "https://www.giantbomb.com/api/game/3030-12303/", "id": 12303, "name": "The History Channel: Crusades - Quest for Power", "site_detail_url": "https://www.giantbomb.com/the-history-channel-crusades-quest-for-power/3030-12303/"}, {"api_detail_url": "https://www.giantbomb.com/api/game/3030-25887/", "id": 25887, "name": "History Channel: Civil War - Secret Missions", "site_detail_url": "https://www.giantbomb.com/history-channel-civil-war-secret-missions/3030-25887/"}, {"api_detail_url": "https://www.giantbomb.com/api/game/3030-25929/", "id": 25929, "name": "History Great Empires: Rome", "site_detail_url": "https://www.giantbomb.com/history-great-empires-rome/3030-25929/"}, {"api_detail_url": "https://www.giantbomb.com/api/game/3030-3522/", "id": 3522, "name": "Civil War: A Nation Divided", "site_detail_url": "https://www.giantbomb.com/civil-war-a-nation-divided/3030-3522/"}, {"api_detail_url": "https://www.giantbomb.com/api/game/3030-30387/", "id": 30387, "name": "History: Ice Road Truckers", "site_detail_url": "https://www.giantbomb.com/history-ice-road-truckers/3030-30387/"}, {"api_detail_url": "https://www.giantbomb.com/api/game/3030-32831/", "id": 32831, "name": "The History Channel: Great Battles - Medieval", "site_detail_url": "https://www.giantbomb.com/the-history-channel-great-battles-medieval/3030-32831/"}, {"api_detail_url": "https://www.giantbomb.com/api/game/3030-40304/", "id": 40304, "name": "History Channel: Legends of War - Patton", "site_detail_url": "https://www.giantbomb.com/history-channel-legends-of-war-patton/3030-40304/"}, {"api_detail_url": "https://www.giantbomb.com/api/game/3030-40717/", "id": 40717, "name": "The History Channel - Great Battles of Rome", "site_detail_url": "https://www.giantbomb.com/the-history-channel-great-battles-of-rome/3030-40717/"}, {"api_detail_url": "https://www.giantbomb.com/api/game/3030-45642/", "id": 45642, "name": "Pawn Stars: The Game", "site_detail_url": "https://www.giantbomb.com/pawn-stars-the-game/3030-45642/"}]}, "version": "1.0"}