{"error": "OK", "limit": 1, "offset": 0, "number_of_page_results": 1, "number_of_total_results": 1, "status_code": 1, "results": {"games": [{"api_detail_url": "https://www.giantbomb.com/api/game/3030-26709/", "id": 26709, "name": "Go Play Lumberjacks", "site_detail_url": "https://www.giantbomb.com/go-play-lumberjacks/3030-26709/"}, {"api_detail_url": "https://www.giantbomb.com/api/game/3030-26710/", "id": 26710, "name": "Go Play Circus Star", "site_detail_url": "https://www.giantbomb.com/go-play-circus-star/3030-26710/"}, {"api_detail_url": "https://www.giantbomb.com/api/game/3030-26721/", "id": 26721, "name": "Go Play City Sports", "site_detail_url": "https://www.giantbomb.com/go-play-city-sports/3030-26721/"}]}, "version": "1.0"}