{"error": "OK", "limit": 1, "offset": 0, "number_of_page_results": 1, "number_of_total_results": 1, "status_code": 1, "results": {"games": [{"api_detail_url": "https://www.giantbomb.com/api/game/3030-13277/", "id": 13277, "name": "The Great Giana Sisters", "site_detail_url": "https://www.giantbomb.com/the-great-giana-sisters/3030-13277/"}, {"api_detail_url": "https://www.giantbomb.com/api/game/3030-25757/", "id": 25757, "name": "Giana Sisters DS", "site_detail_url": "https://www.giantbomb.com/giana-sisters-ds/3030-25757/"}, {"api_detail_url": "https://www.giantbomb.com/api/game/3030-39484/", "id": 39484, "name": "Giana Sisters: Twisted Dreams", "site_detail_url": "https://www.giantbomb.com/giana-sisters-twisted-dreams/3030-39484/"}, {"api_detail_url": "https://www.giantbomb.com/api/game/3030-44033/", "id": 44033, "name": "Giana Sisters: Twisted Dreams - Rise of the Owlverlord", "site_detail_url": "https://www.giantbomb.com/giana-sisters-twisted-dreams-rise-of-the-owlverlor/3030-44033/"}, {"api_detail_url": "https://www.giantbomb.com/api/game/3030-47868/", "id": 47868, "name": "Giana Sisters 2", "site_detail_url": "https://www.giantbomb.com/giana-sisters-2/3030-47868/"}, {"api_detail_url": "https://www.giantbomb.com/api/game/3030-49229/", "id": 49229, "name": "Giana Sisters: Dream Runners", "site_detail_url": "https://www.giantbomb.com/giana-sisters-dream-runners/3030-49229/"}, {"api_detail_url": "https://www.giantbomb.com/api/game/3030-50157/", "id": 50157, "name": "Giana Sisters Twisted Dreams: The Puzzle", "site_detail_url": "https://www.giantbomb.com/giana-sisters-twisted-dreams-the-puzzle/3030-50157/"}]}, "version": "1.0"}