{"error": "OK", "limit": 1, "offset": 0, "number_of_page_results": 1, "number_of_total_results": 1, "status_code": 1, "results": {"games": [{"api_detail_url": "https://www.giantbomb.com/api/game/3030-13782/", "id": 13782, "name": "Highlander", "site_detail_url": "https://www.giantbomb.com/highlander/3030-13782/"}, {"api_detail_url": "https://www.giantbomb.com/api/game/3030-10156/", "id": 10156, "name": "Highlander: The Last of the MacLeods", "site_detail_url": "https://www.giantbomb.com/highlander-the-last-of-the-macleods/3030-10156/"}, {"api_detail_url": "https://www.giantbomb.com/api/game/3030-29444/", "id": 29444, "name": "Highlander: The Gathering", "site_detail_url": "https://www.giantbomb.com/highlander-the-gathering/3030-29444/"}]}, "version": "1.0"}