{"error": "OK", "limit": 1, "offset": 0, "number_of_page_results": 1, "number_of_total_results": 1, "status_code": 1, "results": {"games": [{"api_detail_url": "https://www.giantbomb.com/api/game/3030-24884/", "id": 24884, "name": "Rolando", "site_detail_url": "https://www.giantbomb.com/rolando/3030-24884/"}, {"api_detail_url": "https://www.giantbomb.com/api/game/3030-25643/", "id": 25643, "name": "Rolando 2: Quest for the Golden Orchid", "site_detail_url": "https://www.giantbomb.com/rolando-2-quest-for-the-golden-orchid/3030-25643/"}, {"api_detail_url": "https://www.giantbomb.com/api/game/3030-25644/", "id": 25644, "name": "Rolando 3", "site_detail_url": "https://www.giantbomb.com/rolando-3/3030-25644/"}]}, "version": "1.0"}