{"error": "OK", "limit": 1, "offset": 0, "number_of_page_results": 1, "number_of_total_results": 1, "status_code": 1, "results": {"games": [{"api_detail_url": "https://www.giantbomb.com/api/game/3030-4680/", "id": 4680, "name": "Zoo Tycoon 2", "site_detail_url": "https://www.giantbomb.com/zoo-tycoon-2/3030-4680/"}, {"api_detail_url": "https://www.giantbomb.com/api/game/3030-6097/", "id": 6097, "name": "Zoo Tycoon: Dinosaur Digs", "site_detail_url": "https://www.giantbomb.com/zoo-tycoon-dinosaur-digs/3030-6097/"}, {"api_detail_url": "https://www.giantbomb.com/api/game/3030-6777/", "id": 6777, "name": "Zoo Tycoon: Marine Mania", "site_detail_url": "https://www.giantbomb.com/zoo-tycoon-marine-mania/3030-6777/"}, {"api_detail_url": "https://www.giantbomb.com/api/game/3030-9677/", "id": 9677, "name": "Zoo Tycoon", "site_detail_url": "https://www.giantbomb.com/zoo-tycoon/3030-9677/"}, {"api_detail_url": "https://www.giantbomb.com/api/game/3030-14988/", "id": 14988, "name": "Zoo Tycoon 2: Zookeeper Collection", "site_detail_url": "https://www.giantbomb.com/zoo-tycoon-2-zookeeper-collection/3030-14988/"}, {"api_detail_url": "https://www.giantbomb.com/api/game/3030-16654/", "id": 16654, "name": "Zoo Tycoon 2: African Adventure", "site_detail_url": "https://www.giantbomb.com/zoo-tycoon-2-african-adventure/3030-16654/"}, {"api_detail_url": "https://www.giantbomb.com/api/game/3030-18121/", "id": 18121, "name": "Zoo Tycoon 2: Marine Mania", "site_detail_url": "https://www.giantbomb.com/zoo-tycoon-2-marine-mania/3030-18121/"}, {"api_detail_url": "https://www.giantbomb.com/api/game/3030-23431/", "id": 23431, "name": "Zoo Tycoon 2: Extinct Animals", "site_detail_url": "https://www.giantbomb.com/zoo-tycoon-2-extinct-animals/3030-23431/"}, {"api_detail_url": "https://www.giantbomb.com/api/game/3030-9578/", "id": 9578, "name": "Zoo Tycoon 2: Endangered Species", "site_detail_url": "https://www.giantbomb.com/zoo-tycoon-2-endangered-species/3030-9578/"}, {"api_detail_url": "https://www.giantbomb.com/api/game/3030-42908/", "id": 42908, "name": "Zoo Tycoon", "site_detail_url": "https://www.giantbomb.com/zoo-tycoon/3030-42908/"}, {"api_detail_url": "https://www.giantbomb.com/api/game/3030-41998/", "id": 41998, "name": "Zoo Tycoon DS 2", "site_detail_url": "https://www.giantbomb.com/zoo-tycoon-ds-2/3030-41998/"}, {"api_detail_url": "https://www.giantbomb.com/api/game/3030-61782/", "id": 61782, "name": "Zoo Tycoon: Ultimate Animal Collection", "site_detail_url": "https://www.giantbomb.com/zoo-tycoon-ultimate-animal-collection/3030-61782/"}]}, "version": "1.0"}