{"error": "OK", "limit": 1, "offset": 0, "number_of_page_results": 1, "number_of_total_results": 1, "status_code": 1, "results": {"games": [{"api_detail_url": "https://www.giantbomb.com/api/game/3030-8669/", "id": 8669, "name": "Exit", "site_detail_url": "https://www.giantbomb.com/exit/3030-8669/"}, {"api_detail_url": "https://www.giantbomb.com/api/game/3030-22294/", "id": 22294, "name": "Exit DS", "site_detail_url": "https://www.giantbomb.com/exit-ds/3030-22294/"}, {"api_detail_url": "https://www.giantbomb.com/api/game/3030-23189/", "id": 23189, "name": "Exit 2", "site_detail_url": "https://www.giantbomb.com/exit-2/3030-23189/"}]}, "version": "1.0"}