{"error": "OK", "limit": 1, "offset": 0, "number_of_page_results": 1, "number_of_total_results": 1, "status_code": 1, "results": {"games": [{"api_detail_url": "https://www.giantbomb.com/api/game/3030-5581/", "id": 5581, "name": "No More Heroes", "site_detail_url": "https://www.giantbomb.com/no-more-heroes/3030-5581/"}, {"api_detail_url": "https://www.giantbomb.com/api/game/3030-39577/", "id": 39577, "name": "No More Heroes: World Ranker", "site_detail_url": "https://www.giantbomb.com/no-more-heroes-world-ranker/3030-39577/"}, {"api_detail_url": "https://www.giantbomb.com/api/game/3030-24036/", "id": 24036, "name": "No More Heroes 2: Desperate Struggle", "site_detail_url": "https://www.giantbomb.com/no-more-heroes-2-desperate-struggle/3030-24036/"}, {"api_detail_url": "https://www.giantbomb.com/api/game/3030-61125/", "id": 61125, "name": "Travis Strikes Again: No More Heroes", "site_detail_url": "https://www.giantbomb.com/travis-strikes-again-no-more-heroes/3030-61125/"}, {"api_detail_url": "https://www.giantbomb.com/api/game/3030-73810/", "id": 73810, "name": "No More Heroes III", "site_detail_url": "https://www.giantbomb.com/no-more-heroes-iii/3030-73810/"}]}, "version": "1.0"}