{"error": "OK", "limit": 1, "offset": 0, "number_of_page_results": 1, "number_of_total_results": 1, "status_code": 1, "results": {"games": [{"api_detail_url": "https://www.giantbomb.com/api/game/3030-26962/", "id": 26962, "name": "World Club Champion Football European Clubs 2004-2005", "site_detail_url": "https://www.giantbomb.com/world-club-champion-football-european-clubs-2004-2/3030-26962/"}, {"api_detail_url": "https://www.giantbomb.com/api/game/3030-26961/", "id": 26961, "name": "World Club Champion Football Serie A 2002-2003", "site_detail_url": "https://www.giantbomb.com/world-club-champion-football-serie-a-2002-2003/3030-26961/"}, {"api_detail_url": "https://www.giantbomb.com/api/game/3030-26964/", "id": 26964, "name": "World Club Championship Football Intercontinental Clubs", "site_detail_url": "https://www.giantbomb.com/world-club-championship-football-intercontinental-/3030-26964/"}, {"api_detail_url": "https://www.giantbomb.com/api/game/3030-26963/", "id": 26963, "name": "World Club Champion Football European Clubs 2005-2006", "site_detail_url": "https://www.giantbomb.com/world-club-champion-football-european-clubs-2005-2/3030-26963/"}]}, "version": "1.0"}