{"error": "OK", "limit": 1, "offset": 0, "number_of_page_results": 1, "number_of_total_results": 1, "status_code": 1, "results": {"games": [{"api_detail_url": "https://www.giantbomb.com/api/game/3030-14005/", "id": 14005, "name": "Pathway to Glory", "site_detail_url": "https://www.giantbomb.com/pathway-to-glory/3030-14005/"}, {"api_detail_url": "https://www.giantbomb.com/api/game/3030-599/", "id": 599, "name": "Pathway to Glory: Ikusa Islands", "site_detail_url": "https://www.giantbomb.com/pathway-to-glory-ikusa-islands/3030-599/"}]}, "version": "1.0"}