{"error": "OK", "limit": 1, "offset": 0, "number_of_page_results": 1, "number_of_total_results": 1, "status_code": 1, "results": {"games": [{"api_detail_url": "https://www.giantbomb.com/api/game/3030-10645/", "id": 10645, "name": "Digital Pinball: Last Gladiators", "site_detail_url": "https://www.giantbomb.com/digital-pinball-last-gladiators/3030-10645/"}, {"api_detail_url": "https://www.giantbomb.com/api/game/3030-25403/", "id": 25403, "name": "Digital Pinball: Necronomicon", "site_detail_url": "https://www.giantbomb.com/digital-pinball-necronomicon/3030-25403/"}]}, "version": "1.0"}