{"error": "OK", "limit": 1, "offset": 0, "number_of_page_results": 1, "number_of_total_results": 1, "status_code": 1, "results": {"games": [{"api_detail_url": "https://www.giantbomb.com/api/game/3030-21031/", "id": 21031, "name": "Bratz Kidz: Slumber Party", "site_detail_url": "https://www.giantbomb.com/bratz-kidz-slumber-party/3030-21031/"}, {"api_detail_url": "https://www.giantbomb.com/api/game/3030-1895/", "id": 1895, "name": "Bratz: Rock Angelz", "site_detail_url": "https://www.giantbomb.com/bratz-rock-angelz/3030-1895/"}, {"api_detail_url": "https://www.giantbomb.com/api/game/3030-21040/", "id": 21040, "name": "Bratz: Girlz Really Rock!", "site_detail_url": "https://www.giantbomb.com/bratz-girlz-really-rock/3030-21040/"}, {"api_detail_url": "https://www.giantbomb.com/api/game/3030-24409/", "id": 24409, "name": "Bratz Ponyz 2", "site_detail_url": "https://www.giantbomb.com/bratz-ponyz-2/3030-24409/"}, {"api_detail_url": "https://www.giantbomb.com/api/game/3030-15927/", "id": 15927, "name": "Bratz", "site_detail_url": "https://www.giantbomb.com/bratz/3030-15927/"}, {"api_detail_url": "https://www.giantbomb.com/api/game/3030-25409/", "id": 25409, "name": "Bratz: Forever Diamondz", "site_detail_url": "https://www.giantbomb.com/bratz-forever-diamondz/3030-25409/"}, {"api_detail_url": "https://www.giantbomb.com/api/game/3030-27717/", "id": 27717, "name": "Bratz 4 Real", "site_detail_url": "https://www.giantbomb.com/bratz-4-real/3030-27717/"}, {"api_detail_url": "https://www.giantbomb.com/api/game/3030-27718/", "id": 27718, "name": "Bratz: The Movie", "site_detail_url": "https://www.giantbomb.com/bratz-the-movie/3030-27718/"}, {"api_detail_url": "https://www.giantbomb.com/api/game/3030-27719/", "id": 27719, "name": "Bratz Ponyz", "site_detail_url": "https://www.giantbomb.com/bratz-ponyz/3030-27719/"}, {"api_detail_url": "https://www.giantbomb.com/api/game/3030-27720/", "id": 27720, "name": "Bratz: Super Babyz", "site_detail_url": "https://www.giantbomb.com/bratz-super-babyz/3030-27720/"}, {"api_detail_url": "https://www.giantbomb.com/api/game/3030-27721/", "id": 27721, "name": "Bratz: Babyz", "site_detail_url": "https://www.giantbomb.com/bratz-babyz/3030-27721/"}, {"api_detail_url": "https://www.giantbomb.com/api/game/3030-40062/", "id": 40062, "name": "Bratz: Fashion Boutique", "site_detail_url": "https://www.giantbomb.com/bratz-fashion-boutique/3030-40062/"}, {"api_detail_url": "https://www.giantbomb.com/api/game/3030-55177/", "id": 55177, "name": "Bratz 4 Real", "site_detail_url": "https://www.giantbomb.com/bratz-4-real/3030-55177/"}, {"api_detail_url": "https://www.giantbomb.com/api/game/3030-87713/", "id": 87713, "name": "Bratz: Flaunt Your Fashion", "site_detail_url": "https://www.giantbomb.com/bratz-flaunt-your-fashion/3030-87713/"}]}, "version": "1.0"}