{"error": "OK", "limit": 1, "offset": 0, "number_of_page_results": 1, "number_of_total_results": 1, "status_code": 1, "results": {"games": [{"api_detail_url": "https://www.giantbomb.com/api/game/3030-22256/", "id": 22256, "name": "Shuffle!", "site_detail_url": "https://www.giantbomb.com/shuffle/3030-22256/"}, {"api_detail_url": "https://www.giantbomb.com/api/game/3030-24686/", "id": 24686, "name": "Tick! Tack!", "site_detail_url": "https://www.giantbomb.com/tick-tack/3030-24686/"}, {"api_detail_url": "https://www.giantbomb.com/api/game/3030-24680/", "id": 24680, "name": "Really? Really!", "site_detail_url": "https://www.giantbomb.com/really-really/3030-24680/"}]}, "version": "1.0"}