{"error": "OK", "limit": 1, "offset": 0, "number_of_page_results": 1, "number_of_total_results": 1, "status_code": 1, "results": {"games": [{"api_detail_url": "https://www.giantbomb.com/api/game/3030-11742/", "id": 11742, "name": "Chibi-Robo!", "site_detail_url": "https://www.giantbomb.com/chibi-robo/3030-11742/"}, {"api_detail_url": "https://www.giantbomb.com/api/game/3030-21629/", "id": 21629, "name": "Chibi Robo: Park Patrol", "site_detail_url": "https://www.giantbomb.com/chibi-robo-park-patrol/3030-21629/"}, {"api_detail_url": "https://www.giantbomb.com/api/game/3030-27178/", "id": 27178, "name": "Okaeri! Chibi-Robo! Happy Richie Oosouji", "site_detail_url": "https://www.giantbomb.com/okaeri-chibi-robo-happy-richie-oosouji/3030-27178/"}, {"api_detail_url": "https://www.giantbomb.com/api/game/3030-43177/", "id": 43177, "name": "Chibi Robo! Photo Finder", "site_detail_url": "https://www.giantbomb.com/chibi-robo-photo-finder/3030-43177/"}, {"api_detail_url": "https://www.giantbomb.com/api/game/3030-49800/", "id": 49800, "name": "Chibi-Robo! Zip Lash", "site_detail_url": "https://www.giantbomb.com/chibi-robo-zip-lash/3030-49800/"}]}, "version": "1.0"}