{"error": "OK", "limit": 1, "offset": 0, "number_of_page_results": 1, "number_of_total_results": 1, "status_code": 1, "results": {"games": [{"api_detail_url": "https://www.giantbomb.com/api/game/3030-20687/", "id": 20687, "name": "MLB Power Pros 2008", "site_detail_url": "https://www.giantbomb.com/mlb-power-pros-2008/3030-20687/"}, {"api_detail_url": "https://www.giantbomb.com/api/game/3030-20686/", "id": 20686, "name": "MLB Power Pros", "site_detail_url": "https://www.giantbomb.com/mlb-power-pros/3030-20686/"}, {"api_detail_url": "https://www.giantbomb.com/api/game/3030-25356/", "id": 25356, "name": "Jikkyou Powerful Major League 2009", "site_detail_url": "https://www.giantbomb.com/jikkyou-powerful-major-league-2009/3030-25356/"}, {"api_detail_url": "https://www.giantbomb.com/api/game/3030-29674/", "id": 29674, "name": "Power Pro Success Legends", "site_detail_url": "https://www.giantbomb.com/power-pro-success-legends/3030-29674/"}, {"api_detail_url": "https://www.giantbomb.com/api/game/3030-35847/", "id": 35847, "name": "MLB Bobblehead Pros", "site_detail_url": "https://www.giantbomb.com/mlb-bobblehead-pros/3030-35847/"}, {"api_detail_url": "https://www.giantbomb.com/api/game/3030-36590/", "id": 36590, "name": "MLB Bobblehead Battle", "site_detail_url": "https://www.giantbomb.com/mlb-bobblehead-battle/3030-36590/"}, {"api_detail_url": "https://www.giantbomb.com/api/game/3030-25278/", "id": 25278, "name": "Jikkyou Powerful Major League", "site_detail_url": "https://www.giantbomb.com/jikkyou-powerful-major-league/3030-25278/"}]}, "version": "1.0"}