{"error": "OK", "limit": 1, "offset": 0, "number_of_page_results": 1, "number_of_total_results": 1, "status_code": 1, "results": {"games": [{"api_detail_url": "https://www.giantbomb.com/api/game/3030-25529/", "id": 25529, "name": "Furry Legends", "site_detail_url": "https://www.giantbomb.com/furry-legends/3030-25529/"}, {"api_detail_url": "https://www.giantbomb.com/api/game/3030-27954/", "id": 27954, "name": "Furry Legends: Beginnings", "site_detail_url": "https://www.giantbomb.com/furry-legends-beginnings/3030-27954/"}]}, "version": "1.0"}