{"error": "OK", "limit": 1, "offset": 0, "number_of_page_results": 1, "number_of_total_results": 1, "status_code": 1, "results": {"games": [{"api_detail_url": "https://www.giantbomb.com/api/game/3030-21316/", "id": 21316, "name": "X-Plane 9", "site_detail_url": "https://www.giantbomb.com/x-plane-9/3030-21316/"}, {"api_detail_url": "https://www.giantbomb.com/api/game/3030-2069/", "id": 2069, "name": "X-Plane 8", "site_detail_url": "https://www.giantbomb.com/x-plane-8/3030-2069/"}, {"api_detail_url": "https://www.giantbomb.com/api/game/3030-7741/", "id": 7741, "name": "X-Plane 6", "site_detail_url": "https://www.giantbomb.com/x-plane-6/3030-7741/"}, {"api_detail_url": "https://www.giantbomb.com/api/game/3030-43270/", "id": 43270, "name": "X-Plane 10", "site_detail_url": "https://www.giantbomb.com/x-plane-10/3030-43270/"}, {"api_detail_url": "https://www.giantbomb.com/api/game/3030-45543/", "id": 45543, "name": "X-Plane", "site_detail_url": "https://www.giantbomb.com/x-plane/3030-45543/"}, {"api_detail_url": "https://www.giantbomb.com/api/game/3030-58398/", "id": 58398, "name": "X-Plane 11", "site_detail_url": "https://www.giantbomb.com/x-plane-11/3030-58398/"}]}, "version": "1.0"}