{"error": "OK", "limit": 1, "offset": 0, "number_of_page_results": 1, "number_of_total_results": 1, "status_code": 1, "results": {"games": [{"api_detail_url": "https://www.giantbomb.com/api/game/3030-22475/", "id": 22475, "name": "Tear Ring Saga", "site_detail_url": "https://www.giantbomb.com/tear-ring-saga/3030-22475/"}, {"api_detail_url": "https://www.giantbomb.com/api/game/3030-27599/", "id": 27599, "name": "Tear Ring Saga: Berwick Saga", "site_detail_url": "https://www.giantbomb.com/tear-ring-saga-berwick-saga/3030-27599/"}]}, "version": "1.0"}