{"error": "OK", "limit": 1, "offset": 0, "number_of_page_results": 1, "number_of_total_results": 1, "status_code": 1, "results": {"games": [{"api_detail_url": "https://www.giantbomb.com/api/game/3030-5552/", "id": 5552, "name": "Warriors Orochi", "site_detail_url": "https://www.giantbomb.com/warriors-orochi/3030-5552/"}, {"api_detail_url": "https://www.giantbomb.com/api/game/3030-20792/", "id": 20792, "name": "Warriors Orochi 2", "site_detail_url": "https://www.giantbomb.com/warriors-orochi-2/3030-20792/"}, {"api_detail_url": "https://www.giantbomb.com/api/game/3030-25051/", "id": 25051, "name": "Warriors Orochi Z", "site_detail_url": "https://www.giantbomb.com/warriors-orochi-z/3030-25051/"}, {"api_detail_url": "https://www.giantbomb.com/api/game/3030-37022/", "id": 37022, "name": "Warriors Orochi 3", "site_detail_url": "https://www.giantbomb.com/warriors-orochi-3/3030-37022/"}, {"api_detail_url": "https://www.giantbomb.com/api/game/3030-66667/", "id": 66667, "name": "Pachi-slot Musou Orochi", "site_detail_url": "https://www.giantbomb.com/pachislot-musou-orochi/3030-66667/"}, {"api_detail_url": "https://www.giantbomb.com/api/game/3030-67288/", "id": 67288, "name": "Warriors Orochi 4", "site_detail_url": "https://www.giantbomb.com/warriors-orochi-4/3030-67288/"}, {"api_detail_url": "https://www.giantbomb.com/api/game/3030-74921/", "id": 74921, "name": "Warriors Orochi 4 Ultimate", "site_detail_url": "https://www.giantbomb.com/warriors-orochi-4-ultimate/3030-74921/"}]}, "version": "1.0"}