{"error": "OK", "limit": 1, "offset": 0, "number_of_page_results": 1, "number_of_total_results": 1, "status_code": 1, "results": {"games": [{"api_detail_url": "https://www.giantbomb.com/api/game/3030-25307/", "id": 25307, "name": "Penguin no Mondai: Saikyou Penguin Densetsu!", "site_detail_url": "https://www.giantbomb.com/penguin-no-mondai-saikyou-penguin-densetsu/3030-25307/"}, {"api_detail_url": "https://www.giantbomb.com/api/game/3030-27074/", "id": 27074, "name": "Penguin no Mondai X: Tenkuu no 7 Senshi", "site_detail_url": "https://www.giantbomb.com/penguin-no-mondai-x-tenkuu-no-7-senshi/3030-27074/"}, {"api_detail_url": "https://www.giantbomb.com/api/game/3030-39954/", "id": 39954, "name": "Pen 1 Grand Prix: Penguin no Mondai Special", "site_detail_url": "https://www.giantbomb.com/pen-1-grand-prix-penguin-no-mondai-special/3030-39954/"}, {"api_detail_url": "https://www.giantbomb.com/api/game/3030-87790/", "id": 87790, "name": "Penguin no Mondai: The World", "site_detail_url": "https://www.giantbomb.com/penguin-no-mondai-the-world/3030-87790/"}]}, "version": "1.0"}