{"error": "OK", "limit": 1, "offset": 0, "number_of_page_results": 1, "number_of_total_results": 1, "status_code": 1, "results": {"games": [{"api_detail_url": "https://www.giantbomb.com/api/game/3030-26748/", "id": 26748, "name": "Derby Owners Club 2000", "site_detail_url": "https://www.giantbomb.com/derby-owners-club-2000/3030-26748/"}, {"api_detail_url": "https://www.giantbomb.com/api/game/3030-26749/", "id": 26749, "name": "Derby Owners Club World Edition", "site_detail_url": "https://www.giantbomb.com/derby-owners-club-world-edition/3030-26749/"}, {"api_detail_url": "https://www.giantbomb.com/api/game/3030-26750/", "id": 26750, "name": "Derby Owners Club World Edition-EX", "site_detail_url": "https://www.giantbomb.com/derby-owners-club-world-edition-ex/3030-26750/"}, {"api_detail_url": "https://www.giantbomb.com/api/game/3030-26751/", "id": 26751, "name": "Derby Owners Club 2", "site_detail_url": "https://www.giantbomb.com/derby-owners-club-2/3030-26751/"}]}, "version": "1.0"}