{"error": "OK", "limit": 1, "offset": 0, "number_of_page_results": 1, "number_of_total_results": 1, "status_code": 1, "results": {"games": [{"api_detail_url": "https://www.giantbomb.com/api/game/3030-19740/", "id": 19740, "name": "Death Jr.", "site_detail_url": "https://www.giantbomb.com/death-jr/3030-19740/"}, {"api_detail_url": "https://www.giantbomb.com/api/game/3030-10388/", "id": 10388, "name": "Death Jr. II: Root of Evil", "site_detail_url": "https://www.giantbomb.com/death-jr-ii-root-of-evil/3030-10388/"}, {"api_detail_url": "https://www.giantbomb.com/api/game/3030-25992/", "id": 25992, "name": "Death Jr. and the Science Fair of Doom", "site_detail_url": "https://www.giantbomb.com/death-jr-and-the-science-fair-of-doom/3030-25992/"}]}, "version": "1.0"}