{"error": "OK", "limit": 1, "offset": 0, "number_of_page_results": 1, "number_of_total_results": 1, "status_code": 1, "results": {"games": [{"api_detail_url": "https://www.giantbomb.com/api/game/3030-27035/", "id": 27035, "name": "Attack of the Mutant Camels", "site_detail_url": "https://www.giantbomb.com/attack-of-the-mutant-camels/3030-27035/"}, {"api_detail_url": "https://www.giantbomb.com/api/game/3030-16704/", "id": 16704, "name": "Revenge of the Mutant Camels", "site_detail_url": "https://www.giantbomb.com/revenge-of-the-mutant-camels/3030-16704/"}, {"api_detail_url": "https://www.giantbomb.com/api/game/3030-5948/", "id": 5948, "name": "Return of the Mutant Camels", "site_detail_url": "https://www.giantbomb.com/return-of-the-mutant-camels/3030-5948/"}, {"api_detail_url": "https://www.giantbomb.com/api/game/3030-8513/", "id": 8513, "name": "Matrix: Gridrunner 2", "site_detail_url": "https://www.giantbomb.com/matrix-gridrunner-2/3030-8513/"}]}, "version": "1.0"}