{"error": "OK", "limit": 1, "offset": 0, "number_of_page_results": 1, "number_of_total_results": 1, "status_code": 1, "results": {"games": [{"api_detail_url": "https://www.giantbomb.com/api/game/3030-18255/", "id": 18255, "name": "The BIGS", "site_detail_url": "https://www.giantbomb.com/the-bigs/3030-18255/"}, {"api_detail_url": "https://www.giantbomb.com/api/game/3030-25511/", "id": 25511, "name": "The BIGS 2", "site_detail_url": "https://www.giantbomb.com/the-bigs-2/3030-25511/"}]}, "version": "1.0"}