{"error": "OK", "limit": 1, "offset": 0, "number_of_page_results": 1, "number_of_total_results": 1, "status_code": 1, "results": {"games": [{"api_detail_url": "https://www.giantbomb.com/api/game/3030-21239/", "id": 21239, "name": "Freshly-Picked: Tingle's Rosy Rupeeland", "site_detail_url": "https://www.giantbomb.com/freshly-picked-tingles-rosy-rupeeland/3030-21239/"}, {"api_detail_url": "https://www.giantbomb.com/api/game/3030-14932/", "id": 14932, "name": "Tingle's Balloon Fight DS", "site_detail_url": "https://www.giantbomb.com/tingles-balloon-fight-ds/3030-14932/"}, {"api_detail_url": "https://www.giantbomb.com/api/game/3030-27146/", "id": 27146, "name": "Too Good to Be True: Tingle Pack", "site_detail_url": "https://www.giantbomb.com/too-good-to-be-true-tingle-pack/3030-27146/"}, {"api_detail_url": "https://www.giantbomb.com/api/game/3030-27147/", "id": 27147, "name": "Color-Changing: Tingle's Balloon Trip of Love", "site_detail_url": "https://www.giantbomb.com/color-changing-tingles-balloon-trip-of-love/3030-27147/"}]}, "version": "1.0"}