{"error": "OK", "limit": 1, "offset": 0, "number_of_page_results": 1, "number_of_total_results": 1, "status_code": 1, "results": {"games": [{"api_detail_url": "https://www.giantbomb.com/api/game/3030-13152/", "id": 13152, "name": "Sword of the Stars", "site_detail_url": "https://www.giantbomb.com/sword-of-the-stars/3030-13152/"}, {"api_detail_url": "https://www.giantbomb.com/api/game/3030-11279/", "id": 11279, "name": "Sword of the Stars: Born of Blood", "site_detail_url": "https://www.giantbomb.com/sword-of-the-stars-born-of-blood/3030-11279/"}, {"api_detail_url": "https://www.giantbomb.com/api/game/3030-31130/", "id": 31130, "name": "Sword of the Stars: A Murder of Crows", "site_detail_url": "https://www.giantbomb.com/sword-of-the-stars-a-murder-of-crows/3030-31130/"}, {"api_detail_url": "https://www.giantbomb.com/api/game/3030-31129/", "id": 31129, "name": "Sword of the Stars: Argos Naval Yard", "site_detail_url": "https://www.giantbomb.com/sword-of-the-stars-argos-naval-yard/3030-31129/"}, {"api_detail_url": "https://www.giantbomb.com/api/game/3030-30750/", "id": 30750, "name": "Sword of the Stars II: The Lords of Winter", "site_detail_url": "https://www.giantbomb.com/sword-of-the-stars-ii-the-lords-of-winter/3030-30750/"}, {"api_detail_url": "https://www.giantbomb.com/api/game/3030-41913/", "id": 41913, "name": "Sword of the Stars: The Pit", "site_detail_url": "https://www.giantbomb.com/sword-of-the-stars-the-pit/3030-41913/"}, {"api_detail_url": "https://www.giantbomb.com/api/game/3030-70856/", "id": 70856, "name": "The Pit: Infinity", "site_detail_url": "https://www.giantbomb.com/the-pit-infinity/3030-70856/"}]}, "version": "1.0"}