{"error": "OK", "limit": 1, "offset": 0, "number_of_page_results": 1, "number_of_total_results": 1, "status_code": 1, "results": {"games": [{"api_detail_url": "https://www.giantbomb.com/api/game/3030-20692/", "id": 20692, "name": "Family Table Tennis", "site_detail_url": "https://www.giantbomb.com/family-table-tennis/3030-20692/"}, {"api_detail_url": "https://www.giantbomb.com/api/game/3030-25466/", "id": 25466, "name": "Family Pirate Party", "site_detail_url": "https://www.giantbomb.com/family-pirate-party/3030-25466/"}, {"api_detail_url": "https://www.giantbomb.com/api/game/3030-25113/", "id": 25113, "name": "Family Glide Hockey", "site_detail_url": "https://www.giantbomb.com/family-glide-hockey/3030-25113/"}, {"api_detail_url": "https://www.giantbomb.com/api/game/3030-25532/", "id": 25532, "name": "Family Mini Golf", "site_detail_url": "https://www.giantbomb.com/family-mini-golf/3030-25532/"}, {"api_detail_url": "https://www.giantbomb.com/api/game/3030-27527/", "id": 27527, "name": "Family Tennis", "site_detail_url": "https://www.giantbomb.com/family-tennis/3030-27527/"}, {"api_detail_url": "https://www.giantbomb.com/api/game/3030-27821/", "id": 27821, "name": "Family Slot Car Racing", "site_detail_url": "https://www.giantbomb.com/family-slot-car-racing/3030-27821/"}, {"api_detail_url": "https://www.giantbomb.com/api/game/3030-29143/", "id": 29143, "name": "Family Card Games", "site_detail_url": "https://www.giantbomb.com/family-card-games/3030-29143/"}, {"api_detail_url": "https://www.giantbomb.com/api/game/3030-30103/", "id": 30103, "name": "Family Go-Kart Racing", "site_detail_url": "https://www.giantbomb.com/family-go-kart-racing/3030-30103/"}, {"api_detail_url": "https://www.giantbomb.com/api/game/3030-41897/", "id": 41897, "name": "Family Tennis 3D", "site_detail_url": "https://www.giantbomb.com/family-tennis-3d/3030-41897/"}]}, "version": "1.0"}