{"error": "OK", "limit": 1, "offset": 0, "number_of_page_results": 1, "number_of_total_results": 1, "status_code": 1, "results": {"games": [{"api_detail_url": "https://www.giantbomb.com/api/game/3030-11583/", "id": 11583, "name": "SpellForce 2: Shadow Wars", "site_detail_url": "https://www.giantbomb.com/spellforce-2-shadow-wars/3030-11583/"}, {"api_detail_url": "https://www.giantbomb.com/api/game/3030-3816/", "id": 3816, "name": "SpellForce 2: Dragon Storm", "site_detail_url": "https://www.giantbomb.com/spellforce-2-dragon-storm/3030-3816/"}, {"api_detail_url": "https://www.giantbomb.com/api/game/3030-7824/", "id": 7824, "name": "SpellForce: Shadow of the Phoenix", "site_detail_url": "https://www.giantbomb.com/spellforce-shadow-of-the-phoenix/3030-7824/"}, {"api_detail_url": "https://www.giantbomb.com/api/game/3030-1775/", "id": 1775, "name": "SpellForce: The Order of Dawn", "site_detail_url": "https://www.giantbomb.com/spellforce-the-order-of-dawn/3030-1775/"}, {"api_detail_url": "https://www.giantbomb.com/api/game/3030-16390/", "id": 16390, "name": "SpellForce: Universe", "site_detail_url": "https://www.giantbomb.com/spellforce-universe/3030-16390/"}, {"api_detail_url": "https://www.giantbomb.com/api/game/3030-6364/", "id": 6364, "name": "SpellForce: The Breath of Winter", "site_detail_url": "https://www.giantbomb.com/spellforce-the-breath-of-winter/3030-6364/"}, {"api_detail_url": "https://www.giantbomb.com/api/game/3030-29410/", "id": 29410, "name": "Spellforce 2:  Faith in Destiny", "site_detail_url": "https://www.giantbomb.com/spellforce-2-faith-in-destiny/3030-29410/"}, {"api_detail_url": "https://www.giantbomb.com/api/game/3030-45145/", "id": 45145, "name": "SpellForce 2 - Demons of the Past", "site_detail_url": "https://www.giantbomb.com/spellforce-2-demons-of-the-past/3030-45145/"}, {"api_detail_url": "https://www.giantbomb.com/api/game/3030-47439/", "id": 47439, "name": "SpellForce III", "site_detail_url": "https://www.giantbomb.com/spellforce-iii/3030-47439/"}, {"api_detail_url": "https://www.giantbomb.com/api/game/3030-71409/", "id": 71409, "name": "SpellForce 3: Soul Harvest", "site_detail_url": "https://www.giantbomb.com/spellforce-3-soul-harvest/3030-71409/"}, {"api_detail_url": "https://www.giantbomb.com/api/game/3030-80773/", "id": 80773, "name": "SpellForce 3: Fallen God", "site_detail_url": "https://www.giantbomb.com/spellforce-3-fallen-god/3030-80773/"}]}, "version": "1.0"}