{"error": "OK", "limit": 1, "offset": 0, "number_of_page_results": 1, "number_of_total_results": 1, "status_code": 1, "results": {"games": [{"api_detail_url": "https://www.giantbomb.com/api/game/3030-2632/", "id": 2632, "name": "Mutant League Football", "site_detail_url": "https://www.giantbomb.com/mutant-league-football/3030-2632/"}, {"api_detail_url": "https://www.giantbomb.com/api/game/3030-8270/", "id": 8270, "name": "Mutant League Hockey", "site_detail_url": "https://www.giantbomb.com/mutant-league-hockey/3030-8270/"}, {"api_detail_url": "https://www.giantbomb.com/api/game/3030-48948/", "id": 48948, "name": "Mutant Football League", "site_detail_url": "https://www.giantbomb.com/mutant-football-league/3030-48948/"}]}, "version": "1.0"}