{"error": "OK", "limit": 1, "offset": 0, "number_of_page_results": 1, "number_of_total_results": 1, "status_code": 1, "results": {"games": [{"api_detail_url": "https://www.giantbomb.com/api/game/3030-13700/", "id": 13700, "name": "24: The Game", "site_detail_url": "https://www.giantbomb.com/24-the-game/3030-13700/"}, {"api_detail_url": "https://www.giantbomb.com/api/game/3030-25997/", "id": 25997, "name": "24 Special Ops", "site_detail_url": "https://www.giantbomb.com/24-special-ops/3030-25997/"}, {"api_detail_url": "https://www.giantbomb.com/api/game/3030-25264/", "id": 25264, "name": "24", "site_detail_url": "https://www.giantbomb.com/24/3030-25264/"}, {"api_detail_url": "https://www.giantbomb.com/api/game/3030-36817/", "id": 36817, "name": "Daito Giken Koushiki Pachislot Simulator: 24- Twenty-Four", "site_detail_url": "https://www.giantbomb.com/daito-giken-koushiki-pachislot-simulator-24-twenty/3030-36817/"}]}, "version": "1.0"}