{"error": "OK", "limit": 1, "offset": 0, "number_of_page_results": 1, "number_of_total_results": 1, "status_code": 1, "results": {"games": [{"api_detail_url": "https://www.giantbomb.com/api/game/3030-22712/", "id": 22712, "name": "Giga Wing", "site_detail_url": "https://www.giantbomb.com/giga-wing/3030-22712/"}, {"api_detail_url": "https://www.giantbomb.com/api/game/3030-385/", "id": 385, "name": "Giga Wing 2", "site_detail_url": "https://www.giantbomb.com/giga-wing-2/3030-385/"}, {"api_detail_url": "https://www.giantbomb.com/api/game/3030-49476/", "id": 49476, "name": "Giga Wing Generations", "site_detail_url": "https://www.giantbomb.com/giga-wing-generations/3030-49476/"}]}, "version": "1.0"}