{"error": "OK", "limit": 1, "offset": 0, "number_of_page_results": 1, "number_of_total_results": 1, "status_code": 1, "results": {"games": [{"api_detail_url": "https://www.giantbomb.com/api/game/3030-24132/", "id": 24132, "name": "Princess on Ice", "site_detail_url": "https://www.giantbomb.com/princess-on-ice/3030-24132/"}, {"api_detail_url": "https://www.giantbomb.com/api/game/3030-25819/", "id": 25819, "name": "Diva Girls: Princess on Ice 2", "site_detail_url": "https://www.giantbomb.com/diva-girls-princess-on-ice-2/3030-25819/"}, {"api_detail_url": "https://www.giantbomb.com/api/game/3030-24131/", "id": 24131, "name": "Princess on Ice", "site_detail_url": "https://www.giantbomb.com/princess-on-ice/3030-24131/"}, {"api_detail_url": "https://www.giantbomb.com/api/game/3030-25821/", "id": 25821, "name": "Diva Girls: Diva Dancers", "site_detail_url": "https://www.giantbomb.com/diva-girls-diva-dancers/3030-25821/"}, {"api_detail_url": "https://www.giantbomb.com/api/game/3030-25822/", "id": 25822, "name": "Diva Girls: Making the Music", "site_detail_url": "https://www.giantbomb.com/diva-girls-making-the-music/3030-25822/"}, {"api_detail_url": "https://www.giantbomb.com/api/game/3030-28468/", "id": 28468, "name": "Diva Girls: Diva Ballerina", "site_detail_url": "https://www.giantbomb.com/diva-girls-diva-ballerina/3030-28468/"}]}, "version": "1.0"}