{"error": "OK", "limit": 1, "offset": 0, "number_of_page_results": 1, "number_of_total_results": 1, "status_code": 1, "results": {"games": [{"api_detail_url": "https://www.giantbomb.com/api/game/3030-1728/", "id": 1728, "name": "Zaxxon 3-D", "site_detail_url": "https://www.giantbomb.com/zaxxon-3-d/3030-1728/"}, {"api_detail_url": "https://www.giantbomb.com/api/game/3030-7390/", "id": 7390, "name": "Zaxxon's Motherbase 2000", "site_detail_url": "https://www.giantbomb.com/zaxxons-motherbase-2000/3030-7390/"}, {"api_detail_url": "https://www.giantbomb.com/api/game/3030-9547/", "id": 9547, "name": "Zaxxon", "site_detail_url": "https://www.giantbomb.com/zaxxon/3030-9547/"}, {"api_detail_url": "https://www.giantbomb.com/api/game/3030-11994/", "id": 11994, "name": "Super Zaxxon", "site_detail_url": "https://www.giantbomb.com/super-zaxxon/3030-11994/"}, {"api_detail_url": "https://www.giantbomb.com/api/game/3030-39897/", "id": 39897, "name": "Zaxxon Escape", "site_detail_url": "https://www.giantbomb.com/zaxxon-escape/3030-39897/"}]}, "version": "1.0"}