{"error": "OK", "limit": 1, "offset": 0, "number_of_page_results": 1, "number_of_total_results": 1, "status_code": 1, "results": {"games": [{"api_detail_url": "https://www.giantbomb.com/api/game/3030-786/", "id": 786, "name": "Destruction Derby", "site_detail_url": "https://www.giantbomb.com/destruction-derby/3030-786/"}, {"api_detail_url": "https://www.giantbomb.com/api/game/3030-3729/", "id": 3729, "name": "Destruction Derby Arenas", "site_detail_url": "https://www.giantbomb.com/destruction-derby-arenas/3030-3729/"}, {"api_detail_url": "https://www.giantbomb.com/api/game/3030-10337/", "id": 10337, "name": "Destruction Derby Raw", "site_detail_url": "https://www.giantbomb.com/destruction-derby-raw/3030-10337/"}, {"api_detail_url": "https://www.giantbomb.com/api/game/3030-13776/", "id": 13776, "name": "Destruction Derby 2", "site_detail_url": "https://www.giantbomb.com/destruction-derby-2/3030-13776/"}, {"api_detail_url": "https://www.giantbomb.com/api/game/3030-16810/", "id": 16810, "name": "Destruction Derby 64", "site_detail_url": "https://www.giantbomb.com/destruction-derby-64/3030-16810/"}]}, "version": "1.0"}