{"error": "OK", "limit": 1, "offset": 0, "number_of_page_results": 1, "number_of_total_results": 1, "status_code": 1, "results": {"games": [{"api_detail_url": "https://www.giantbomb.com/api/game/3030-22844/", "id": 22844, "name": "Reel Fishing", "site_detail_url": "https://www.giantbomb.com/reel-fishing/3030-22844/"}, {"api_detail_url": "https://www.giantbomb.com/api/game/3030-26729/", "id": 26729, "name": "Reel Fishing: Angler's Dream", "site_detail_url": "https://www.giantbomb.com/reel-fishing-anglers-dream/3030-26729/"}, {"api_detail_url": "https://www.giantbomb.com/api/game/3030-26717/", "id": 26717, "name": "Reel Fishing II", "site_detail_url": "https://www.giantbomb.com/reel-fishing-ii/3030-26717/"}, {"api_detail_url": "https://www.giantbomb.com/api/game/3030-27179/", "id": 27179, "name": "Reel Fishing Challenge", "site_detail_url": "https://www.giantbomb.com/reel-fishing-challenge/3030-27179/"}, {"api_detail_url": "https://www.giantbomb.com/api/game/3030-28222/", "id": 28222, "name": "Reel Fishing Wild", "site_detail_url": "https://www.giantbomb.com/reel-fishing-wild/3030-28222/"}, {"api_detail_url": "https://www.giantbomb.com/api/game/3030-34847/", "id": 34847, "name": "Reel Fishing III", "site_detail_url": "https://www.giantbomb.com/reel-fishing-iii/3030-34847/"}, {"api_detail_url": "https://www.giantbomb.com/api/game/3030-35316/", "id": 35316, "name": "Reel Fishing Paradise 3D", "site_detail_url": "https://www.giantbomb.com/reel-fishing-paradise-3d/3030-35316/"}, {"api_detail_url": "https://www.giantbomb.com/api/game/3030-48690/", "id": 48690, "name": "Reel Fishing: Master's Challenge", "site_detail_url": "https://www.giantbomb.com/reel-fishing-masters-challenge/3030-48690/"}, {"api_detail_url": "https://www.giantbomb.com/api/game/3030-61811/", "id": 61811, "name": "Reel Fishing: The Great Outdoors", "site_detail_url": "https://www.giantbomb.com/reel-fishing-the-great-outdoors/3030-61811/"}, {"api_detail_url": "https://www.giantbomb.com/api/game/3030-75164/", "id": 75164, "name": "Reel Fishing: Road Trip Adventure", "site_detail_url": "https://www.giantbomb.com/reel-fishing-road-trip-adventure/3030-75164/"}]}, "version": "1.0"}