{"error": "OK", "limit": 1, "offset": 0, "number_of_page_results": 1, "number_of_total_results": 1, "status_code": 1, "results": {"games": [{"api_detail_url": "https://www.giantbomb.com/api/game/3030-3267/", "id": 3267, "name": "Commandos 3: Destination Berlin", "site_detail_url": "https://www.giantbomb.com/commandos-3-destination-berlin/3030-3267/"}, {"api_detail_url": "https://www.giantbomb.com/api/game/3030-8271/", "id": 8271, "name": "Commandos: Strike Force", "site_detail_url": "https://www.giantbomb.com/commandos-strike-force/3030-8271/"}, {"api_detail_url": "https://www.giantbomb.com/api/game/3030-10475/", "id": 10475, "name": "Commandos: Beyond the Call of Duty", "site_detail_url": "https://www.giantbomb.com/commandos-beyond-the-call-of-duty/3030-10475/"}, {"api_detail_url": "https://www.giantbomb.com/api/game/3030-12328/", "id": 12328, "name": "Commandos: Behind Enemy Lines", "site_detail_url": "https://www.giantbomb.com/commandos-behind-enemy-lines/3030-12328/"}, {"api_detail_url": "https://www.giantbomb.com/api/game/3030-19695/", "id": 19695, "name": "Commandos 2: Men of Courage", "site_detail_url": "https://www.giantbomb.com/commandos-2-men-of-courage/3030-19695/"}, {"api_detail_url": "https://www.giantbomb.com/api/game/3030-76834/", "id": 76834, "name": "Commandos 2 - HD Remaster", "site_detail_url": "https://www.giantbomb.com/commandos-2-hd-remaster/3030-76834/"}, {"api_detail_url": "https://www.giantbomb.com/api/game/3030-87278/", "id": 87278, "name": "Commandos 3 - HD Remaster", "site_detail_url": "https://www.giantbomb.com/commandos-3-hd-remaster/3030-87278/"}]}, "version": "1.0"}