{"error": "OK", "limit": 1, "offset": 0, "number_of_page_results": 1, "number_of_total_results": 1, "status_code": 1, "results": {"games": [{"api_detail_url": "https://www.giantbomb.com/api/game/3030-22678/", "id": 22678, "name": "Summer Athletics", "site_detail_url": "https://www.giantbomb.com/summer-athletics/3030-22678/"}, {"api_detail_url": "https://www.giantbomb.com/api/game/3030-26838/", "id": 26838, "name": "Summer Athletics 2009", "site_detail_url": "https://www.giantbomb.com/summer-athletics-2009/3030-26838/"}]}, "version": "1.0"}