{"error": "OK", "limit": 1, "offset": 0, "number_of_page_results": 1, "number_of_total_results": 1, "status_code": 1, "results": {"games": [{"api_detail_url": "https://www.giantbomb.com/api/game/3030-20493/", "id": 20493, "name": "Chessmaster: The Art of Learning", "site_detail_url": "https://www.giantbomb.com/chessmaster-the-art-of-learning/3030-20493/"}, {"api_detail_url": "https://www.giantbomb.com/api/game/3030-19195/", "id": 19195, "name": "Chessmaster 10th Edition", "site_detail_url": "https://www.giantbomb.com/chessmaster-10th-edition/3030-19195/"}, {"api_detail_url": "https://www.giantbomb.com/api/game/3030-11752/", "id": 11752, "name": "The Chessmaster", "site_detail_url": "https://www.giantbomb.com/the-chessmaster/3030-11752/"}, {"api_detail_url": "https://www.giantbomb.com/api/game/3030-15086/", "id": 15086, "name": "Chessmaster 6000", "site_detail_url": "https://www.giantbomb.com/chessmaster-6000/3030-15086/"}, {"api_detail_url": "https://www.giantbomb.com/api/game/3030-2357/", "id": 2357, "name": "Chessmaster 8000", "site_detail_url": "https://www.giantbomb.com/chessmaster-8000/3030-2357/"}, {"api_detail_url": "https://www.giantbomb.com/api/game/3030-7442/", "id": 7442, "name": "Chessmaster 7000", "site_detail_url": "https://www.giantbomb.com/chessmaster-7000/3030-7442/"}, {"api_detail_url": "https://www.giantbomb.com/api/game/3030-4128/", "id": 4128, "name": "Chessmaster II", "site_detail_url": "https://www.giantbomb.com/chessmaster-ii/3030-4128/"}, {"api_detail_url": "https://www.giantbomb.com/api/game/3030-17942/", "id": 17942, "name": "Chessmaster 5000", "site_detail_url": "https://www.giantbomb.com/chessmaster-5000/3030-17942/"}, {"api_detail_url": "https://www.giantbomb.com/api/game/3030-11104/", "id": 11104, "name": "Chessmaster 9000", "site_detail_url": "https://www.giantbomb.com/chessmaster-9000/3030-11104/"}, {"api_detail_url": "https://www.giantbomb.com/api/game/3030-6299/", "id": 6299, "name": "The Chessmaster 3-D", "site_detail_url": "https://www.giantbomb.com/the-chessmaster-3-d/3030-6299/"}, {"api_detail_url": "https://www.giantbomb.com/api/game/3030-19851/", "id": 19851, "name": "Chessmaster 4000 Turbo", "site_detail_url": "https://www.giantbomb.com/chessmaster-4000-turbo/3030-19851/"}, {"api_detail_url": "https://www.giantbomb.com/api/game/3030-20051/", "id": 20051, "name": "Chessmaster 3000", "site_detail_url": "https://www.giantbomb.com/chessmaster-3000/3030-20051/"}, {"api_detail_url": "https://www.giantbomb.com/api/game/3030-4/", "id": 4, "name": "The Chessmaster 2000", "site_detail_url": "https://www.giantbomb.com/the-chessmaster-2000/3030-4/"}, {"api_detail_url": "https://www.giantbomb.com/api/game/3030-30002/", "id": 30002, "name": "Chessmaster 5500", "site_detail_url": "https://www.giantbomb.com/chessmaster-5500/3030-30002/"}, {"api_detail_url": "https://www.giantbomb.com/api/game/3030-9419/", "id": 9419, "name": "Chessmaster", "site_detail_url": "https://www.giantbomb.com/chessmaster/3030-9419/"}, {"api_detail_url": "https://www.giantbomb.com/api/game/3030-20770/", "id": 20770, "name": "Chessmaster Live", "site_detail_url": "https://www.giantbomb.com/chessmaster-live/3030-20770/"}, {"api_detail_url": "https://www.giantbomb.com/api/game/3030-21808/", "id": 21808, "name": "Chessmaster Grandmaster Edition", "site_detail_url": "https://www.giantbomb.com/chessmaster-grandmaster-edition/3030-21808/"}, {"api_detail_url": "https://www.giantbomb.com/api/game/3030-30004/", "id": 30004, "name": "Chessmaster", "site_detail_url": "https://www.giantbomb.com/chessmaster/3030-30004/"}]}, "version": "1.0"}