{"error": "OK", "limit": 1, "offset": 0, "number_of_page_results": 1, "number_of_total_results": 1, "status_code": 1, "results": {"games": [{"api_detail_url": "https://www.giantbomb.com/api/game/3030-11103/", "id": 11103, "name": "Mega Man ZX", "site_detail_url": "https://www.giantbomb.com/mega-man-zx/3030-11103/"}, {"api_detail_url": "https://www.giantbomb.com/api/game/3030-20435/", "id": 20435, "name": "Mega Man ZX Advent", "site_detail_url": "https://www.giantbomb.com/mega-man-zx-advent/3030-20435/"}, {"api_detail_url": "https://www.giantbomb.com/api/game/3030-74915/", "id": 74915, "name": "Mega Man Zero/ZX Legacy Collection", "site_detail_url": "https://www.giantbomb.com/mega-man-zerozx-legacy-collection/3030-74915/"}]}, "version": "1.0"}