{"error": "OK", "limit": 1, "offset": 0, "number_of_page_results": 1, "number_of_total_results": 1, "status_code": 1, "results": {"games": [{"api_detail_url": "https://www.giantbomb.com/api/game/3030-26579/", "id": 26579, "name": "D.Gray-man: Sousha no Shikaku", "site_detail_url": "https://www.giantbomb.com/dgray-man-sousha-no-shikaku/3030-26579/"}, {"api_detail_url": "https://www.giantbomb.com/api/game/3030-26572/", "id": 26572, "name": "D.Gray-man: Kami no Shitotachi", "site_detail_url": "https://www.giantbomb.com/dgray-man-kami-no-shitotachi/3030-26572/"}]}, "version": "1.0"}