{"error": "OK", "limit": 1, "offset": 0, "number_of_page_results": 1, "number_of_total_results": 1, "status_code": 1, "results": {"games": [{"api_detail_url": "https://www.giantbomb.com/api/game/3030-5192/", "id": 5192, "name": "Hello Kitty: Roller Rescue", "site_detail_url": "https://www.giantbomb.com/hello-kitty-roller-rescue/3030-5192/"}, {"api_detail_url": "https://www.giantbomb.com/api/game/3030-19096/", "id": 19096, "name": "Hello Kitty Cutie World", "site_detail_url": "https://www.giantbomb.com/hello-kitty-cutie-world/3030-19096/"}, {"api_detail_url": "https://www.giantbomb.com/api/game/3030-2557/", "id": 2557, "name": "Hello Kitty's Big Fun Piano", "site_detail_url": "https://www.giantbomb.com/hello-kittys-big-fun-piano/3030-2557/"}, {"api_detail_url": "https://www.giantbomb.com/api/game/3030-24112/", "id": 24112, "name": "Hello Kitty Online", "site_detail_url": "https://www.giantbomb.com/hello-kitty-online/3030-24112/"}, {"api_detail_url": "https://www.giantbomb.com/api/game/3030-24505/", "id": 24505, "name": "Hello Kitty Big City Dreams", "site_detail_url": "https://www.giantbomb.com/hello-kitty-big-city-dreams/3030-24505/"}, {"api_detail_url": "https://www.giantbomb.com/api/game/3030-26625/", "id": 26625, "name": "Hello Kitty Daily", "site_detail_url": "https://www.giantbomb.com/hello-kitty-daily/3030-26625/"}, {"api_detail_url": "https://www.giantbomb.com/api/game/3030-29194/", "id": 29194, "name": "Hello Kitty Party", "site_detail_url": "https://www.giantbomb.com/hello-kitty-party/3030-29194/"}, {"api_detail_url": "https://www.giantbomb.com/api/game/3030-32214/", "id": 32214, "name": "Hello Kitty: Birthday Adventures", "site_detail_url": "https://www.giantbomb.com/hello-kitty-birthday-adventures/3030-32214/"}, {"api_detail_url": "https://www.giantbomb.com/api/game/3030-34862/", "id": 34862, "name": "Hello Kitty - Yume no Kuni Daib\u014dken", "site_detail_url": "https://www.giantbomb.com/hello-kitty-yume-no-kuni-daiboken/3030-34862/"}, {"api_detail_url": "https://www.giantbomb.com/api/game/3030-32678/", "id": 32678, "name": "Hello Kitty's Cube Frenzy", "site_detail_url": "https://www.giantbomb.com/hello-kittys-cube-frenzy/3030-32678/"}, {"api_detail_url": "https://www.giantbomb.com/api/game/3030-36493/", "id": 36493, "name": "Hello Kitty to Issho: Block Crash V", "site_detail_url": "https://www.giantbomb.com/hello-kitty-to-issho-block-crash-v/3030-36493/"}, {"api_detail_url": "https://www.giantbomb.com/api/game/3030-36684/", "id": 36684, "name": "Dear Daniel no Sweet Adventure: Kitty-Chan o Sagashite", "site_detail_url": "https://www.giantbomb.com/dear-daniel-no-sweet-adventure-kitty-chan-o-sagash/3030-36684/"}, {"api_detail_url": "https://www.giantbomb.com/api/game/3030-36952/", "id": 36952, "name": "Fairy Kitty no Kaiun Jiten: Yousei no Kuni no Uranai Shugyou", "site_detail_url": "https://www.giantbomb.com/fairy-kitty-no-kaiun-jiten-yousei-no-kuni-no-urana/3030-36952/"}, {"api_detail_url": "https://www.giantbomb.com/api/game/3030-37821/", "id": 37821, "name": "Hello Kitty: Happy Party Pals", "site_detail_url": "https://www.giantbomb.com/hello-kitty-happy-party-pals/3030-37821/"}, {"api_detail_url": "https://www.giantbomb.com/api/game/3030-38404/", "id": 38404, "name": "Sanrio World Smash Ball!", "site_detail_url": "https://www.giantbomb.com/sanrio-world-smash-ball/3030-38404/"}, {"api_detail_url": "https://www.giantbomb.com/api/game/3030-39587/", "id": 39587, "name": "Simple 1500 Series Hello Kitty Vol. 02: Hello Kitty Illust Puzzle", "site_detail_url": "https://www.giantbomb.com/simple-1500-series-hello-kitty-vol-02-hello-kitty-/3030-39587/"}, {"api_detail_url": "https://www.giantbomb.com/api/game/3030-39588/", "id": 39588, "name": "Simple 1500 Series Hello Kitty Vol. 01: Hello Kitty Bowling", "site_detail_url": "https://www.giantbomb.com/simple-1500-series-hello-kitty-vol-01-hello-kitty-/3030-39588/"}, {"api_detail_url": "https://www.giantbomb.com/api/game/3030-39600/", "id": 39600, "name": "Simple 1500 Series Hello Kitty Vol. 03: Hello Kitty Block Kuzushi", "site_detail_url": "https://www.giantbomb.com/simple-1500-series-hello-kitty-vol-03-hello-kitty-/3030-39600/"}, {"api_detail_url": "https://www.giantbomb.com/api/game/3030-39601/", "id": 39601, "name": "Simple 1500 Series Hello Kitty Vol. 04: Trump", "site_detail_url": "https://www.giantbomb.com/simple-1500-series-hello-kitty-vol-04-trump/3030-39601/"}, {"api_detail_url": "https://www.giantbomb.com/api/game/3030-39602/", "id": 39602, "name": "Simple 2000 Hello Kitty Series Vol. 1: Starlight Puzzle", "site_detail_url": "https://www.giantbomb.com/simple-2000-hello-kitty-series-vol-1-starlight-puz/3030-39602/"}, {"api_detail_url": "https://www.giantbomb.com/api/game/3030-39733/", "id": 39733, "name": "Hello Kitty: Mahou no Apron", "site_detail_url": "https://www.giantbomb.com/hello-kitty-mahou-no-apron/3030-39733/"}, {"api_detail_url": "https://www.giantbomb.com/api/game/3030-40190/", "id": 40190, "name": "Hello Kitty Fairy Tale Samegame", "site_detail_url": "https://www.giantbomb.com/hello-kitty-fairy-tale-samegame/3030-40190/"}, {"api_detail_url": "https://www.giantbomb.com/api/game/3030-43436/", "id": 43436, "name": "Hello Kitty to McDonald de Asobo!", "site_detail_url": "https://www.giantbomb.com/hello-kitty-to-mcdonald-de-asobo/3030-43436/"}, {"api_detail_url": "https://www.giantbomb.com/api/game/3030-43444/", "id": 43444, "name": "Hello Kitty to Issho! Block Crash Z", "site_detail_url": "https://www.giantbomb.com/hello-kitty-to-issho-block-crash-z/3030-43444/"}, {"api_detail_url": "https://www.giantbomb.com/api/game/3030-14092/", "id": 14092, "name": "Balloon Kid", "site_detail_url": "https://www.giantbomb.com/balloon-kid/3030-14092/"}, {"api_detail_url": "https://www.giantbomb.com/api/game/3030-43449/", "id": 43449, "name": "Hello Kitty to Issho! Block Crash 123!!", "site_detail_url": "https://www.giantbomb.com/hello-kitty-to-issho-block-crash-123/3030-43449/"}, {"api_detail_url": "https://www.giantbomb.com/api/game/3030-44192/", "id": 44192, "name": "Hello Kitty Kruisers with Sanrio Friends", "site_detail_url": "https://www.giantbomb.com/hello-kitty-kruisers-with-sanrio-friends/3030-44192/"}, {"api_detail_url": "https://www.giantbomb.com/api/game/3030-35727/", "id": 35727, "name": "Hello Kitty Seasons", "site_detail_url": "https://www.giantbomb.com/hello-kitty-seasons/3030-35727/"}, {"api_detail_url": "https://www.giantbomb.com/api/game/3030-46331/", "id": 46331, "name": "Hello Kitty no Waku Waku Quiz", "site_detail_url": "https://www.giantbomb.com/hello-kitty-no-waku-waku-quiz/3030-46331/"}, {"api_detail_url": "https://www.giantbomb.com/api/game/3030-6481/", "id": 6481, "name": "Kero Kero Keroppi no Bouken Nikki: Nemureru Mori no Keroleen", "site_detail_url": "https://www.giantbomb.com/kero-kero-keroppi-no-bouken-nikki-nemureru-mori-no/3030-6481/"}, {"api_detail_url": "https://www.giantbomb.com/api/game/3030-49776/", "id": 49776, "name": "Sanrio Shanghai", "site_detail_url": "https://www.giantbomb.com/sanrio-shanghai/3030-49776/"}, {"api_detail_url": "https://www.giantbomb.com/api/game/3030-50756/", "id": 50756, "name": "Hello Kitty and Sanrio Friends Racing", "site_detail_url": "https://www.giantbomb.com/hello-kitty-and-sanrio-friends-racing/3030-50756/"}, {"api_detail_url": "https://www.giantbomb.com/api/game/3030-55771/", "id": 55771, "name": "Hello Kitty to Dear Daniel no Dream Adventure", "site_detail_url": "https://www.giantbomb.com/hello-kitty-to-dear-daniel-no-dream-adventure/3030-55771/"}, {"api_detail_url": "https://www.giantbomb.com/api/game/3030-64212/", "id": 64212, "name": "Hello Kitty & Friends: Rock n' World Tour", "site_detail_url": "https://www.giantbomb.com/hello-kitty-friends-rock-n-world-tour/3030-64212/"}, {"api_detail_url": "https://www.giantbomb.com/api/game/3030-64213/", "id": 64213, "name": "Hello Kitty: Happy Happy Family", "site_detail_url": "https://www.giantbomb.com/hello-kitty-happy-happy-family/3030-64213/"}, {"api_detail_url": "https://www.giantbomb.com/api/game/3030-44453/", "id": 44453, "name": "Travel Adventures with Hello Kitty", "site_detail_url": "https://www.giantbomb.com/travel-adventures-with-hello-kitty/3030-44453/"}, {"api_detail_url": "https://www.giantbomb.com/api/game/3030-64214/", "id": 64214, "name": "Loving Life with Hello Kitty & Friends", "site_detail_url": "https://www.giantbomb.com/loving-life-with-hello-kitty-friends/3030-64214/"}, {"api_detail_url": "https://www.giantbomb.com/api/game/3030-64215/", "id": 64215, "name": "Hello Kitty: Puzzle Party", "site_detail_url": "https://www.giantbomb.com/hello-kitty-puzzle-party/3030-64215/"}, {"api_detail_url": "https://www.giantbomb.com/api/game/3030-70024/", "id": 70024, "name": "Hello Kitty no Hanabatake", "site_detail_url": "https://www.giantbomb.com/hello-kitty-no-hanabatake/3030-70024/"}, {"api_detail_url": "https://www.giantbomb.com/api/game/3030-83128/", "id": 83128, "name": "Hello Kitty no PacPac & Logic", "site_detail_url": "https://www.giantbomb.com/hello-kitty-no-pacpac-and-logic/3030-83128/"}, {"api_detail_url": "https://www.giantbomb.com/api/game/3030-86790/", "id": 86790, "name": "Hello Kitty no Happy House", "site_detail_url": "https://www.giantbomb.com/hello-kitty-no-happy-house/3030-86790/"}]}, "version": "1.0"}