{"error": "OK", "limit": 1, "offset": 0, "number_of_page_results": 1, "number_of_total_results": 1, "status_code": 1, "results": {"games": [{"api_detail_url": "https://www.giantbomb.com/api/game/3030-2620/", "id": 2620, "name": "King's Field", "site_detail_url": "https://www.giantbomb.com/kings-field/3030-2620/"}, {"api_detail_url": "https://www.giantbomb.com/api/game/3030-619/", "id": 619, "name": "King's Field", "site_detail_url": "https://www.giantbomb.com/kings-field/3030-619/"}, {"api_detail_url": "https://www.giantbomb.com/api/game/3030-18509/", "id": 18509, "name": "King's Field: The Ancient City", "site_detail_url": "https://www.giantbomb.com/kings-field-the-ancient-city/3030-18509/"}, {"api_detail_url": "https://www.giantbomb.com/api/game/3030-28444/", "id": 28444, "name": "King's Field II", "site_detail_url": "https://www.giantbomb.com/kings-field-ii/3030-28444/"}, {"api_detail_url": "https://www.giantbomb.com/api/game/3030-58252/", "id": 58252, "name": "King's Field: Additional II", "site_detail_url": "https://www.giantbomb.com/kings-field-additional-ii/3030-58252/"}, {"api_detail_url": "https://www.giantbomb.com/api/game/3030-58251/", "id": 58251, "name": "King's Field: Additional I", "site_detail_url": "https://www.giantbomb.com/kings-field-additional-i/3030-58251/"}]}, "version": "1.0"}