{"error": "OK", "limit": 1, "offset": 0, "number_of_page_results": 1, "number_of_total_results": 1, "status_code": 1, "results": {"games": [{"api_detail_url": "https://www.giantbomb.com/api/game/3030-19852/", "id": 19852, "name": "The Blackwell Legacy", "site_detail_url": "https://www.giantbomb.com/the-blackwell-legacy/3030-19852/"}, {"api_detail_url": "https://www.giantbomb.com/api/game/3030-8175/", "id": 8175, "name": "Blackwell Unbound", "site_detail_url": "https://www.giantbomb.com/blackwell-unbound/3030-8175/"}, {"api_detail_url": "https://www.giantbomb.com/api/game/3030-24807/", "id": 24807, "name": "The Blackwell Convergence", "site_detail_url": "https://www.giantbomb.com/the-blackwell-convergence/3030-24807/"}, {"api_detail_url": "https://www.giantbomb.com/api/game/3030-36748/", "id": 36748, "name": "Blackwell Deception", "site_detail_url": "https://www.giantbomb.com/blackwell-deception/3030-36748/"}, {"api_detail_url": "https://www.giantbomb.com/api/game/3030-41722/", "id": 41722, "name": "Blackwell Epiphany", "site_detail_url": "https://www.giantbomb.com/blackwell-epiphany/3030-41722/"}]}, "version": "1.0"}