{"error": "OK", "limit": 1, "offset": 0, "number_of_page_results": 1, "number_of_total_results": 1, "status_code": 1, "results": {"games": [{"api_detail_url": "https://www.giantbomb.com/api/game/3030-20954/", "id": 20954, "name": "Shaun White Snowboarding", "site_detail_url": "https://www.giantbomb.com/shaun-white-snowboarding/3030-20954/"}, {"api_detail_url": "https://www.giantbomb.com/api/game/3030-26635/", "id": 26635, "name": "Shaun White Snowboarding: World Stage", "site_detail_url": "https://www.giantbomb.com/shaun-white-snowboarding-world-stage/3030-26635/"}, {"api_detail_url": "https://www.giantbomb.com/api/game/3030-30195/", "id": 30195, "name": "Shaun White Skateboarding", "site_detail_url": "https://www.giantbomb.com/shaun-white-skateboarding/3030-30195/"}]}, "version": "1.0"}