{"error": "OK", "limit": 1, "offset": 0, "number_of_page_results": 1, "number_of_total_results": 1, "status_code": 1, "results": {"games": [{"api_detail_url": "https://www.giantbomb.com/api/game/3030-15618/", "id": 15618, "name": "Tenchi o Kurau II: Shokatsu Koumei-den", "site_detail_url": "https://www.giantbomb.com/tenchi-o-kurau-ii-shokatsu-koumei-den/3030-15618/"}, {"api_detail_url": "https://www.giantbomb.com/api/game/3030-1624/", "id": 1624, "name": "Destiny of an Emperor", "site_detail_url": "https://www.giantbomb.com/destiny-of-an-emperor/3030-1624/"}]}, "version": "1.0"}