{"error": "OK", "limit": 1, "offset": 0, "number_of_page_results": 1, "number_of_total_results": 1, "status_code": 1, "results": {"games": [{"api_detail_url": "https://www.giantbomb.com/api/game/3030-18447/", "id": 18447, "name": "The Faery Tale Adventure: Book I", "site_detail_url": "https://www.giantbomb.com/the-faery-tale-adventure-book-i/3030-18447/"}, {"api_detail_url": "https://www.giantbomb.com/api/game/3030-2553/", "id": 2553, "name": "Halls of the Dead: Faery Tale Adventure II", "site_detail_url": "https://www.giantbomb.com/halls-of-the-dead-faery-tale-adventure-ii/3030-2553/"}]}, "version": "1.0"}