{"error": "OK", "limit": 1, "offset": 0, "number_of_page_results": 1, "number_of_total_results": 1, "status_code": 1, "results": {"games": [{"api_detail_url": "https://www.giantbomb.com/api/game/3030-1168/", "id": 1168, "name": "Battalion Wars 2", "site_detail_url": "https://www.giantbomb.com/battalion-wars-2/3030-1168/"}, {"api_detail_url": "https://www.giantbomb.com/api/game/3030-3575/", "id": 3575, "name": "Battalion Wars", "site_detail_url": "https://www.giantbomb.com/battalion-wars/3030-3575/"}]}, "version": "1.0"}