{"error": "OK", "limit": 1, "offset": 0, "number_of_page_results": 1, "number_of_total_results": 1, "status_code": 1, "results": {"games": [{"api_detail_url": "https://www.giantbomb.com/api/game/3030-17293/", "id": 17293, "name": "Alien Shooter", "site_detail_url": "https://www.giantbomb.com/alien-shooter/3030-17293/"}, {"api_detail_url": "https://www.giantbomb.com/api/game/3030-16238/", "id": 16238, "name": "Alien Shooter 2", "site_detail_url": "https://www.giantbomb.com/alien-shooter-2/3030-16238/"}, {"api_detail_url": "https://www.giantbomb.com/api/game/3030-39046/", "id": 39046, "name": "Alien Shooter 2 Conscription", "site_detail_url": "https://www.giantbomb.com/alien-shooter-2-conscription/3030-39046/"}, {"api_detail_url": "https://www.giantbomb.com/api/game/3030-36205/", "id": 36205, "name": "Alien Hallway", "site_detail_url": "https://www.giantbomb.com/alien-hallway/3030-36205/"}, {"api_detail_url": "https://www.giantbomb.com/api/game/3030-71385/", "id": 71385, "name": "Alien Shooter TD", "site_detail_url": "https://www.giantbomb.com/alien-shooter-td/3030-71385/"}, {"api_detail_url": "https://www.giantbomb.com/api/game/3030-71386/", "id": 71386, "name": "Alien Hallway 2", "site_detail_url": "https://www.giantbomb.com/alien-hallway-2/3030-71386/"}]}, "version": "1.0"}