{"error": "OK", "limit": 1, "offset": 0, "number_of_page_results": 1, "number_of_total_results": 1, "status_code": 1, "results": {"games": [{"api_detail_url": "https://www.giantbomb.com/api/game/3030-26052/", "id": 26052, "name": "Disney Princess Enchanted Learning", "site_detail_url": "https://www.giantbomb.com/disney-princess-enchanted-learning/3030-26052/"}, {"api_detail_url": "https://www.giantbomb.com/api/game/3030-26057/", "id": 26057, "name": "Disney Princess Worlds of Enchantment", "site_detail_url": "https://www.giantbomb.com/disney-princess-worlds-of-enchantment/3030-26057/"}, {"api_detail_url": "https://www.giantbomb.com/api/game/3030-27901/", "id": 27901, "name": "Disney Princess: Enchanted Journey", "site_detail_url": "https://www.giantbomb.com/disney-princess-enchanted-journey/3030-27901/"}, {"api_detail_url": "https://www.giantbomb.com/api/game/3030-31392/", "id": 31392, "name": "Disney Princess", "site_detail_url": "https://www.giantbomb.com/disney-princess/3030-31392/"}, {"api_detail_url": "https://www.giantbomb.com/api/game/3030-37056/", "id": 37056, "name": "Disney Princess: Enchanting Storybooks", "site_detail_url": "https://www.giantbomb.com/disney-princess-enchanting-storybooks/3030-37056/"}, {"api_detail_url": "https://www.giantbomb.com/api/game/3030-39058/", "id": 39058, "name": "Disney Princess: My Fairytale Adventure", "site_detail_url": "https://www.giantbomb.com/disney-princess-my-fairytale-adventure/3030-39058/"}, {"api_detail_url": "https://www.giantbomb.com/api/game/3030-52815/", "id": 52815, "name": "Disney Princess: Suteki ni Lesson! Hiragana-Katakana", "site_detail_url": "https://www.giantbomb.com/disney-princess-suteki-ni-lesson-hiraganakatakana/3030-52815/"}, {"api_detail_url": "https://www.giantbomb.com/api/game/3030-74519/", "id": 74519, "name": "Disney Princess: Magical Jewels", "site_detail_url": "https://www.giantbomb.com/disney-princess-magical-jewels/3030-74519/"}, {"api_detail_url": "https://www.giantbomb.com/api/game/3030-79732/", "id": 79732, "name": "The Little Mermaid: Ariel's Princess Adventures", "site_detail_url": "https://www.giantbomb.com/the-little-mermaid-ariels-princess-adventures/3030-79732/"}]}, "version": "1.0"}