{"error": "OK", "limit": 1, "offset": 0, "number_of_page_results": 1, "number_of_total_results": 1, "status_code": 1, "results": {"games": [{"api_detail_url": "https://www.giantbomb.com/api/game/3030-27523/", "id": 27523, "name": "MASK", "site_detail_url": "https://www.giantbomb.com/mask/3030-27523/"}, {"api_detail_url": "https://www.giantbomb.com/api/game/3030-27616/", "id": 27616, "name": "MASK II", "site_detail_url": "https://www.giantbomb.com/mask-ii/3030-27616/"}, {"api_detail_url": "https://www.giantbomb.com/api/game/3030-41128/", "id": 41128, "name": "VENOM Strikes Back", "site_detail_url": "https://www.giantbomb.com/venom-strikes-back/3030-41128/"}]}, "version": "1.0"}