{"error": "OK", "limit": 1, "offset": 0, "number_of_page_results": 1, "number_of_total_results": 1, "status_code": 1, "results": {"games": [{"api_detail_url": "https://www.giantbomb.com/api/game/3030-7005/", "id": 7005, "name": "Dragon Slayer: Eiyuu Densetsu II", "site_detail_url": "https://www.giantbomb.com/dragon-slayer-eiyuu-densetsu-ii/3030-7005/"}, {"api_detail_url": "https://www.giantbomb.com/api/game/3030-19597/", "id": 19597, "name": "Dragon Slayer: The Legend of Heroes", "site_detail_url": "https://www.giantbomb.com/dragon-slayer-the-legend-of-heroes/3030-19597/"}, {"api_detail_url": "https://www.giantbomb.com/api/game/3030-5104/", "id": 5104, "name": "The Legend of Heroes: Trails in the Sky", "site_detail_url": "https://www.giantbomb.com/the-legend-of-heroes-trails-in-the-sky/3030-5104/"}, {"api_detail_url": "https://www.giantbomb.com/api/game/3030-19938/", "id": 19938, "name": "The Legend of Heroes: A Tear of Vermillion", "site_detail_url": "https://www.giantbomb.com/the-legend-of-heroes-a-tear-of-vermillion/3030-19938/"}, {"api_detail_url": "https://www.giantbomb.com/api/game/3030-6859/", "id": 6859, "name": "The Legend of Heroes II: Prophecy of the Moonlight Witch", "site_detail_url": "https://www.giantbomb.com/the-legend-of-heroes-ii-prophecy-of-the-moonlight-/3030-6859/"}, {"api_detail_url": "https://www.giantbomb.com/api/game/3030-5278/", "id": 5278, "name": "The Legend of Heroes III: Song of the Ocean", "site_detail_url": "https://www.giantbomb.com/the-legend-of-heroes-iii-song-of-the-ocean/3030-5278/"}, {"api_detail_url": "https://www.giantbomb.com/api/game/3030-30364/", "id": 30364, "name": "Ys vs. Sora no Kiseki: Alternative Saga", "site_detail_url": "https://www.giantbomb.com/ys-vs-sora-no-kiseki-alternative-saga/3030-30364/"}, {"api_detail_url": "https://www.giantbomb.com/api/game/3030-35455/", "id": 35455, "name": "The Legend of Heroes: Trails in the Sky the 3rd", "site_detail_url": "https://www.giantbomb.com/the-legend-of-heroes-trails-in-the-sky-the-3rd/3030-35455/"}, {"api_detail_url": "https://www.giantbomb.com/api/game/3030-35456/", "id": 35456, "name": "The Legend of Heroes: Trails from Zero", "site_detail_url": "https://www.giantbomb.com/the-legend-of-heroes-trails-from-zero/3030-35456/"}, {"api_detail_url": "https://www.giantbomb.com/api/game/3030-35457/", "id": 35457, "name": "The Legend of Heroes: Trails to Azure", "site_detail_url": "https://www.giantbomb.com/the-legend-of-heroes-trails-to-azure/3030-35457/"}, {"api_detail_url": "https://www.giantbomb.com/api/game/3030-35530/", "id": 35530, "name": "The Legend of Heroes: Trails in the Sky SC", "site_detail_url": "https://www.giantbomb.com/the-legend-of-heroes-trails-in-the-sky-sc/3030-35530/"}, {"api_detail_url": "https://www.giantbomb.com/api/game/3030-40878/", "id": 40878, "name": "The Legend of Heroes: Trails of Cold Steel", "site_detail_url": "https://www.giantbomb.com/the-legend-of-heroes-trails-of-cold-steel/3030-40878/"}, {"api_detail_url": "https://www.giantbomb.com/api/game/3030-42651/", "id": 42651, "name": "The Legend of Heroes I & II: Eiyuu Densetsu", "site_detail_url": "https://www.giantbomb.com/the-legend-of-heroes-i-ii-eiyuu-densetsu/3030-42651/"}, {"api_detail_url": "https://www.giantbomb.com/api/game/3030-45228/", "id": 45228, "name": "The Legend of Heroes: Trails of Cold Steel II", "site_detail_url": "https://www.giantbomb.com/the-legend-of-heroes-trails-of-cold-steel-ii/3030-45228/"}, {"api_detail_url": "https://www.giantbomb.com/api/game/3030-51909/", "id": 51909, "name": "The Legend of Heroes: Trails of Cold Steel III", "site_detail_url": "https://www.giantbomb.com/the-legend-of-heroes-trails-of-cold-steel-iii/3030-51909/"}, {"api_detail_url": "https://www.giantbomb.com/api/game/3030-59263/", "id": 59263, "name": "The Legend of Heroes: Akatsuki no Kiseki", "site_detail_url": "https://www.giantbomb.com/the-legend-of-heroes-akatsuki-no-kiseki/3030-59263/"}, {"api_detail_url": "https://www.giantbomb.com/api/game/3030-62514/", "id": 62514, "name": "The Legend of Heroes: Trails of Cold Steel IV", "site_detail_url": "https://www.giantbomb.com/the-legend-of-heroes-trails-of-cold-steel-iv/3030-62514/"}, {"api_detail_url": "https://www.giantbomb.com/api/game/3030-76412/", "id": 76412, "name": "The Legend of Heroes: Trails into Reverie", "site_detail_url": "https://www.giantbomb.com/the-legend-of-heroes-trails-into-reverie/3030-76412/"}, {"api_detail_url": "https://www.giantbomb.com/api/game/3030-76943/", "id": 76943, "name": "Eiyuu Densetsu: Sora no Kiseki - Kizuna", "site_detail_url": "https://www.giantbomb.com/eiyuu-densetsu-sora-no-kiseki-kizuna/3030-76943/"}, {"api_detail_url": "https://www.giantbomb.com/api/game/3030-81396/", "id": 81396, "name": "The Legend of Heroes: Kuro no Kiseki", "site_detail_url": "https://www.giantbomb.com/the-legend-of-heroes-kuro-no-kiseki/3030-81396/"}, {"api_detail_url": "https://www.giantbomb.com/api/game/3030-84509/", "id": 84509, "name": "The Legend of Heroes: Kuro no Kiseki II - Crimson Sin", "site_detail_url": "https://www.giantbomb.com/the-legend-of-heroes-kuro-no-kiseki-ii-crimson-sin/3030-84509/"}]}, "version": "1.0"}