{"error": "OK", "limit": 1, "offset": 0, "number_of_page_results": 1, "number_of_total_results": 1, "status_code": 1, "results": {"games": [{"api_detail_url": "https://www.giantbomb.com/api/game/3030-1695/", "id": 1695, "name": ".hack//G.U. Vol. 1: Rebirth", "site_detail_url": "https://www.giantbomb.com/hackgu-vol-1-rebirth/3030-1695/"}, {"api_detail_url": "https://www.giantbomb.com/api/game/3030-2038/", "id": 2038, "name": ".hack//OUTBREAK - Part 3", "site_detail_url": "https://www.giantbomb.com/hackoutbreak-part-3/3030-2038/"}, {"api_detail_url": "https://www.giantbomb.com/api/game/3030-10287/", "id": 10287, "name": ".hack//INFECTION - Part 1", "site_detail_url": "https://www.giantbomb.com/hackinfection-part-1/3030-10287/"}, {"api_detail_url": "https://www.giantbomb.com/api/game/3030-12021/", "id": 12021, "name": ".hack//MUTATION - Part 2", "site_detail_url": "https://www.giantbomb.com/hackmutation-part-2/3030-12021/"}, {"api_detail_url": "https://www.giantbomb.com/api/game/3030-13921/", "id": 13921, "name": ".hack//QUARANTINE - Part 4", "site_detail_url": "https://www.giantbomb.com/hackquarantine-part-4/3030-13921/"}, {"api_detail_url": "https://www.giantbomb.com/api/game/3030-22823/", "id": 22823, "name": ".hack//G.U. Vol. 2: Reminisce", "site_detail_url": "https://www.giantbomb.com/hackgu-vol-2-reminisce/3030-22823/"}, {"api_detail_url": "https://www.giantbomb.com/api/game/3030-22824/", "id": 22824, "name": ".hack//G.U. Vol. 3: Redemption", "site_detail_url": "https://www.giantbomb.com/hackgu-vol-3-redemption/3030-22824/"}, {"api_detail_url": "https://www.giantbomb.com/api/game/3030-25133/", "id": 25133, "name": ".hack//Link", "site_detail_url": "https://www.giantbomb.com/hacklink/3030-25133/"}, {"api_detail_url": "https://www.giantbomb.com/api/game/3030-30691/", "id": 30691, "name": ".hack//fragment", "site_detail_url": "https://www.giantbomb.com/hackfragment/3030-30691/"}, {"api_detail_url": "https://www.giantbomb.com/api/game/3030-38151/", "id": 38151, "name": ".hack//Versus", "site_detail_url": "https://www.giantbomb.com/hackversus/3030-38151/"}, {"api_detail_url": "https://www.giantbomb.com/api/game/3030-59931/", "id": 59931, "name": ".hack//G.U. Last Recode", "site_detail_url": "https://www.giantbomb.com/hackgu-last-recode/3030-59931/"}]}, "version": "1.0"}