{"error": "OK", "limit": 1, "offset": 0, "number_of_page_results": 1, "number_of_total_results": 1, "status_code": 1, "results": {"games": [{"api_detail_url": "https://www.giantbomb.com/api/game/3030-6/", "id": 6, "name": "WWE SmackDown! vs. RAW 2007", "site_detail_url": "https://www.giantbomb.com/wwe-smackdown-vs-raw-2007/3030-6/"}, {"api_detail_url": "https://www.giantbomb.com/api/game/3030-487/", "id": 487, "name": "WWE WrestleMania 21", "site_detail_url": "https://www.giantbomb.com/wwe-wrestlemania-21/3030-487/"}, {"api_detail_url": "https://www.giantbomb.com/api/game/3030-3732/", "id": 3732, "name": "WWE WrestleMania X8", "site_detail_url": "https://www.giantbomb.com/wwe-wrestlemania-x8/3030-3732/"}, {"api_detail_url": "https://www.giantbomb.com/api/game/3030-7552/", "id": 7552, "name": "WWE SmackDown! Shut Your Mouth", "site_detail_url": "https://www.giantbomb.com/wwe-smackdown-shut-your-mouth/3030-7552/"}, {"api_detail_url": "https://www.giantbomb.com/api/game/3030-10338/", "id": 10338, "name": "WWE SmackDown! vs. RAW 2006", "site_detail_url": "https://www.giantbomb.com/wwe-smackdown-vs-raw-2006/3030-10338/"}, {"api_detail_url": "https://www.giantbomb.com/api/game/3030-12592/", "id": 12592, "name": "WWE SmackDown! vs. RAW 2008", "site_detail_url": "https://www.giantbomb.com/wwe-smackdown-vs-raw-2008/3030-12592/"}, {"api_detail_url": "https://www.giantbomb.com/api/game/3030-13393/", "id": 13393, "name": "WWE SmackDown! vs. RAW", "site_detail_url": "https://www.giantbomb.com/wwe-smackdown-vs-raw/3030-13393/"}, {"api_detail_url": "https://www.giantbomb.com/api/game/3030-15815/", "id": 15815, "name": "WWE SmackDown! Here Comes the Pain", "site_detail_url": "https://www.giantbomb.com/wwe-smackdown-here-comes-the-pain/3030-15815/"}, {"api_detail_url": "https://www.giantbomb.com/api/game/3030-16374/", "id": 16374, "name": "WWE WrestleMania XIX", "site_detail_url": "https://www.giantbomb.com/wwe-wrestlemania-xix/3030-16374/"}, {"api_detail_url": "https://www.giantbomb.com/api/game/3030-20723/", "id": 20723, "name": "WWE Legends of WrestleMania", "site_detail_url": "https://www.giantbomb.com/wwe-legends-of-wrestlemania/3030-20723/"}, {"api_detail_url": "https://www.giantbomb.com/api/game/3030-20680/", "id": 20680, "name": "WWE SmackDown! vs. RAW 2009", "site_detail_url": "https://www.giantbomb.com/wwe-smackdown-vs-raw-2009/3030-20680/"}, {"api_detail_url": "https://www.giantbomb.com/api/game/3030-14912/", "id": 14912, "name": "WWE Road to WrestleMania X8", "site_detail_url": "https://www.giantbomb.com/wwe-road-to-wrestlemania-x8/3030-14912/"}, {"api_detail_url": "https://www.giantbomb.com/api/game/3030-16435/", "id": 16435, "name": "WWF Attitude", "site_detail_url": "https://www.giantbomb.com/wwf-attitude/3030-16435/"}, {"api_detail_url": "https://www.giantbomb.com/api/game/3030-3081/", "id": 3081, "name": "WWF European Rampage", "site_detail_url": "https://www.giantbomb.com/wwf-european-rampage/3030-3081/"}, {"api_detail_url": "https://www.giantbomb.com/api/game/3030-7485/", "id": 7485, "name": "WWF In Your House", "site_detail_url": "https://www.giantbomb.com/wwf-in-your-house/3030-7485/"}, {"api_detail_url": "https://www.giantbomb.com/api/game/3030-10177/", "id": 10177, "name": "WWF King of the Ring", "site_detail_url": "https://www.giantbomb.com/wwf-king-of-the-ring/3030-10177/"}, {"api_detail_url": "https://www.giantbomb.com/api/game/3030-11394/", "id": 11394, "name": "WWF No Mercy", "site_detail_url": "https://www.giantbomb.com/wwf-no-mercy/3030-11394/"}, {"api_detail_url": "https://www.giantbomb.com/api/game/3030-4155/", "id": 4155, "name": "WWF Raw", "site_detail_url": "https://www.giantbomb.com/wwf-raw/3030-4155/"}, {"api_detail_url": "https://www.giantbomb.com/api/game/3030-17436/", "id": 17436, "name": "WWF SmackDown!", "site_detail_url": "https://www.giantbomb.com/wwf-smackdown/3030-17436/"}, {"api_detail_url": "https://www.giantbomb.com/api/game/3030-17814/", "id": 17814, "name": "WWF SmackDown! 2: Know Your Role", "site_detail_url": "https://www.giantbomb.com/wwf-smackdown-2-know-your-role/3030-17814/"}, {"api_detail_url": "https://www.giantbomb.com/api/game/3030-1696/", "id": 1696, "name": "WWF SmackDown! Just Bring It", "site_detail_url": "https://www.giantbomb.com/wwf-smackdown-just-bring-it/3030-1696/"}, {"api_detail_url": "https://www.giantbomb.com/api/game/3030-3826/", "id": 3826, "name": "WWF Super Wrestlemania", "site_detail_url": "https://www.giantbomb.com/wwf-super-wrestlemania/3030-3826/"}, {"api_detail_url": "https://www.giantbomb.com/api/game/3030-18801/", "id": 18801, "name": "WWF War Zone", "site_detail_url": "https://www.giantbomb.com/wwf-war-zone/3030-18801/"}, {"api_detail_url": "https://www.giantbomb.com/api/game/3030-4315/", "id": 4315, "name": "WWE Crush Hour", "site_detail_url": "https://www.giantbomb.com/wwe-crush-hour/3030-4315/"}, {"api_detail_url": "https://www.giantbomb.com/api/game/3030-13445/", "id": 13445, "name": "WWE Raw 2", "site_detail_url": "https://www.giantbomb.com/wwe-raw-2/3030-13445/"}, {"api_detail_url": "https://www.giantbomb.com/api/game/3030-2308/", "id": 2308, "name": "WWE Day of Reckoning", "site_detail_url": "https://www.giantbomb.com/wwe-day-of-reckoning/3030-2308/"}, {"api_detail_url": "https://www.giantbomb.com/api/game/3030-21620/", "id": 21620, "name": "WWE Day of Reckoning 2", "site_detail_url": "https://www.giantbomb.com/wwe-day-of-reckoning-2/3030-21620/"}, {"api_detail_url": "https://www.giantbomb.com/api/game/3030-3667/", "id": 3667, "name": "WWF WrestleMania 2000", "site_detail_url": "https://www.giantbomb.com/wwf-wrestlemania-2000/3030-3667/"}, {"api_detail_url": "https://www.giantbomb.com/api/game/3030-3213/", "id": 3213, "name": "WWF WrestleMania", "site_detail_url": "https://www.giantbomb.com/wwf-wrestlemania/3030-3213/"}, {"api_detail_url": "https://www.giantbomb.com/api/game/3030-24982/", "id": 24982, "name": "WWF Betrayal", "site_detail_url": "https://www.giantbomb.com/wwf-betrayal/3030-24982/"}, {"api_detail_url": "https://www.giantbomb.com/api/game/3030-25736/", "id": 25736, "name": "MicroLeague Wrestling", "site_detail_url": "https://www.giantbomb.com/microleague-wrestling/3030-25736/"}, {"api_detail_url": "https://www.giantbomb.com/api/game/3030-4123/", "id": 4123, "name": "WWF WrestleMania: Steel Cage Challenge", "site_detail_url": "https://www.giantbomb.com/wwf-wrestlemania-steel-cage-challenge/3030-4123/"}, {"api_detail_url": "https://www.giantbomb.com/api/game/3030-22247/", "id": 22247, "name": "WWF Wrestlefest", "site_detail_url": "https://www.giantbomb.com/wwf-wrestlefest/3030-22247/"}, {"api_detail_url": "https://www.giantbomb.com/api/game/3030-22248/", "id": 22248, "name": "WWF Superstars", "site_detail_url": "https://www.giantbomb.com/wwf-superstars/3030-22248/"}, {"api_detail_url": "https://www.giantbomb.com/api/game/3030-26888/", "id": 26888, "name": "WWE SmackDown! vs. RAW 2010", "site_detail_url": "https://www.giantbomb.com/wwe-smackdown-vs-raw-2010/3030-26888/"}, {"api_detail_url": "https://www.giantbomb.com/api/game/3030-27639/", "id": 27639, "name": "WWF Raw", "site_detail_url": "https://www.giantbomb.com/wwf-raw/3030-27639/"}, {"api_detail_url": "https://www.giantbomb.com/api/game/3030-27740/", "id": 27740, "name": "WWE Survivor Series", "site_detail_url": "https://www.giantbomb.com/wwe-survivor-series/3030-27740/"}, {"api_detail_url": "https://www.giantbomb.com/api/game/3030-30804/", "id": 30804, "name": "WWF Superstars", "site_detail_url": "https://www.giantbomb.com/wwf-superstars/3030-30804/"}, {"api_detail_url": "https://www.giantbomb.com/api/game/3030-30803/", "id": 30803, "name": "WWF Superstars 2", "site_detail_url": "https://www.giantbomb.com/wwf-superstars-2/3030-30803/"}, {"api_detail_url": "https://www.giantbomb.com/api/game/3030-31641/", "id": 31641, "name": "WWE All Stars", "site_detail_url": "https://www.giantbomb.com/wwe-all-stars/3030-31641/"}, {"api_detail_url": "https://www.giantbomb.com/api/game/3030-31640/", "id": 31640, "name": "WWE SmackDown! vs. RAW 2011", "site_detail_url": "https://www.giantbomb.com/wwe-smackdown-vs-raw-2011/3030-31640/"}, {"api_detail_url": "https://www.giantbomb.com/api/game/3030-24095/", "id": 24095, "name": "WWF Royal Rumble", "site_detail_url": "https://www.giantbomb.com/wwf-royal-rumble/3030-24095/"}, {"api_detail_url": "https://www.giantbomb.com/api/game/3030-22268/", "id": 22268, "name": "WWF Rage in the Cage", "site_detail_url": "https://www.giantbomb.com/wwf-rage-in-the-cage/3030-22268/"}, {"api_detail_url": "https://www.giantbomb.com/api/game/3030-35033/", "id": 35033, "name": "WWE: Aftershock", "site_detail_url": "https://www.giantbomb.com/wwe-aftershock/3030-35033/"}, {"api_detail_url": "https://www.giantbomb.com/api/game/3030-35483/", "id": 35483, "name": "WWE '12", "site_detail_url": "https://www.giantbomb.com/wwe-12/3030-35483/"}, {"api_detail_url": "https://www.giantbomb.com/api/game/3030-28430/", "id": 28430, "name": "WWF Royal Rumble", "site_detail_url": "https://www.giantbomb.com/wwf-royal-rumble/3030-28430/"}, {"api_detail_url": "https://www.giantbomb.com/api/game/3030-35867/", "id": 35867, "name": "WWE Brawl", "site_detail_url": "https://www.giantbomb.com/wwe-brawl/3030-35867/"}, {"api_detail_url": "https://www.giantbomb.com/api/game/3030-37547/", "id": 37547, "name": "WWE WrestleFest", "site_detail_url": "https://www.giantbomb.com/wwe-wrestlefest/3030-37547/"}, {"api_detail_url": "https://www.giantbomb.com/api/game/3030-38395/", "id": 38395, "name": "WWE '13", "site_detail_url": "https://www.giantbomb.com/wwe-13/3030-38395/"}, {"api_detail_url": "https://www.giantbomb.com/api/game/3030-38403/", "id": 38403, "name": "WWF Road to WrestleMania", "site_detail_url": "https://www.giantbomb.com/wwf-road-to-wrestlemania/3030-38403/"}, {"api_detail_url": "https://www.giantbomb.com/api/game/3030-8027/", "id": 8027, "name": "WWF WrestleMania: The Arcade Game", "site_detail_url": "https://www.giantbomb.com/wwf-wrestlemania-the-arcade-game/3030-8027/"}, {"api_detail_url": "https://www.giantbomb.com/api/game/3030-10775/", "id": 10775, "name": "WWF Royal Rumble", "site_detail_url": "https://www.giantbomb.com/wwf-royal-rumble/3030-10775/"}, {"api_detail_url": "https://www.giantbomb.com/api/game/3030-40822/", "id": 40822, "name": "WWE With Authority!", "site_detail_url": "https://www.giantbomb.com/wwe-with-authority/3030-40822/"}, {"api_detail_url": "https://www.giantbomb.com/api/game/3030-41681/", "id": 41681, "name": "WWE 2K14", "site_detail_url": "https://www.giantbomb.com/wwe-2k14/3030-41681/"}, {"api_detail_url": "https://www.giantbomb.com/api/game/3030-20282/", "id": 20282, "name": "WWF WrestleMania Challenge", "site_detail_url": "https://www.giantbomb.com/wwf-wrestlemania-challenge/3030-20282/"}, {"api_detail_url": "https://www.giantbomb.com/api/game/3030-45333/", "id": 45333, "name": "WWE 2K15", "site_detail_url": "https://www.giantbomb.com/wwe-2k15/3030-45333/"}, {"api_detail_url": "https://www.giantbomb.com/api/game/3030-47380/", "id": 47380, "name": "WWE SuperCard", "site_detail_url": "https://www.giantbomb.com/wwe-supercard/3030-47380/"}, {"api_detail_url": "https://www.giantbomb.com/api/game/3030-48371/", "id": 48371, "name": "WWE Immortals", "site_detail_url": "https://www.giantbomb.com/wwe-immortals/3030-48371/"}, {"api_detail_url": "https://www.giantbomb.com/api/game/3030-48498/", "id": 48498, "name": "WWE WrestleMania", "site_detail_url": "https://www.giantbomb.com/wwe-wrestlemania/3030-48498/"}, {"api_detail_url": "https://www.giantbomb.com/api/game/3030-50275/", "id": 50275, "name": "WWE 2K16", "site_detail_url": "https://www.giantbomb.com/wwe-2k16/3030-50275/"}, {"api_detail_url": "https://www.giantbomb.com/api/game/3030-52735/", "id": 52735, "name": "WWE Champions", "site_detail_url": "https://www.giantbomb.com/wwe-champions/3030-52735/"}, {"api_detail_url": "https://www.giantbomb.com/api/game/3030-54053/", "id": 54053, "name": "WWE 2K17", "site_detail_url": "https://www.giantbomb.com/wwe-2k17/3030-54053/"}, {"api_detail_url": "https://www.giantbomb.com/api/game/3030-60015/", "id": 60015, "name": "WWE 2K18", "site_detail_url": "https://www.giantbomb.com/wwe-2k18/3030-60015/"}, {"api_detail_url": "https://www.giantbomb.com/api/game/3030-60818/", "id": 60818, "name": "WWE Tap Mania", "site_detail_url": "https://www.giantbomb.com/wwe-tap-mania/3030-60818/"}, {"api_detail_url": "https://www.giantbomb.com/api/game/3030-64230/", "id": 64230, "name": "WWE Mayhem", "site_detail_url": "https://www.giantbomb.com/wwe-mayhem/3030-64230/"}, {"api_detail_url": "https://www.giantbomb.com/api/game/3030-68978/", "id": 68978, "name": "WWE 2K19", "site_detail_url": "https://www.giantbomb.com/wwe-2k19/3030-68978/"}, {"api_detail_url": "https://www.giantbomb.com/api/game/3030-56743/", "id": 56743, "name": "WWE SLAM: Card Trader", "site_detail_url": "https://www.giantbomb.com/wwe-slam-card-trader/3030-56743/"}, {"api_detail_url": "https://www.giantbomb.com/api/game/3030-74502/", "id": 74502, "name": "WWE 2K20", "site_detail_url": "https://www.giantbomb.com/wwe-2k20/3030-74502/"}, {"api_detail_url": "https://www.giantbomb.com/api/game/3030-79059/", "id": 79059, "name": "WWE 2K Battlegrounds", "site_detail_url": "https://www.giantbomb.com/wwe-2k-battlegrounds/3030-79059/"}, {"api_detail_url": "https://www.giantbomb.com/api/game/3030-82313/", "id": 82313, "name": "WWE 2K22", "site_detail_url": "https://www.giantbomb.com/wwe-2k22/3030-82313/"}, {"api_detail_url": "https://www.giantbomb.com/api/game/3030-88361/", "id": 88361, "name": "WWE 2K23", "site_detail_url": "https://www.giantbomb.com/wwe-2k23/3030-88361/"}]}, "version": "1.0"}