{"error": "OK", "limit": 1, "offset": 0, "number_of_page_results": 1, "number_of_total_results": 1, "status_code": 1, "results": {"games": [{"api_detail_url": "https://www.giantbomb.com/api/game/3030-26029/", "id": 26029, "name": "Memories Off: Pure", "site_detail_url": "https://www.giantbomb.com/memories-off-pure/3030-26029/"}, {"api_detail_url": "https://www.giantbomb.com/api/game/3030-26570/", "id": 26570, "name": "Memories Off 2nd", "site_detail_url": "https://www.giantbomb.com/memories-off-2nd/3030-26570/"}, {"api_detail_url": "https://www.giantbomb.com/api/game/3030-26569/", "id": 26569, "name": "Memories Off", "site_detail_url": "https://www.giantbomb.com/memories-off/3030-26569/"}, {"api_detail_url": "https://www.giantbomb.com/api/game/3030-26571/", "id": 26571, "name": "Omoide ni Kawaru-Kun: Memories Off", "site_detail_url": "https://www.giantbomb.com/omoide-ni-kawaru-kun-memories-off/3030-26571/"}, {"api_detail_url": "https://www.giantbomb.com/api/game/3030-27974/", "id": 27974, "name": "Memories Off 6: T-Wave", "site_detail_url": "https://www.giantbomb.com/memories-off-6-t-wave/3030-27974/"}, {"api_detail_url": "https://www.giantbomb.com/api/game/3030-27975/", "id": 27975, "name": "Memories Off 6: Next Relation", "site_detail_url": "https://www.giantbomb.com/memories-off-6-next-relation/3030-27975/"}, {"api_detail_url": "https://www.giantbomb.com/api/game/3030-32408/", "id": 32408, "name": "Memories Off: Yubikiri no Kioku", "site_detail_url": "https://www.giantbomb.com/memories-off-yubikiri-no-kioku/3030-32408/"}, {"api_detail_url": "https://www.giantbomb.com/api/game/3030-39239/", "id": 39239, "name": "Memories Off Festa", "site_detail_url": "https://www.giantbomb.com/memories-off-festa/3030-39239/"}, {"api_detail_url": "https://www.giantbomb.com/api/game/3030-39240/", "id": 39240, "name": "Memories Off After Rain", "site_detail_url": "https://www.giantbomb.com/memories-off-after-rain/3030-39240/"}, {"api_detail_url": "https://www.giantbomb.com/api/game/3030-39241/", "id": 39241, "name": "Memories Off: Sorekara", "site_detail_url": "https://www.giantbomb.com/memories-off-sorekara/3030-39241/"}, {"api_detail_url": "https://www.giantbomb.com/api/game/3030-39242/", "id": 39242, "name": "Memories Off: Sorekara Again", "site_detail_url": "https://www.giantbomb.com/memories-off-sorekara-again/3030-39242/"}, {"api_detail_url": "https://www.giantbomb.com/api/game/3030-39243/", "id": 39243, "name": "Memories Off #5: Togireta Film", "site_detail_url": "https://www.giantbomb.com/memories-off-5-togireta-film/3030-39243/"}, {"api_detail_url": "https://www.giantbomb.com/api/game/3030-39244/", "id": 39244, "name": "Memories Off #5 Encore", "site_detail_url": "https://www.giantbomb.com/memories-off-5-encore/3030-39244/"}, {"api_detail_url": "https://www.giantbomb.com/api/game/3030-39245/", "id": 39245, "name": "Your Memories Off: Girl's Style", "site_detail_url": "https://www.giantbomb.com/your-memories-off-girls-style/3030-39245/"}, {"api_detail_url": "https://www.giantbomb.com/api/game/3030-57137/", "id": 57137, "name": "Memories Off 6 Complete", "site_detail_url": "https://www.giantbomb.com/memories-off-6-complete/3030-57137/"}, {"api_detail_url": "https://www.giantbomb.com/api/game/3030-61991/", "id": 61991, "name": "Memories Off: Innocent Fille", "site_detail_url": "https://www.giantbomb.com/memories-off-innocent-fille/3030-61991/"}, {"api_detail_url": "https://www.giantbomb.com/api/game/3030-73254/", "id": 73254, "name": "Memories Off: Innocent Fille for Dearest", "site_detail_url": "https://www.giantbomb.com/memories-off-innocent-fille-for-dearest/3030-73254/"}]}, "version": "1.0"}