{"error": "OK", "limit": 1, "offset": 0, "number_of_page_results": 1, "number_of_total_results": 1, "status_code": 1, "results": {"games": [{"api_detail_url": "https://www.giantbomb.com/api/game/3030-24232/", "id": 24232, "name": "Ragnarok DS", "site_detail_url": "https://www.giantbomb.com/ragnarok-ds/3030-24232/"}, {"api_detail_url": "https://www.giantbomb.com/api/game/3030-16252/", "id": 16252, "name": "Ragnarok Online / Grand Chase", "site_detail_url": "https://www.giantbomb.com/ragnarok-online-grand-chase/3030-16252/"}, {"api_detail_url": "https://www.giantbomb.com/api/game/3030-16614/", "id": 16614, "name": "Ragnarok Online", "site_detail_url": "https://www.giantbomb.com/ragnarok-online/3030-16614/"}, {"api_detail_url": "https://www.giantbomb.com/api/game/3030-32050/", "id": 32050, "name": "Ragnarok Online 2: Legend of the Second", "site_detail_url": "https://www.giantbomb.com/ragnarok-online-2-legend-of-the-second/3030-32050/"}, {"api_detail_url": "https://www.giantbomb.com/api/game/3030-48151/", "id": 48151, "name": "Ragnarok: Path of Heroes", "site_detail_url": "https://www.giantbomb.com/ragnarok-path-of-heroes/3030-48151/"}, {"api_detail_url": "https://www.giantbomb.com/api/game/3030-59426/", "id": 59426, "name": "Ragnarok M: Eternal Love", "site_detail_url": "https://www.giantbomb.com/ragnarok-m-eternal-love/3030-59426/"}]}, "version": "1.0"}