{"error": "OK", "limit": 1, "offset": 0, "number_of_page_results": 1, "number_of_total_results": 1, "status_code": 1, "results": {"games": [{"api_detail_url": "https://www.giantbomb.com/api/game/3030-6632/", "id": 6632, "name": "Dragon Quest Monsters: Joker", "site_detail_url": "https://www.giantbomb.com/dragon-quest-monsters-joker/3030-6632/"}, {"api_detail_url": "https://www.giantbomb.com/api/game/3030-13470/", "id": 13470, "name": "Dragon Warrior Monsters", "site_detail_url": "https://www.giantbomb.com/dragon-warrior-monsters/3030-13470/"}, {"api_detail_url": "https://www.giantbomb.com/api/game/3030-8048/", "id": 8048, "name": "Dragon Warrior Monsters 2", "site_detail_url": "https://www.giantbomb.com/dragon-warrior-monsters-2/3030-8048/"}, {"api_detail_url": "https://www.giantbomb.com/api/game/3030-24011/", "id": 24011, "name": "Dragon Quest Monsters: Caravan Heart", "site_detail_url": "https://www.giantbomb.com/dragon-quest-monsters-caravan-heart/3030-24011/"}, {"api_detail_url": "https://www.giantbomb.com/api/game/3030-24009/", "id": 24009, "name": "Dragon Quest Monsters 1 & 2", "site_detail_url": "https://www.giantbomb.com/dragon-quest-monsters-1-2/3030-24009/"}, {"api_detail_url": "https://www.giantbomb.com/api/game/3030-29922/", "id": 29922, "name": "Dragon Quest Monsters: Joker 2", "site_detail_url": "https://www.giantbomb.com/dragon-quest-monsters-joker-2/3030-29922/"}, {"api_detail_url": "https://www.giantbomb.com/api/game/3030-36990/", "id": 36990, "name": "Dragon Quest Monsters: Terry no Wonderland 3D", "site_detail_url": "https://www.giantbomb.com/dragon-quest-monsters-terry-no-wonderland-3d/3030-36990/"}, {"api_detail_url": "https://www.giantbomb.com/api/game/3030-48556/", "id": 48556, "name": "Dragon Quest Monsters 2: Iru to Ruka no Fushigi na Fushigi na Kagi", "site_detail_url": "https://www.giantbomb.com/dragon-quest-monsters-2-iru-to-ruka-no-fushigi-na-/3030-48556/"}, {"api_detail_url": "https://www.giantbomb.com/api/game/3030-51284/", "id": 51284, "name": "Dragon Quest Monsters: Joker 3", "site_detail_url": "https://www.giantbomb.com/dragon-quest-monsters-joker-3/3030-51284/"}, {"api_detail_url": "https://www.giantbomb.com/api/game/3030-50671/", "id": 50671, "name": "Dragon Quest Monster Super Light", "site_detail_url": "https://www.giantbomb.com/dragon-quest-monster-super-light/3030-50671/"}, {"api_detail_url": "https://www.giantbomb.com/api/game/3030-56858/", "id": 56858, "name": "Dragon Quest Monsters: Joker 3 Professional", "site_detail_url": "https://www.giantbomb.com/dragon-quest-monsters-joker-3-professional/3030-56858/"}]}, "version": "1.0"}