{"error": "OK", "limit": 1, "offset": 0, "number_of_page_results": 1, "number_of_total_results": 1, "status_code": 1, "results": {"games": [{"api_detail_url": "https://www.giantbomb.com/api/game/3030-10639/", "id": 10639, "name": "Quantum Gate", "site_detail_url": "https://www.giantbomb.com/quantum-gate/3030-10639/"}, {"api_detail_url": "https://www.giantbomb.com/api/game/3030-19191/", "id": 19191, "name": "The Vortex: Quantum Gate II", "site_detail_url": "https://www.giantbomb.com/the-vortex-quantum-gate-ii/3030-19191/"}]}, "version": "1.0"}