{"error": "OK", "limit": 1, "offset": 0, "number_of_page_results": 1, "number_of_total_results": 1, "status_code": 1, "results": {"games": [{"api_detail_url": "https://www.giantbomb.com/api/game/3030-5307/", "id": 5307, "name": "Make My Video: Marky Mark and the Funky Bunch", "site_detail_url": "https://www.giantbomb.com/make-my-video-marky-mark-and-the-funky-bunch/3030-5307/"}, {"api_detail_url": "https://www.giantbomb.com/api/game/3030-10517/", "id": 10517, "name": "Make My Video: INXS", "site_detail_url": "https://www.giantbomb.com/make-my-video-inxs/3030-10517/"}, {"api_detail_url": "https://www.giantbomb.com/api/game/3030-10670/", "id": 10670, "name": "Make My Video: Kris Kross", "site_detail_url": "https://www.giantbomb.com/make-my-video-kris-kross/3030-10670/"}, {"api_detail_url": "https://www.giantbomb.com/api/game/3030-18613/", "id": 18613, "name": "Power Factory Featuring C+C Music Factory", "site_detail_url": "https://www.giantbomb.com/power-factory-featuring-cc-music-factory/3030-18613/"}]}, "version": "1.0"}