{"error": "OK", "limit": 1, "offset": 0, "number_of_page_results": 1, "number_of_total_results": 1, "status_code": 1, "results": {"games": [{"api_detail_url": "https://www.giantbomb.com/api/game/3030-20077/", "id": 20077, "name": "Battle Chess", "site_detail_url": "https://www.giantbomb.com/battle-chess/3030-20077/"}, {"api_detail_url": "https://www.giantbomb.com/api/game/3030-11216/", "id": 11216, "name": "Battle Chess 4000", "site_detail_url": "https://www.giantbomb.com/battle-chess-4000/3030-11216/"}, {"api_detail_url": "https://www.giantbomb.com/api/game/3030-4617/", "id": 4617, "name": "Battle Chess II: Chinese Chess", "site_detail_url": "https://www.giantbomb.com/battle-chess-ii-chinese-chess/3030-4617/"}]}, "version": "1.0"}