{"error": "OK", "limit": 1, "offset": 0, "number_of_page_results": 1, "number_of_total_results": 1, "status_code": 1, "results": {"games": [{"api_detail_url": "https://www.giantbomb.com/api/game/3030-24626/", "id": 24626, "name": "Movie Studios Party", "site_detail_url": "https://www.giantbomb.com/movie-studios-party/3030-24626/"}, {"api_detail_url": "https://www.giantbomb.com/api/game/3030-24625/", "id": 24625, "name": "Funfair Party", "site_detail_url": "https://www.giantbomb.com/funfair-party/3030-24625/"}, {"api_detail_url": "https://www.giantbomb.com/api/game/3030-24624/", "id": 24624, "name": "Babysitting Party", "site_detail_url": "https://www.giantbomb.com/babysitting-party/3030-24624/"}, {"api_detail_url": "https://www.giantbomb.com/api/game/3030-20913/", "id": 20913, "name": "Sports Party", "site_detail_url": "https://www.giantbomb.com/sports-party/3030-20913/"}, {"api_detail_url": "https://www.giantbomb.com/api/game/3030-24627/", "id": 24627, "name": "TV Show King Party", "site_detail_url": "https://www.giantbomb.com/tv-show-king-party/3030-24627/"}]}, "version": "1.0"}