{"error": "OK", "limit": 1, "offset": 0, "number_of_page_results": 1, "number_of_total_results": 1, "status_code": 1, "results": {"games": [{"api_detail_url": "https://www.giantbomb.com/api/game/3030-13447/", "id": 13447, "name": "Code Lyoko", "site_detail_url": "https://www.giantbomb.com/code-lyoko/3030-13447/"}, {"api_detail_url": "https://www.giantbomb.com/api/game/3030-25324/", "id": 25324, "name": "Code Lyoko: Fall of XANA", "site_detail_url": "https://www.giantbomb.com/code-lyoko-fall-of-xana/3030-25324/"}, {"api_detail_url": "https://www.giantbomb.com/api/game/3030-25325/", "id": 25325, "name": "Code Lyoko: Quest for Infinity", "site_detail_url": "https://www.giantbomb.com/code-lyoko-quest-for-infinity/3030-25325/"}]}, "version": "1.0"}