{"error": "OK", "limit": 1, "offset": 0, "number_of_page_results": 1, "number_of_total_results": 1, "status_code": 1, "results": {"games": [{"api_detail_url": "https://www.giantbomb.com/api/game/3030-26589/", "id": 26589, "name": "James Cameron's Avatar: The Game", "site_detail_url": "https://www.giantbomb.com/james-camerons-avatar-the-game/3030-26589/"}, {"api_detail_url": "https://www.giantbomb.com/api/game/3030-27489/", "id": 27489, "name": "James Cameron's Avatar: The Game", "site_detail_url": "https://www.giantbomb.com/james-camerons-avatar-the-game/3030-27489/"}, {"api_detail_url": "https://www.giantbomb.com/api/game/3030-30549/", "id": 30549, "name": "James Cameron's Avatar", "site_detail_url": "https://www.giantbomb.com/james-camerons-avatar/3030-30549/"}, {"api_detail_url": "https://www.giantbomb.com/api/game/3030-30564/", "id": 30564, "name": "James Cameron's Avatar: The Game", "site_detail_url": "https://www.giantbomb.com/james-camerons-avatar-the-game/3030-30564/"}, {"api_detail_url": "https://www.giantbomb.com/api/game/3030-35177/", "id": 35177, "name": "James Cameron\u2019s Avatar", "site_detail_url": "https://www.giantbomb.com/james-camerons-avatar/3030-35177/"}, {"api_detail_url": "https://www.giantbomb.com/api/game/3030-37774/", "id": 37774, "name": "James Cameron's Avatar", "site_detail_url": "https://www.giantbomb.com/james-camerons-avatar/3030-37774/"}, {"api_detail_url": "https://www.giantbomb.com/api/game/3030-82961/", "id": 82961, "name": "Avatar: Frontiers of Pandora", "site_detail_url": "https://www.giantbomb.com/avatar-frontiers-of-pandora/3030-82961/"}]}, "version": "1.0"}