{"error": "OK", "limit": 1, "offset": 0, "number_of_page_results": 1, "number_of_total_results": 1, "status_code": 1, "results": {"games": [{"api_detail_url": "https://www.giantbomb.com/api/game/3030-19209/", "id": 19209, "name": "Cybernator", "site_detail_url": "https://www.giantbomb.com/cybernator/3030-19209/"}, {"api_detail_url": "https://www.giantbomb.com/api/game/3030-12475/", "id": 12475, "name": "Target Earth", "site_detail_url": "https://www.giantbomb.com/target-earth/3030-12475/"}, {"api_detail_url": "https://www.giantbomb.com/api/game/3030-24278/", "id": 24278, "name": "Assault Suit Leynos 2", "site_detail_url": "https://www.giantbomb.com/assault-suit-leynos-2/3030-24278/"}, {"api_detail_url": "https://www.giantbomb.com/api/game/3030-27060/", "id": 27060, "name": "Assault Suits Valken 2", "site_detail_url": "https://www.giantbomb.com/assault-suits-valken-2/3030-27060/"}, {"api_detail_url": "https://www.giantbomb.com/api/game/3030-45619/", "id": 45619, "name": "Assault Suit Leynos", "site_detail_url": "https://www.giantbomb.com/assault-suit-leynos/3030-45619/"}]}, "version": "1.0"}