{"error": "OK", "limit": 1, "offset": 0, "number_of_page_results": 1, "number_of_total_results": 1, "status_code": 1, "results": {"games": [{"api_detail_url": "https://www.giantbomb.com/api/game/3030-3988/", "id": 3988, "name": "Shin Megami Tensei: Digital Devil Saga", "site_detail_url": "https://www.giantbomb.com/shin-megami-tensei-digital-devil-saga/3030-3988/"}, {"api_detail_url": "https://www.giantbomb.com/api/game/3030-1914/", "id": 1914, "name": "Shin Megami Tensei: Digital Devil Saga 2", "site_detail_url": "https://www.giantbomb.com/shin-megami-tensei-digital-devil-saga-2/3030-1914/"}]}, "version": "1.0"}