{"error": "OK", "limit": 1, "offset": 0, "number_of_page_results": 1, "number_of_total_results": 1, "status_code": 1, "results": {"games": [{"api_detail_url": "https://www.giantbomb.com/api/game/3030-27582/", "id": 27582, "name": "Saint Seiya: The Hades", "site_detail_url": "https://www.giantbomb.com/saint-seiya-the-hades/3030-27582/"}, {"api_detail_url": "https://www.giantbomb.com/api/game/3030-27571/", "id": 27571, "name": "Saint Seiya: The Sanctuary", "site_detail_url": "https://www.giantbomb.com/saint-seiya-the-sanctuary/3030-27571/"}, {"api_detail_url": "https://www.giantbomb.com/api/game/3030-1868/", "id": 1868, "name": "Saint Seiya: Ougon Densetsu - Kanketsu Hen", "site_detail_url": "https://www.giantbomb.com/saint-seiya-ougon-densetsu-kanketsu-hen/3030-1868/"}, {"api_detail_url": "https://www.giantbomb.com/api/game/3030-7487/", "id": 7487, "name": "Saint Seiya: Ougon Densetsu", "site_detail_url": "https://www.giantbomb.com/saint-seiya-ougon-densetsu/3030-7487/"}, {"api_detail_url": "https://www.giantbomb.com/api/game/3030-35700/", "id": 35700, "name": "Saint Seiya: Sanctuary Battle", "site_detail_url": "https://www.giantbomb.com/saint-seiya-sanctuary-battle/3030-35700/"}, {"api_detail_url": "https://www.giantbomb.com/api/game/3030-39367/", "id": 39367, "name": "Saint Seiya Omega: Ultimate Cosmo", "site_detail_url": "https://www.giantbomb.com/saint-seiya-omega-ultimate-cosmo/3030-39367/"}, {"api_detail_url": "https://www.giantbomb.com/api/game/3030-42978/", "id": 42978, "name": "Saint Seiya: Brave Soldiers", "site_detail_url": "https://www.giantbomb.com/saint-seiya-brave-soldiers/3030-42978/"}, {"api_detail_url": "https://www.giantbomb.com/api/game/3030-42980/", "id": 42980, "name": "Saint Seiya: Ougon Densetsu-hen Perfect Edition", "site_detail_url": "https://www.giantbomb.com/saint-seiya-ougon-densetsu-hen-perfect-edition/3030-42980/"}, {"api_detail_url": "https://www.giantbomb.com/api/game/3030-42981/", "id": 42981, "name": "Saint Seiya Typing: Ryu Sei Ken", "site_detail_url": "https://www.giantbomb.com/saint-seiya-typing-ryu-sei-ken/3030-42981/"}, {"api_detail_url": "https://www.giantbomb.com/api/game/3030-42982/", "id": 42982, "name": "Seitoushi Saint Paradise: Saikyou no Senshitachi", "site_detail_url": "https://www.giantbomb.com/seitoushi-saint-paradise-saikyou-no-senshitachi/3030-42982/"}, {"api_detail_url": "https://www.giantbomb.com/api/game/3030-49408/", "id": 49408, "name": "Saint Seiya: Soldiers\u2019 Soul", "site_detail_url": "https://www.giantbomb.com/saint-seiya-soldiers-soul/3030-49408/"}, {"api_detail_url": "https://www.giantbomb.com/api/game/3030-49854/", "id": 49854, "name": "Saint Seiya Online", "site_detail_url": "https://www.giantbomb.com/saint-seiya-online/3030-49854/"}, {"api_detail_url": "https://www.giantbomb.com/api/game/3030-73121/", "id": 73121, "name": "Saint Seiya Cosmo Fantasy", "site_detail_url": "https://www.giantbomb.com/saint-seiya-cosmo-fantasy/3030-73121/"}, {"api_detail_url": "https://www.giantbomb.com/api/game/3030-77770/", "id": 77770, "name": "Saint Seiya: Shining Soldiers", "site_detail_url": "https://www.giantbomb.com/saint-seiya-shining-soldiers/3030-77770/"}, {"api_detail_url": "https://www.giantbomb.com/api/game/3030-80660/", "id": 80660, "name": "Saint Seiya: Rising Cosmo", "site_detail_url": "https://www.giantbomb.com/saint-seiya-rising-cosmo/3030-80660/"}]}, "version": "1.0"}