{"error": "OK", "limit": 1, "offset": 0, "number_of_page_results": 1, "number_of_total_results": 1, "status_code": 1, "results": {"games": [{"api_detail_url": "https://www.giantbomb.com/api/game/3030-3036/", "id": 3036, "name": "Archon: The Light and the Dark", "site_detail_url": "https://www.giantbomb.com/archon-the-light-and-the-dark/3030-3036/"}, {"api_detail_url": "https://www.giantbomb.com/api/game/3030-3936/", "id": 3936, "name": "Archon II: Adept", "site_detail_url": "https://www.giantbomb.com/archon-ii-adept/3030-3936/"}, {"api_detail_url": "https://www.giantbomb.com/api/game/3030-662/", "id": 662, "name": "Archon Ultra", "site_detail_url": "https://www.giantbomb.com/archon-ultra/3030-662/"}, {"api_detail_url": "https://www.giantbomb.com/api/game/3030-24959/", "id": 24959, "name": "Archon Classic", "site_detail_url": "https://www.giantbomb.com/archon-classic/3030-24959/"}]}, "version": "1.0"}