{"error": "OK", "limit": 1, "offset": 0, "number_of_page_results": 1, "number_of_total_results": 1, "status_code": 1, "results": {"games": [{"api_detail_url": "https://www.giantbomb.com/api/game/3030-5012/", "id": 5012, "name": "Kobe Bryant in NBA Courtside", "site_detail_url": "https://www.giantbomb.com/kobe-bryant-in-nba-courtside/3030-5012/"}, {"api_detail_url": "https://www.giantbomb.com/api/game/3030-18984/", "id": 18984, "name": "NBA Courtside 2: Featuring Kobe Bryant", "site_detail_url": "https://www.giantbomb.com/nba-courtside-2-featuring-kobe-bryant/3030-18984/"}, {"api_detail_url": "https://www.giantbomb.com/api/game/3030-15866/", "id": 15866, "name": "NBA Courtside 2002", "site_detail_url": "https://www.giantbomb.com/nba-courtside-2002/3030-15866/"}]}, "version": "1.0"}