{"error": "OK", "limit": 1, "offset": 0, "number_of_page_results": 1, "number_of_total_results": 1, "status_code": 1, "results": {"games": [{"api_detail_url": "https://www.giantbomb.com/api/game/3030-20911/", "id": 20911, "name": "Final Fantasy Fables: Chocobo's Dungeon", "site_detail_url": "https://www.giantbomb.com/final-fantasy-fables-chocobos-dungeon/3030-20911/"}, {"api_detail_url": "https://www.giantbomb.com/api/game/3030-3668/", "id": 3668, "name": "Final Fantasy Fables: Chocobo Tales", "site_detail_url": "https://www.giantbomb.com/final-fantasy-fables-chocobo-tales/3030-3668/"}]}, "version": "1.0"}