{"error": "OK", "limit": 1, "offset": 0, "number_of_page_results": 1, "number_of_total_results": 1, "status_code": 1, "results": {"games": [{"api_detail_url": "https://www.giantbomb.com/api/game/3030-14/", "id": 14, "name": "Mary-Kate and Ashley: Sweet 16: Licensed to Drive", "site_detail_url": "https://www.giantbomb.com/mary-kate-and-ashley-sweet-16-licensed-to-drive/3030-14/"}, {"api_detail_url": "https://www.giantbomb.com/api/game/3030-7794/", "id": 7794, "name": "Mary-Kate And Ashley: Magical Mystery Mall", "site_detail_url": "https://www.giantbomb.com/mary-kate-and-ashley-magical-mystery-mall/3030-7794/"}, {"api_detail_url": "https://www.giantbomb.com/api/game/3030-11475/", "id": 11475, "name": "Mary-Kate and Ashley: Winner's Circle", "site_detail_url": "https://www.giantbomb.com/mary-kate-and-ashley-winners-circle/3030-11475/"}, {"api_detail_url": "https://www.giantbomb.com/api/game/3030-6207/", "id": 6207, "name": "Mary-Kate and Ashley: Girls Night Out", "site_detail_url": "https://www.giantbomb.com/mary-kate-and-ashley-girls-night-out/3030-6207/"}, {"api_detail_url": "https://www.giantbomb.com/api/game/3030-27636/", "id": 27636, "name": "Mary-Kate and Ashley: Crush Course", "site_detail_url": "https://www.giantbomb.com/mary-kate-and-ashley-crush-course/3030-27636/"}, {"api_detail_url": "https://www.giantbomb.com/api/game/3030-8807/", "id": 8807, "name": "Mary-Kate and Ashley: Get a Clue!", "site_detail_url": "https://www.giantbomb.com/mary-kate-and-ashley-get-a-clue/3030-8807/"}, {"api_detail_url": "https://www.giantbomb.com/api/game/3030-27804/", "id": 27804, "name": "Mary-Kate and Ashley Pocket Planner", "site_detail_url": "https://www.giantbomb.com/mary-kate-and-ashley-pocket-planner/3030-27804/"}, {"api_detail_url": "https://www.giantbomb.com/api/game/3030-61301/", "id": 61301, "name": "The New Adventures of Mary-Kate & Ashley", "site_detail_url": "https://www.giantbomb.com/the-new-adventures-of-marykate-ashley/3030-61301/"}]}, "version": "1.0"}