{"error": "OK", "limit": 1, "offset": 0, "number_of_page_results": 1, "number_of_total_results": 1, "status_code": 1, "results": {"games": [{"api_detail_url": "https://www.giantbomb.com/api/game/3030-13127/", "id": 13127, "name": "Hunting Unlimited 2", "site_detail_url": "https://www.giantbomb.com/hunting-unlimited-2/3030-13127/"}, {"api_detail_url": "https://www.giantbomb.com/api/game/3030-8823/", "id": 8823, "name": "Hunting Unlimited 3", "site_detail_url": "https://www.giantbomb.com/hunting-unlimited-3/3030-8823/"}, {"api_detail_url": "https://www.giantbomb.com/api/game/3030-25540/", "id": 25540, "name": "Hunting Unlimited 4", "site_detail_url": "https://www.giantbomb.com/hunting-unlimited-4/3030-25540/"}, {"api_detail_url": "https://www.giantbomb.com/api/game/3030-25541/", "id": 25541, "name": "Hunting Unlimited Trophy Collection", "site_detail_url": "https://www.giantbomb.com/hunting-unlimited-trophy-collection/3030-25541/"}, {"api_detail_url": "https://www.giantbomb.com/api/game/3030-25542/", "id": 25542, "name": "Hunting Unlimited", "site_detail_url": "https://www.giantbomb.com/hunting-unlimited/3030-25542/"}, {"api_detail_url": "https://www.giantbomb.com/api/game/3030-25543/", "id": 25543, "name": "Hunting Unlimited 2008", "site_detail_url": "https://www.giantbomb.com/hunting-unlimited-2008/3030-25543/"}, {"api_detail_url": "https://www.giantbomb.com/api/game/3030-36741/", "id": 36741, "name": "Hunting Unlimited 2011", "site_detail_url": "https://www.giantbomb.com/hunting-unlimited-2011/3030-36741/"}, {"api_detail_url": "https://www.giantbomb.com/api/game/3030-57436/", "id": 57436, "name": "Hunting Unlimited 2009", "site_detail_url": "https://www.giantbomb.com/hunting-unlimited-2009/3030-57436/"}, {"api_detail_url": "https://www.giantbomb.com/api/game/3030-42826/", "id": 42826, "name": "Hunting Unlimited 2010", "site_detail_url": "https://www.giantbomb.com/hunting-unlimited-2010/3030-42826/"}]}, "version": "1.0"}