{"error": "OK", "limit": 1, "offset": 0, "number_of_page_results": 1, "number_of_total_results": 1, "status_code": 1, "results": {"games": [{"api_detail_url": "https://www.giantbomb.com/api/game/3030-16804/", "id": 16804, "name": "Cycling Manager", "site_detail_url": "https://www.giantbomb.com/cycling-manager/3030-16804/"}, {"api_detail_url": "https://www.giantbomb.com/api/game/3030-17622/", "id": 17622, "name": "Cycling Manager 3", "site_detail_url": "https://www.giantbomb.com/cycling-manager-3/3030-17622/"}, {"api_detail_url": "https://www.giantbomb.com/api/game/3030-1041/", "id": 1041, "name": "Cycling Manager 4", "site_detail_url": "https://www.giantbomb.com/cycling-manager-4/3030-1041/"}, {"api_detail_url": "https://www.giantbomb.com/api/game/3030-11964/", "id": 11964, "name": "Pro Cycling Manager: Season 2006", "site_detail_url": "https://www.giantbomb.com/pro-cycling-manager-season-2006/3030-11964/"}, {"api_detail_url": "https://www.giantbomb.com/api/game/3030-26651/", "id": 26651, "name": "Cycling Manager 2", "site_detail_url": "https://www.giantbomb.com/cycling-manager-2/3030-26651/"}, {"api_detail_url": "https://www.giantbomb.com/api/game/3030-26652/", "id": 26652, "name": "Pro Cycling Manager", "site_detail_url": "https://www.giantbomb.com/pro-cycling-manager/3030-26652/"}, {"api_detail_url": "https://www.giantbomb.com/api/game/3030-26653/", "id": 26653, "name": "Pro Cycling Manager: Season 2007", "site_detail_url": "https://www.giantbomb.com/pro-cycling-manager-season-2007/3030-26653/"}, {"api_detail_url": "https://www.giantbomb.com/api/game/3030-26654/", "id": 26654, "name": "Pro Cycling Manager: Season 2008", "site_detail_url": "https://www.giantbomb.com/pro-cycling-manager-season-2008/3030-26654/"}, {"api_detail_url": "https://www.giantbomb.com/api/game/3030-26658/", "id": 26658, "name": "Pro Cycling: Season 2008", "site_detail_url": "https://www.giantbomb.com/pro-cycling-season-2008/3030-26658/"}, {"api_detail_url": "https://www.giantbomb.com/api/game/3030-26655/", "id": 26655, "name": "Pro Cycling Manager: Season 2009", "site_detail_url": "https://www.giantbomb.com/pro-cycling-manager-season-2009/3030-26655/"}, {"api_detail_url": "https://www.giantbomb.com/api/game/3030-26726/", "id": 26726, "name": "Pro Cycling: Season 2007", "site_detail_url": "https://www.giantbomb.com/pro-cycling-season-2007/3030-26726/"}, {"api_detail_url": "https://www.giantbomb.com/api/game/3030-27082/", "id": 27082, "name": "Pro Cycling: Season 2009", "site_detail_url": "https://www.giantbomb.com/pro-cycling-season-2009/3030-27082/"}, {"api_detail_url": "https://www.giantbomb.com/api/game/3030-27095/", "id": 27095, "name": "Tour de France 2009", "site_detail_url": "https://www.giantbomb.com/tour-de-france-2009/3030-27095/"}, {"api_detail_url": "https://www.giantbomb.com/api/game/3030-29234/", "id": 29234, "name": "Pro Cycling Manager: Season 2010", "site_detail_url": "https://www.giantbomb.com/pro-cycling-manager-season-2010/3030-29234/"}, {"api_detail_url": "https://www.giantbomb.com/api/game/3030-35690/", "id": 35690, "name": "Pro Cycling Manager: Season 2011", "site_detail_url": "https://www.giantbomb.com/pro-cycling-manager-season-2011/3030-35690/"}, {"api_detail_url": "https://www.giantbomb.com/api/game/3030-46681/", "id": 46681, "name": "Pro Cycling: Season 2010", "site_detail_url": "https://www.giantbomb.com/pro-cycling-season-2010/3030-46681/"}]}, "version": "1.0"}