{"error": "OK", "limit": 1, "offset": 0, "number_of_page_results": 1, "number_of_total_results": 1, "status_code": 1, "results": {"games": [{"api_detail_url": "https://www.giantbomb.com/api/game/3030-544/", "id": 544, "name": "Super Mario All-Stars & Super Mario World", "site_detail_url": "https://www.giantbomb.com/super-mario-all-stars-super-mario-world/3030-544/"}, {"api_detail_url": "https://www.giantbomb.com/api/game/3030-6649/", "id": 6649, "name": "Super Mario Sunshine", "site_detail_url": "https://www.giantbomb.com/super-mario-sunshine/3030-6649/"}, {"api_detail_url": "https://www.giantbomb.com/api/game/3030-7314/", "id": 7314, "name": "Super Mario Bros. Deluxe", "site_detail_url": "https://www.giantbomb.com/super-mario-bros-deluxe/3030-7314/"}, {"api_detail_url": "https://www.giantbomb.com/api/game/3030-7358/", "id": 7358, "name": "Super Mario RPG: Legend of the Seven Stars", "site_detail_url": "https://www.giantbomb.com/super-mario-rpg-legend-of-the-seven-stars/3030-7358/"}, {"api_detail_url": "https://www.giantbomb.com/api/game/3030-7406/", "id": 7406, "name": "Super Mario Bros. 2", "site_detail_url": "https://www.giantbomb.com/super-mario-bros-2/3030-7406/"}, {"api_detail_url": "https://www.giantbomb.com/api/game/3030-7551/", "id": 7551, "name": "Super Mario World: Super Mario Advance 2", "site_detail_url": "https://www.giantbomb.com/super-mario-world-super-mario-advance-2/3030-7551/"}, {"api_detail_url": "https://www.giantbomb.com/api/game/3030-8942/", "id": 8942, "name": "Super Mario 64 DS", "site_detail_url": "https://www.giantbomb.com/super-mario-64-ds/3030-8942/"}, {"api_detail_url": "https://www.giantbomb.com/api/game/3030-12460/", "id": 12460, "name": "Super Mario Bros. / Duck Hunt", "site_detail_url": "https://www.giantbomb.com/super-mario-bros-duck-hunt/3030-12460/"}, {"api_detail_url": "https://www.giantbomb.com/api/game/3030-12476/", "id": 12476, "name": "Super Mario Strikers", "site_detail_url": "https://www.giantbomb.com/super-mario-strikers/3030-12476/"}, {"api_detail_url": "https://www.giantbomb.com/api/game/3030-14425/", "id": 14425, "name": "Super Mario Land 2: 6 Golden Coins", "site_detail_url": "https://www.giantbomb.com/super-mario-land-2-6-golden-coins/3030-14425/"}, {"api_detail_url": "https://www.giantbomb.com/api/game/3030-15544/", "id": 15544, "name": "Super Mario Bros.", "site_detail_url": "https://www.giantbomb.com/super-mario-bros/3030-15544/"}, {"api_detail_url": "https://www.giantbomb.com/api/game/3030-19071/", "id": 19071, "name": "Super Mario Kart", "site_detail_url": "https://www.giantbomb.com/super-mario-kart/3030-19071/"}, {"api_detail_url": "https://www.giantbomb.com/api/game/3030-19834/", "id": 19834, "name": "Super Mario Land", "site_detail_url": "https://www.giantbomb.com/super-mario-land/3030-19834/"}, {"api_detail_url": "https://www.giantbomb.com/api/game/3030-19967/", "id": 19967, "name": "Super Mario Bros. / Duck Hunt / World Class Track Meet", "site_detail_url": "https://www.giantbomb.com/super-mario-bros-duck-hunt-world-class-track-meet/3030-19967/"}, {"api_detail_url": "https://www.giantbomb.com/api/game/3030-20748/", "id": 20748, "name": "Super Mario Bros. 3: Super Mario Advance 4", "site_detail_url": "https://www.giantbomb.com/super-mario-bros-3-super-mario-advance-4/3030-20748/"}, {"api_detail_url": "https://www.giantbomb.com/api/game/3030-19726/", "id": 19726, "name": "Mario Bros.", "site_detail_url": "https://www.giantbomb.com/mario-bros/3030-19726/"}, {"api_detail_url": "https://www.giantbomb.com/api/game/3030-20974/", "id": 20974, "name": "Super Mario Bros.: The Lost Levels", "site_detail_url": "https://www.giantbomb.com/super-mario-bros-the-lost-levels/3030-20974/"}, {"api_detail_url": "https://www.giantbomb.com/api/game/3030-8791/", "id": 8791, "name": "Mario Paint", "site_detail_url": "https://www.giantbomb.com/mario-paint/3030-8791/"}, {"api_detail_url": "https://www.giantbomb.com/api/game/3030-5443/", "id": 5443, "name": "Mario is Missing!", "site_detail_url": "https://www.giantbomb.com/mario-is-missing/3030-5443/"}, {"api_detail_url": "https://www.giantbomb.com/api/game/3030-8224/", "id": 8224, "name": "New Super Mario Bros.", "site_detail_url": "https://www.giantbomb.com/new-super-mario-bros/3030-8224/"}, {"api_detail_url": "https://www.giantbomb.com/api/game/3030-5215/", "id": 5215, "name": "Super Mario Advance", "site_detail_url": "https://www.giantbomb.com/super-mario-advance/3030-5215/"}, {"api_detail_url": "https://www.giantbomb.com/api/game/3030-6539/", "id": 6539, "name": "Mario Kart DS", "site_detail_url": "https://www.giantbomb.com/mario-kart-ds/3030-6539/"}, {"api_detail_url": "https://www.giantbomb.com/api/game/3030-16769/", "id": 16769, "name": "Mario Kart: Super Circuit", "site_detail_url": "https://www.giantbomb.com/mario-kart-super-circuit/3030-16769/"}, {"api_detail_url": "https://www.giantbomb.com/api/game/3030-10084/", "id": 10084, "name": "Mario Kart 64", "site_detail_url": "https://www.giantbomb.com/mario-kart-64/3030-10084/"}, {"api_detail_url": "https://www.giantbomb.com/api/game/3030-21201/", "id": 21201, "name": "Mario Artist: Paint Studio", "site_detail_url": "https://www.giantbomb.com/mario-artist-paint-studio/3030-21201/"}, {"api_detail_url": "https://www.giantbomb.com/api/game/3030-20948/", "id": 20948, "name": "Mario Super Sluggers", "site_detail_url": "https://www.giantbomb.com/mario-super-sluggers/3030-20948/"}, {"api_detail_url": "https://www.giantbomb.com/api/game/3030-20691/", "id": 20691, "name": "Dr. Mario Online RX", "site_detail_url": "https://www.giantbomb.com/dr-mario-online-rx/3030-20691/"}, {"api_detail_url": "https://www.giantbomb.com/api/game/3030-8362/", "id": 8362, "name": "Mario Party 8", "site_detail_url": "https://www.giantbomb.com/mario-party-8/3030-8362/"}, {"api_detail_url": "https://www.giantbomb.com/api/game/3030-6424/", "id": 6424, "name": "Mario Party", "site_detail_url": "https://www.giantbomb.com/mario-party/3030-6424/"}, {"api_detail_url": "https://www.giantbomb.com/api/game/3030-7508/", "id": 7508, "name": "Mario Party 7", "site_detail_url": "https://www.giantbomb.com/mario-party-7/3030-7508/"}, {"api_detail_url": "https://www.giantbomb.com/api/game/3030-12162/", "id": 12162, "name": "Mario Party 2", "site_detail_url": "https://www.giantbomb.com/mario-party-2/3030-12162/"}, {"api_detail_url": "https://www.giantbomb.com/api/game/3030-14770/", "id": 14770, "name": "Mario Party-e", "site_detail_url": "https://www.giantbomb.com/mario-party-e/3030-14770/"}, {"api_detail_url": "https://www.giantbomb.com/api/game/3030-21186/", "id": 21186, "name": "Mario Party DS", "site_detail_url": "https://www.giantbomb.com/mario-party-ds/3030-21186/"}, {"api_detail_url": "https://www.giantbomb.com/api/game/3030-5995/", "id": 5995, "name": "Mario Party Advance", "site_detail_url": "https://www.giantbomb.com/mario-party-advance/3030-5995/"}, {"api_detail_url": "https://www.giantbomb.com/api/game/3030-15439/", "id": 15439, "name": "Mario & Luigi: Partners in Time", "site_detail_url": "https://www.giantbomb.com/mario-luigi-partners-in-time/3030-15439/"}, {"api_detail_url": "https://www.giantbomb.com/api/game/3030-19225/", "id": 19225, "name": "Wario Land: Super Mario Land 3", "site_detail_url": "https://www.giantbomb.com/wario-land-super-mario-land-3/3030-19225/"}, {"api_detail_url": "https://www.giantbomb.com/api/game/3030-15398/", "id": 15398, "name": "Mario Power Tennis", "site_detail_url": "https://www.giantbomb.com/mario-power-tennis/3030-15398/"}, {"api_detail_url": "https://www.giantbomb.com/api/game/3030-11206/", "id": 11206, "name": "Mario Hoops 3 on 3", "site_detail_url": "https://www.giantbomb.com/mario-hoops-3-on-3/3030-11206/"}, {"api_detail_url": "https://www.giantbomb.com/api/game/3030-16639/", "id": 16639, "name": "Dance Dance Revolution: Mario Mix", "site_detail_url": "https://www.giantbomb.com/dance-dance-revolution-mario-mix/3030-16639/"}, {"api_detail_url": "https://www.giantbomb.com/api/game/3030-6718/", "id": 6718, "name": "Mario Strikers Charged", "site_detail_url": "https://www.giantbomb.com/mario-strikers-charged/3030-6718/"}, {"api_detail_url": "https://www.giantbomb.com/api/game/3030-9306/", "id": 9306, "name": "Mario & Luigi: Superstar Saga", "site_detail_url": "https://www.giantbomb.com/mario-luigi-superstar-saga/3030-9306/"}, {"api_detail_url": "https://www.giantbomb.com/api/game/3030-12739/", "id": 12739, "name": "Super Paper Mario", "site_detail_url": "https://www.giantbomb.com/super-paper-mario/3030-12739/"}, {"api_detail_url": "https://www.giantbomb.com/api/game/3030-7067/", "id": 7067, "name": "Mario's Time Machine", "site_detail_url": "https://www.giantbomb.com/marios-time-machine/3030-7067/"}, {"api_detail_url": "https://www.giantbomb.com/api/game/3030-14710/", "id": 14710, "name": "Wrecking Crew", "site_detail_url": "https://www.giantbomb.com/wrecking-crew/3030-14710/"}, {"api_detail_url": "https://www.giantbomb.com/api/game/3030-814/", "id": 814, "name": "Mario Superstar Baseball", "site_detail_url": "https://www.giantbomb.com/mario-superstar-baseball/3030-814/"}, {"api_detail_url": "https://www.giantbomb.com/api/game/3030-22786/", "id": 22786, "name": "BS Excitebike Bun Bun Mario Stadium", "site_detail_url": "https://www.giantbomb.com/bs-excitebike-bun-bun-mario-stadium/3030-22786/"}, {"api_detail_url": "https://www.giantbomb.com/api/game/3030-22787/", "id": 22787, "name": "Wrecking Crew '98", "site_detail_url": "https://www.giantbomb.com/wrecking-crew-98/3030-22787/"}, {"api_detail_url": "https://www.giantbomb.com/api/game/3030-22862/", "id": 22862, "name": "Mario & Wario", "site_detail_url": "https://www.giantbomb.com/mario-wario/3030-22862/"}, {"api_detail_url": "https://www.giantbomb.com/api/game/3030-17829/", "id": 17829, "name": "Mario Teaches Typing", "site_detail_url": "https://www.giantbomb.com/mario-teaches-typing/3030-17829/"}, {"api_detail_url": "https://www.giantbomb.com/api/game/3030-5841/", "id": 5841, "name": "Hotel Mario", "site_detail_url": "https://www.giantbomb.com/hotel-mario/3030-5841/"}, {"api_detail_url": "https://www.giantbomb.com/api/game/3030-23983/", "id": 23983, "name": "Mario & Luigi: Bowser's Inside Story", "site_detail_url": "https://www.giantbomb.com/mario-luigi-bowsers-inside-story/3030-23983/"}, {"api_detail_url": "https://www.giantbomb.com/api/game/3030-24621/", "id": 24621, "name": "Super Mario Bros.", "site_detail_url": "https://www.giantbomb.com/super-mario-bros/3030-24621/"}, {"api_detail_url": "https://www.giantbomb.com/api/game/3030-24622/", "id": 24622, "name": "Super Mario Bros. Mushroom World", "site_detail_url": "https://www.giantbomb.com/super-mario-bros-mushroom-world/3030-24622/"}, {"api_detail_url": "https://www.giantbomb.com/api/game/3030-25220/", "id": 25220, "name": "All Night Nippon Super Mario Bros.", "site_detail_url": "https://www.giantbomb.com/all-night-nippon-super-mario-bros/3030-25220/"}, {"api_detail_url": "https://www.giantbomb.com/api/game/3030-25221/", "id": 25221, "name": "Super Mario Bros. Special", "site_detail_url": "https://www.giantbomb.com/super-mario-bros-special/3030-25221/"}, {"api_detail_url": "https://www.giantbomb.com/api/game/3030-25222/", "id": 25222, "name": "Vs. Super Mario Bros.", "site_detail_url": "https://www.giantbomb.com/vs-super-mario-bros/3030-25222/"}, {"api_detail_url": "https://www.giantbomb.com/api/game/3030-25318/", "id": 25318, "name": "Mario & Sonic at the Olympic Winter Games", "site_detail_url": "https://www.giantbomb.com/mario-sonic-at-the-olympic-winter-games/3030-25318/"}, {"api_detail_url": "https://www.giantbomb.com/api/game/3030-15205/", "id": 15205, "name": "Mario & Sonic at the Olympic Games", "site_detail_url": "https://www.giantbomb.com/mario-sonic-at-the-olympic-games/3030-15205/"}, {"api_detail_url": "https://www.giantbomb.com/api/game/3030-25744/", "id": 25744, "name": "Donkey Kong", "site_detail_url": "https://www.giantbomb.com/donkey-kong/3030-25744/"}, {"api_detail_url": "https://www.giantbomb.com/api/game/3030-18285/", "id": 18285, "name": "Mario vs. Donkey Kong", "site_detail_url": "https://www.giantbomb.com/mario-vs-donkey-kong/3030-18285/"}, {"api_detail_url": "https://www.giantbomb.com/api/game/3030-19090/", "id": 19090, "name": "Mario vs. Donkey Kong 2: March of the Minis", "site_detail_url": "https://www.giantbomb.com/mario-vs-donkey-kong-2-march-of-the-minis/3030-19090/"}, {"api_detail_url": "https://www.giantbomb.com/api/game/3030-10347/", "id": 10347, "name": "Yoshi's Island DS", "site_detail_url": "https://www.giantbomb.com/yoshis-island-ds/3030-10347/"}, {"api_detail_url": "https://www.giantbomb.com/api/game/3030-9882/", "id": 9882, "name": "Super Princess Peach", "site_detail_url": "https://www.giantbomb.com/super-princess-peach/3030-9882/"}, {"api_detail_url": "https://www.giantbomb.com/api/game/3030-26023/", "id": 26023, "name": "Mario's Early Years: Fun with Numbers", "site_detail_url": "https://www.giantbomb.com/marios-early-years-fun-with-numbers/3030-26023/"}, {"api_detail_url": "https://www.giantbomb.com/api/game/3030-26024/", "id": 26024, "name": "Mario's Early Years: Preschool Fun", "site_detail_url": "https://www.giantbomb.com/marios-early-years-preschool-fun/3030-26024/"}, {"api_detail_url": "https://www.giantbomb.com/api/game/3030-26839/", "id": 26839, "name": "Super Mario Galaxy 2", "site_detail_url": "https://www.giantbomb.com/super-mario-galaxy-2/3030-26839/"}, {"api_detail_url": "https://www.giantbomb.com/api/game/3030-26854/", "id": 26854, "name": "Mario vs. Donkey Kong: Minis March Again!", "site_detail_url": "https://www.giantbomb.com/mario-vs-donkey-kong-minis-march-again/3030-26854/"}, {"api_detail_url": "https://www.giantbomb.com/api/game/3030-26865/", "id": 26865, "name": "Mario Clock", "site_detail_url": "https://www.giantbomb.com/mario-clock/3030-26865/"}, {"api_detail_url": "https://www.giantbomb.com/api/game/3030-26866/", "id": 26866, "name": "Mario Calculator", "site_detail_url": "https://www.giantbomb.com/mario-calculator/3030-26866/"}, {"api_detail_url": "https://www.giantbomb.com/api/game/3030-4660/", "id": 4660, "name": "Mario Party 4", "site_detail_url": "https://www.giantbomb.com/mario-party-4/3030-4660/"}, {"api_detail_url": "https://www.giantbomb.com/api/game/3030-3410/", "id": 3410, "name": "Mario Party 5", "site_detail_url": "https://www.giantbomb.com/mario-party-5/3030-3410/"}, {"api_detail_url": "https://www.giantbomb.com/api/game/3030-8380/", "id": 8380, "name": "Mario Party 6", "site_detail_url": "https://www.giantbomb.com/mario-party-6/3030-8380/"}, {"api_detail_url": "https://www.giantbomb.com/api/game/3030-7481/", "id": 7481, "name": "Paper Mario: The Thousand-Year Door", "site_detail_url": "https://www.giantbomb.com/paper-mario-the-thousand-year-door/3030-7481/"}, {"api_detail_url": "https://www.giantbomb.com/api/game/3030-19929/", "id": 19929, "name": "Paper Mario", "site_detail_url": "https://www.giantbomb.com/paper-mario/3030-19929/"}, {"api_detail_url": "https://www.giantbomb.com/api/game/3030-6944/", "id": 6944, "name": "Mario's Super Picross", "site_detail_url": "https://www.giantbomb.com/marios-super-picross/3030-6944/"}, {"api_detail_url": "https://www.giantbomb.com/api/game/3030-6316/", "id": 6316, "name": "Mario's Picross", "site_detail_url": "https://www.giantbomb.com/marios-picross/3030-6316/"}, {"api_detail_url": "https://www.giantbomb.com/api/game/3030-1072/", "id": 1072, "name": "Dr. Mario 64", "site_detail_url": "https://www.giantbomb.com/dr-mario-64/3030-1072/"}, {"api_detail_url": "https://www.giantbomb.com/api/game/3030-17641/", "id": 17641, "name": "Dr. Mario", "site_detail_url": "https://www.giantbomb.com/dr-mario/3030-17641/"}, {"api_detail_url": "https://www.giantbomb.com/api/game/3030-11016/", "id": 11016, "name": "Yoshi's Island: Super Mario Advance 3", "site_detail_url": "https://www.giantbomb.com/yoshis-island-super-mario-advance-3/3030-11016/"}, {"api_detail_url": "https://www.giantbomb.com/api/game/3030-27308/", "id": 27308, "name": "Mario's Cement Factory", "site_detail_url": "https://www.giantbomb.com/marios-cement-factory/3030-27308/"}, {"api_detail_url": "https://www.giantbomb.com/api/game/3030-27395/", "id": 27395, "name": "I Am A Teacher: Super Mario no Sweater", "site_detail_url": "https://www.giantbomb.com/i-am-a-teacher-super-mario-no-sweater/3030-27395/"}, {"api_detail_url": "https://www.giantbomb.com/api/game/3030-28858/", "id": 28858, "name": "Mario Bros. Special", "site_detail_url": "https://www.giantbomb.com/mario-bros-special/3030-28858/"}, {"api_detail_url": "https://www.giantbomb.com/api/game/3030-28859/", "id": 28859, "name": "Punch Ball Mario Bros.", "site_detail_url": "https://www.giantbomb.com/punch-ball-mario-bros/3030-28859/"}, {"api_detail_url": "https://www.giantbomb.com/api/game/3030-29145/", "id": 29145, "name": "Yakuman DS", "site_detail_url": "https://www.giantbomb.com/yakuman-ds/3030-29145/"}, {"api_detail_url": "https://www.giantbomb.com/api/game/3030-29933/", "id": 29933, "name": "Kaettekita Mario Bros.", "site_detail_url": "https://www.giantbomb.com/kaettekita-mario-bros/3030-29933/"}, {"api_detail_url": "https://www.giantbomb.com/api/game/3030-29965/", "id": 29965, "name": "Mario Roulette", "site_detail_url": "https://www.giantbomb.com/mario-roulette/3030-29965/"}, {"api_detail_url": "https://www.giantbomb.com/api/game/3030-29964/", "id": 29964, "name": "Mario Party Fushigi no Korokoro Catcher", "site_detail_url": "https://www.giantbomb.com/mario-party-fushigi-no-korokoro-catcher/3030-29964/"}, {"api_detail_url": "https://www.giantbomb.com/api/game/3030-29968/", "id": 29968, "name": "BS Super Mario Collection", "site_detail_url": "https://www.giantbomb.com/bs-super-mario-collection/3030-29968/"}, {"api_detail_url": "https://www.giantbomb.com/api/game/3030-29969/", "id": 29969, "name": "BS Super Mario USA Power Challenge", "site_detail_url": "https://www.giantbomb.com/bs-super-mario-usa-power-challenge/3030-29969/"}, {"api_detail_url": "https://www.giantbomb.com/api/game/3030-29975/", "id": 29975, "name": "Undake 30 Same Game: Mario Version", "site_detail_url": "https://www.giantbomb.com/undake-30-same-game-mario-version/3030-29975/"}, {"api_detail_url": "https://www.giantbomb.com/api/game/3030-29974/", "id": 29974, "name": "Satella-Q", "site_detail_url": "https://www.giantbomb.com/satella-q/3030-29974/"}, {"api_detail_url": "https://www.giantbomb.com/api/game/3030-29973/", "id": 29973, "name": "Mario Tennis", "site_detail_url": "https://www.giantbomb.com/mario-tennis/3030-29973/"}, {"api_detail_url": "https://www.giantbomb.com/api/game/3030-19716/", "id": 19716, "name": "Mario Golf", "site_detail_url": "https://www.giantbomb.com/mario-golf/3030-19716/"}, {"api_detail_url": "https://www.giantbomb.com/api/game/3030-29972/", "id": 29972, "name": "Mario Golf", "site_detail_url": "https://www.giantbomb.com/mario-golf/3030-29972/"}, {"api_detail_url": "https://www.giantbomb.com/api/game/3030-1598/", "id": 1598, "name": "Mario Golf: Toadstool Tour", "site_detail_url": "https://www.giantbomb.com/mario-golf-toadstool-tour/3030-1598/"}, {"api_detail_url": "https://www.giantbomb.com/api/game/3030-20058/", "id": 20058, "name": "Mario Golf: Advance Tour", "site_detail_url": "https://www.giantbomb.com/mario-golf-advance-tour/3030-20058/"}, {"api_detail_url": "https://www.giantbomb.com/api/game/3030-6073/", "id": 6073, "name": "Mario Tennis", "site_detail_url": "https://www.giantbomb.com/mario-tennis/3030-6073/"}, {"api_detail_url": "https://www.giantbomb.com/api/game/3030-24924/", "id": 24924, "name": "Dr. Mario Express", "site_detail_url": "https://www.giantbomb.com/dr-mario-express/3030-24924/"}, {"api_detail_url": "https://www.giantbomb.com/api/game/3030-14788/", "id": 14788, "name": "Dr. Mario & Puzzle League", "site_detail_url": "https://www.giantbomb.com/dr-mario-puzzle-league/3030-14788/"}, {"api_detail_url": "https://www.giantbomb.com/api/game/3030-29967/", "id": 29967, "name": "Vs. Dr. Mario", "site_detail_url": "https://www.giantbomb.com/vs-dr-mario/3030-29967/"}, {"api_detail_url": "https://www.giantbomb.com/api/game/3030-12847/", "id": 12847, "name": "Mario Tennis: Power Tour", "site_detail_url": "https://www.giantbomb.com/mario-tennis-power-tour/3030-12847/"}, {"api_detail_url": "https://www.giantbomb.com/api/game/3030-14178/", "id": 14178, "name": "Mario's Tennis", "site_detail_url": "https://www.giantbomb.com/marios-tennis/3030-14178/"}, {"api_detail_url": "https://www.giantbomb.com/api/game/3030-7638/", "id": 7638, "name": "Mario Clash", "site_detail_url": "https://www.giantbomb.com/mario-clash/3030-7638/"}, {"api_detail_url": "https://www.giantbomb.com/api/game/3030-19416/", "id": 19416, "name": "Donkey Kong Jr.", "site_detail_url": "https://www.giantbomb.com/donkey-kong-jr/3030-19416/"}, {"api_detail_url": "https://www.giantbomb.com/api/game/3030-21211/", "id": 21211, "name": "Mario Artist: Talent Studio", "site_detail_url": "https://www.giantbomb.com/mario-artist-talent-studio/3030-21211/"}, {"api_detail_url": "https://www.giantbomb.com/api/game/3030-23163/", "id": 23163, "name": "Mario Artist: Communication Kit", "site_detail_url": "https://www.giantbomb.com/mario-artist-communication-kit/3030-23163/"}, {"api_detail_url": "https://www.giantbomb.com/api/game/3030-21204/", "id": 21204, "name": "Mario Artist: Polygon Studio", "site_detail_url": "https://www.giantbomb.com/mario-artist-polygon-studio/3030-21204/"}, {"api_detail_url": "https://www.giantbomb.com/api/game/3030-10943/", "id": 10943, "name": "Mario's Early Years: Fun With Letters", "site_detail_url": "https://www.giantbomb.com/marios-early-years-fun-with-letters/3030-10943/"}, {"api_detail_url": "https://www.giantbomb.com/api/game/3030-29966/", "id": 29966, "name": "Vs. Wrecking Crew", "site_detail_url": "https://www.giantbomb.com/vs-wrecking-crew/3030-29966/"}, {"api_detail_url": "https://www.giantbomb.com/api/game/3030-9957/", "id": 9957, "name": "Game & Watch Gallery 2", "site_detail_url": "https://www.giantbomb.com/game-watch-gallery-2/3030-9957/"}, {"api_detail_url": "https://www.giantbomb.com/api/game/3030-1456/", "id": 1456, "name": "Game & Watch Gallery 4", "site_detail_url": "https://www.giantbomb.com/game-watch-gallery-4/3030-1456/"}, {"api_detail_url": "https://www.giantbomb.com/api/game/3030-17416/", "id": 17416, "name": "Game & Watch Gallery 3", "site_detail_url": "https://www.giantbomb.com/game-watch-gallery-3/3030-17416/"}, {"api_detail_url": "https://www.giantbomb.com/api/game/3030-6727/", "id": 6727, "name": "Game & Watch Gallery", "site_detail_url": "https://www.giantbomb.com/game-watch-gallery/3030-6727/"}, {"api_detail_url": "https://www.giantbomb.com/api/game/3030-24412/", "id": 24412, "name": "Famicom Grand Prix II: 3D Hot Rally", "site_detail_url": "https://www.giantbomb.com/famicom-grand-prix-ii-3d-hot-rally/3030-24412/"}, {"api_detail_url": "https://www.giantbomb.com/api/game/3030-14664/", "id": 14664, "name": "Donkey Kong Classics", "site_detail_url": "https://www.giantbomb.com/donkey-kong-classics/3030-14664/"}, {"api_detail_url": "https://www.giantbomb.com/api/game/3030-22373/", "id": 22373, "name": "Mario Kart Arcade GP", "site_detail_url": "https://www.giantbomb.com/mario-kart-arcade-gp/3030-22373/"}, {"api_detail_url": "https://www.giantbomb.com/api/game/3030-25285/", "id": 25285, "name": "Mario Kart Arcade GP 2", "site_detail_url": "https://www.giantbomb.com/mario-kart-arcade-gp-2/3030-25285/"}, {"api_detail_url": "https://www.giantbomb.com/api/game/3030-20046/", "id": 20046, "name": "Yoshi Touch & Go", "site_detail_url": "https://www.giantbomb.com/yoshi-touch-go/3030-20046/"}, {"api_detail_url": "https://www.giantbomb.com/api/game/3030-13801/", "id": 13801, "name": "Picross 2", "site_detail_url": "https://www.giantbomb.com/picross-2/3030-13801/"}, {"api_detail_url": "https://www.giantbomb.com/api/game/3030-8885/", "id": 8885, "name": "NES Open Tournament Golf", "site_detail_url": "https://www.giantbomb.com/nes-open-tournament-golf/3030-8885/"}, {"api_detail_url": "https://www.giantbomb.com/api/game/3030-15254/", "id": 15254, "name": "Game & Watch Collection", "site_detail_url": "https://www.giantbomb.com/game-watch-collection/3030-15254/"}, {"api_detail_url": "https://www.giantbomb.com/api/game/3030-24018/", "id": 24018, "name": "Game & Watch Collection 2", "site_detail_url": "https://www.giantbomb.com/game-watch-collection-2/3030-24018/"}, {"api_detail_url": "https://www.giantbomb.com/api/game/3030-24044/", "id": 24044, "name": "Itadaki Street DS", "site_detail_url": "https://www.giantbomb.com/itadaki-street-ds/3030-24044/"}, {"api_detail_url": "https://www.giantbomb.com/api/game/3030-311/", "id": 311, "name": "Donkey Kong", "site_detail_url": "https://www.giantbomb.com/donkey-kong/3030-311/"}, {"api_detail_url": "https://www.giantbomb.com/api/game/3030-27840/", "id": 27840, "name": "Donkey Kong Jr.", "site_detail_url": "https://www.giantbomb.com/donkey-kong-jr/3030-27840/"}, {"api_detail_url": "https://www.giantbomb.com/api/game/3030-13621/", "id": 13621, "name": "Mario's Game Gallery", "site_detail_url": "https://www.giantbomb.com/marios-game-gallery/3030-13621/"}, {"api_detail_url": "https://www.giantbomb.com/api/game/3030-20885/", "id": 20885, "name": "Pinball", "site_detail_url": "https://www.giantbomb.com/pinball/3030-20885/"}, {"api_detail_url": "https://www.giantbomb.com/api/game/3030-29970/", "id": 29970, "name": "Mario no Photopi", "site_detail_url": "https://www.giantbomb.com/mario-no-photopi/3030-29970/"}, {"api_detail_url": "https://www.giantbomb.com/api/game/3030-6805/", "id": 6805, "name": "Tetris & Dr. Mario", "site_detail_url": "https://www.giantbomb.com/tetris-dr-mario/3030-6805/"}, {"api_detail_url": "https://www.giantbomb.com/api/game/3030-31726/", "id": 31726, "name": "Mario Sports Mix", "site_detail_url": "https://www.giantbomb.com/mario-sports-mix/3030-31726/"}, {"api_detail_url": "https://www.giantbomb.com/api/game/3030-31742/", "id": 31742, "name": "Mario vs. Donkey Kong: Mini-Land Mayhem", "site_detail_url": "https://www.giantbomb.com/mario-vs-donkey-kong-mini-land-mayhem/3030-31742/"}, {"api_detail_url": "https://www.giantbomb.com/api/game/3030-31747/", "id": 31747, "name": "Mario Kart 7", "site_detail_url": "https://www.giantbomb.com/mario-kart-7/3030-31747/"}, {"api_detail_url": "https://www.giantbomb.com/api/game/3030-31755/", "id": 31755, "name": "Paper Mario: Sticker Star", "site_detail_url": "https://www.giantbomb.com/paper-mario-sticker-star/3030-31755/"}, {"api_detail_url": "https://www.giantbomb.com/api/game/3030-4379/", "id": 4379, "name": "Mario Teaches Typing 2", "site_detail_url": "https://www.giantbomb.com/mario-teaches-typing-2/3030-4379/"}, {"api_detail_url": "https://www.giantbomb.com/api/game/3030-34303/", "id": 34303, "name": "Super Mario 3D Land", "site_detail_url": "https://www.giantbomb.com/super-mario-3d-land/3030-34303/"}, {"api_detail_url": "https://www.giantbomb.com/api/game/3030-33894/", "id": 33894, "name": "Yume Kojo: Doki Doki Panic", "site_detail_url": "https://www.giantbomb.com/yume-kojo-doki-doki-panic/3030-33894/"}, {"api_detail_url": "https://www.giantbomb.com/api/game/3030-35081/", "id": 35081, "name": "Jaguar Mishin Sashi Senyou Soft: Mario Family", "site_detail_url": "https://www.giantbomb.com/jaguar-mishin-sashi-senyou-soft-mario-family/3030-35081/"}, {"api_detail_url": "https://www.giantbomb.com/api/game/3030-32012/", "id": 32012, "name": "Super Mario Bros. / Tetris / Nintendo World Cup", "site_detail_url": "https://www.giantbomb.com/super-mario-bros-tetris-nintendo-world-cup/3030-32012/"}, {"api_detail_url": "https://www.giantbomb.com/api/game/3030-35133/", "id": 35133, "name": "Golf: Japan Course", "site_detail_url": "https://www.giantbomb.com/golf-japan-course/3030-35133/"}, {"api_detail_url": "https://www.giantbomb.com/api/game/3030-35578/", "id": 35578, "name": "Mario Party 9", "site_detail_url": "https://www.giantbomb.com/mario-party-9/3030-35578/"}, {"api_detail_url": "https://www.giantbomb.com/api/game/3030-35574/", "id": 35574, "name": "New Super Mario Bros. U", "site_detail_url": "https://www.giantbomb.com/new-super-mario-bros-u/3030-35574/"}, {"api_detail_url": "https://www.giantbomb.com/api/game/3030-34986/", "id": 34986, "name": "Mario & Sonic at the London 2012 Olympic Games", "site_detail_url": "https://www.giantbomb.com/mario-sonic-at-the-london-2012-olympic-games/3030-34986/"}, {"api_detail_url": "https://www.giantbomb.com/api/game/3030-4287/", "id": 4287, "name": "Mario Pinball Land", "site_detail_url": "https://www.giantbomb.com/mario-pinball-land/3030-4287/"}, {"api_detail_url": "https://www.giantbomb.com/api/game/3030-7174/", "id": 7174, "name": "Electric Crayon 3.1: Super Mario Bros & Friends: When I Grow Up", "site_detail_url": "https://www.giantbomb.com/electric-crayon-31-super-mario-bros-friends-when-i/3030-7174/"}, {"api_detail_url": "https://www.giantbomb.com/api/game/3030-35143/", "id": 35143, "name": "BS Mario Paint: Yuu Shou Naizou Ban", "site_detail_url": "https://www.giantbomb.com/bs-mario-paint-yuu-shou-naizou-ban/3030-35143/"}, {"api_detail_url": "https://www.giantbomb.com/api/game/3030-18529/", "id": 18529, "name": "Super Mario All-Stars", "site_detail_url": "https://www.giantbomb.com/super-mario-all-stars/3030-18529/"}, {"api_detail_url": "https://www.giantbomb.com/api/game/3030-36392/", "id": 36392, "name": "Mario Tennis Open", "site_detail_url": "https://www.giantbomb.com/mario-tennis-open/3030-36392/"}, {"api_detail_url": "https://www.giantbomb.com/api/game/3030-5877/", "id": 5877, "name": "Nintendo World Championships 1990", "site_detail_url": "https://www.giantbomb.com/nintendo-world-championships-1990/3030-5877/"}, {"api_detail_url": "https://www.giantbomb.com/api/game/3030-38064/", "id": 38064, "name": "New Super Mario Bros. 2", "site_detail_url": "https://www.giantbomb.com/new-super-mario-bros-2/3030-38064/"}, {"api_detail_url": "https://www.giantbomb.com/api/game/3030-39060/", "id": 39060, "name": "Mario Bros. II", "site_detail_url": "https://www.giantbomb.com/mario-bros-ii/3030-39060/"}, {"api_detail_url": "https://www.giantbomb.com/api/game/3030-22096/", "id": 22096, "name": "Golf", "site_detail_url": "https://www.giantbomb.com/golf/3030-22096/"}, {"api_detail_url": "https://www.giantbomb.com/api/game/3030-23929/", "id": 23929, "name": "Famicom Grand Prix: F1 Race", "site_detail_url": "https://www.giantbomb.com/famicom-grand-prix-f1-race/3030-23929/"}, {"api_detail_url": "https://www.giantbomb.com/api/game/3030-4381/", "id": 4381, "name": "Alleyway", "site_detail_url": "https://www.giantbomb.com/alleyway/3030-4381/"}, {"api_detail_url": "https://www.giantbomb.com/api/game/3030-19197/", "id": 19197, "name": "Yoshi", "site_detail_url": "https://www.giantbomb.com/yoshi/3030-19197/"}, {"api_detail_url": "https://www.giantbomb.com/api/game/3030-16966/", "id": 16966, "name": "Yoshi's Cookie", "site_detail_url": "https://www.giantbomb.com/yoshis-cookie/3030-16966/"}, {"api_detail_url": "https://www.giantbomb.com/api/game/3030-3699/", "id": 3699, "name": "Yoshi's Safari", "site_detail_url": "https://www.giantbomb.com/yoshis-safari/3030-3699/"}, {"api_detail_url": "https://www.giantbomb.com/api/game/3030-16889/", "id": 16889, "name": "Donkey Kong Country 2: Diddy's Kong Quest", "site_detail_url": "https://www.giantbomb.com/donkey-kong-country-2-diddys-kong-quest/3030-16889/"}, {"api_detail_url": "https://www.giantbomb.com/api/game/3030-15207/", "id": 15207, "name": "Yoshi's Story", "site_detail_url": "https://www.giantbomb.com/yoshis-story/3030-15207/"}, {"api_detail_url": "https://www.giantbomb.com/api/game/3030-20588/", "id": 20588, "name": "Super Smash Bros. Brawl", "site_detail_url": "https://www.giantbomb.com/super-smash-bros-brawl/3030-20588/"}, {"api_detail_url": "https://www.giantbomb.com/api/game/3030-15000/", "id": 15000, "name": "Donkey Kong 64", "site_detail_url": "https://www.giantbomb.com/donkey-kong-64/3030-15000/"}, {"api_detail_url": "https://www.giantbomb.com/api/game/3030-61/", "id": 61, "name": "NBA Street V3", "site_detail_url": "https://www.giantbomb.com/nba-street-v3/3030-61/"}, {"api_detail_url": "https://www.giantbomb.com/api/game/3030-12418/", "id": 12418, "name": "SSX on Tour", "site_detail_url": "https://www.giantbomb.com/ssx-on-tour/3030-12418/"}, {"api_detail_url": "https://www.giantbomb.com/api/game/3030-1307/", "id": 1307, "name": "Yoshi Topsy-Turvy", "site_detail_url": "https://www.giantbomb.com/yoshi-topsy-turvy/3030-1307/"}, {"api_detail_url": "https://www.giantbomb.com/api/game/3030-10234/", "id": 10234, "name": "Tetris DS", "site_detail_url": "https://www.giantbomb.com/tetris-ds/3030-10234/"}, {"api_detail_url": "https://www.giantbomb.com/api/game/3030-35610/", "id": 35610, "name": "Fortune Street", "site_detail_url": "https://www.giantbomb.com/fortune-street/3030-35610/"}, {"api_detail_url": "https://www.giantbomb.com/api/game/3030-8145/", "id": 8145, "name": "Baseball", "site_detail_url": "https://www.giantbomb.com/baseball/3030-8145/"}, {"api_detail_url": "https://www.giantbomb.com/api/game/3030-41569/", "id": 41569, "name": "Mario & Luigi: Dream Team", "site_detail_url": "https://www.giantbomb.com/mario-luigi-dream-team/3030-41569/"}, {"api_detail_url": "https://www.giantbomb.com/api/game/3030-41570/", "id": 41570, "name": "Mario Golf: World Tour", "site_detail_url": "https://www.giantbomb.com/mario-golf-world-tour/3030-41570/"}, {"api_detail_url": "https://www.giantbomb.com/api/game/3030-42400/", "id": 42400, "name": "Mario Party: Island Tour", "site_detail_url": "https://www.giantbomb.com/mario-party-island-tour/3030-42400/"}, {"api_detail_url": "https://www.giantbomb.com/api/game/3030-42658/", "id": 42658, "name": "Mario & Sonic at the Sochi 2014 Winter Olympic Games", "site_detail_url": "https://www.giantbomb.com/mario-sonic-at-the-sochi-2014-winter-olympic-games/3030-42658/"}, {"api_detail_url": "https://www.giantbomb.com/api/game/3030-42931/", "id": 42931, "name": "Super Mario 3D World", "site_detail_url": "https://www.giantbomb.com/super-mario-3d-world/3030-42931/"}, {"api_detail_url": "https://www.giantbomb.com/api/game/3030-42401/", "id": 42401, "name": "Yoshi's New Island", "site_detail_url": "https://www.giantbomb.com/yoshi-s-new-island/3030-42401/"}, {"api_detail_url": "https://www.giantbomb.com/api/game/3030-1334/", "id": 1334, "name": "Super Mario World", "site_detail_url": "https://www.giantbomb.com/super-mario-world/3030-1334/"}, {"api_detail_url": "https://www.giantbomb.com/api/game/3030-26841/", "id": 26841, "name": "New Super Mario Bros. Wii", "site_detail_url": "https://www.giantbomb.com/new-super-mario-bros-wii/3030-26841/"}, {"api_detail_url": "https://www.giantbomb.com/api/game/3030-2931/", "id": 2931, "name": "Super Mario 64", "site_detail_url": "https://www.giantbomb.com/super-mario-64/3030-2931/"}, {"api_detail_url": "https://www.giantbomb.com/api/game/3030-46361/", "id": 46361, "name": "Photos with Mario", "site_detail_url": "https://www.giantbomb.com/photos-with-mario/3030-46361/"}, {"api_detail_url": "https://www.giantbomb.com/api/game/3030-42929/", "id": 42929, "name": "Mario Kart 8", "site_detail_url": "https://www.giantbomb.com/mario-kart-8/3030-42929/"}, {"api_detail_url": "https://www.giantbomb.com/api/game/3030-46586/", "id": 46586, "name": "Mario Party 10", "site_detail_url": "https://www.giantbomb.com/mario-party-10/3030-46586/"}, {"api_detail_url": "https://www.giantbomb.com/api/game/3030-46587/", "id": 46587, "name": "Mario vs. Donkey Kong: Tipping Stars", "site_detail_url": "https://www.giantbomb.com/mario-vs-donkey-kong-tipping-stars/3030-46587/"}, {"api_detail_url": "https://www.giantbomb.com/api/game/3030-46580/", "id": 46580, "name": "Super Mario Maker", "site_detail_url": "https://www.giantbomb.com/super-mario-maker/3030-46580/"}, {"api_detail_url": "https://www.giantbomb.com/api/game/3030-46581/", "id": 46581, "name": "Captain Toad: Treasure Tracker", "site_detail_url": "https://www.giantbomb.com/captain-toad-treasure-tracker/3030-46581/"}, {"api_detail_url": "https://www.giantbomb.com/api/game/3030-41500/", "id": 41500, "name": "Mario Kart: Arcade GP DX", "site_detail_url": "https://www.giantbomb.com/mario-kart-arcade-gp-dx/3030-41500/"}, {"api_detail_url": "https://www.giantbomb.com/api/game/3030-48518/", "id": 48518, "name": "Puzzle & Dragons Z + Puzzle & Dragons: Super Mario Bros. Edition", "site_detail_url": "https://www.giantbomb.com/puzzle-dragons-z-puzzle-dragons-super-mario-bros-e/3030-48518/"}, {"api_detail_url": "https://www.giantbomb.com/api/game/3030-48898/", "id": 48898, "name": "Mario and Donkey Kong: Minis on the Move + Mario vs. Donkey Kong: Minis March Again!", "site_detail_url": "https://www.giantbomb.com/mario-and-donkey-kong-minis-on-the-move-mario-vs-d/3030-48898/"}, {"api_detail_url": "https://www.giantbomb.com/api/game/3030-49997/", "id": 49997, "name": "Mario Tennis: Ultra Smash", "site_detail_url": "https://www.giantbomb.com/mario-tennis-ultra-smash/3030-49997/"}, {"api_detail_url": "https://www.giantbomb.com/api/game/3030-49996/", "id": 49996, "name": "Mario & Luigi: Paper Jam", "site_detail_url": "https://www.giantbomb.com/mario-luigi-paper-jam/3030-49996/"}, {"api_detail_url": "https://www.giantbomb.com/api/game/3030-51528/", "id": 51528, "name": "Puzzle & Dragons: Super Mario Bros. Edition", "site_detail_url": "https://www.giantbomb.com/puzzle-dragons-super-mario-bros-edition/3030-51528/"}, {"api_detail_url": "https://www.giantbomb.com/api/game/3030-49802/", "id": 49802, "name": "Mario & Sonic at the Rio 2016 Olympic Games", "site_detail_url": "https://www.giantbomb.com/mario-sonic-at-the-rio-2016-olympic-games/3030-49802/"}, {"api_detail_url": "https://www.giantbomb.com/api/game/3030-52322/", "id": 52322, "name": "Mini Mario & Friends: amiibo Challenge", "site_detail_url": "https://www.giantbomb.com/mini-mario-and-friends-amiibo-challenge/3030-52322/"}, {"api_detail_url": "https://www.giantbomb.com/api/game/3030-52557/", "id": 52557, "name": "Mario Party Fushigi no Challenge World", "site_detail_url": "https://www.giantbomb.com/mario-party-fushigi-no-challenge-world/3030-52557/"}, {"api_detail_url": "https://www.giantbomb.com/api/game/3030-20645/", "id": 20645, "name": "Mario Kart Wii", "site_detail_url": "https://www.giantbomb.com/mario-kart-wii/3030-20645/"}, {"api_detail_url": "https://www.giantbomb.com/api/game/3030-16094/", "id": 16094, "name": "Super Mario Galaxy", "site_detail_url": "https://www.giantbomb.com/super-mario-galaxy/3030-16094/"}, {"api_detail_url": "https://www.giantbomb.com/api/game/3030-52917/", "id": 52917, "name": "Paper Mario: Color Splash", "site_detail_url": "https://www.giantbomb.com/paper-mario-color-splash/3030-52917/"}, {"api_detail_url": "https://www.giantbomb.com/api/game/3030-54246/", "id": 54246, "name": "Mario Party: Star Rush", "site_detail_url": "https://www.giantbomb.com/mario-party-star-rush/3030-54246/"}, {"api_detail_url": "https://www.giantbomb.com/api/game/3030-55308/", "id": 55308, "name": "Super Mario Maker for Nintendo 3DS", "site_detail_url": "https://www.giantbomb.com/super-mario-maker-for-nintendo-3ds/3030-55308/"}, {"api_detail_url": "https://www.giantbomb.com/api/game/3030-55407/", "id": 55407, "name": "Super Mario Run", "site_detail_url": "https://www.giantbomb.com/super-mario-run/3030-55407/"}, {"api_detail_url": "https://www.giantbomb.com/api/game/3030-56733/", "id": 56733, "name": "Super Mario Odyssey", "site_detail_url": "https://www.giantbomb.com/super-mario-odyssey/3030-56733/"}, {"api_detail_url": "https://www.giantbomb.com/api/game/3030-12447/", "id": 12447, "name": "Mario Party 3", "site_detail_url": "https://www.giantbomb.com/mario-party-3/3030-12447/"}, {"api_detail_url": "https://www.giantbomb.com/api/game/3030-2866/", "id": 2866, "name": "Super Mario World 2: Yoshi's Island", "site_detail_url": "https://www.giantbomb.com/super-mario-world-2-yoshis-island/3030-2866/"}, {"api_detail_url": "https://www.giantbomb.com/api/game/3030-41583/", "id": 41583, "name": "Mario and Donkey Kong: Minis on the Move", "site_detail_url": "https://www.giantbomb.com/mario-and-donkey-kong-minis-on-the-move/3030-41583/"}, {"api_detail_url": "https://www.giantbomb.com/api/game/3030-10299/", "id": 10299, "name": "Super Mario Bros. 3", "site_detail_url": "https://www.giantbomb.com/super-mario-bros-3/3030-10299/"}, {"api_detail_url": "https://www.giantbomb.com/api/game/3030-59637/", "id": 59637, "name": "Mario + Rabbids: Kingdom Battle", "site_detail_url": "https://www.giantbomb.com/mario-rabbids-kingdom-battle/3030-59637/"}, {"api_detail_url": "https://www.giantbomb.com/api/game/3030-61338/", "id": 61338, "name": "Mario Party: The Top 100", "site_detail_url": "https://www.giantbomb.com/mario-party-the-top-100/3030-61338/"}, {"api_detail_url": "https://www.giantbomb.com/api/game/3030-64951/", "id": 64951, "name": "Mario Tennis Aces", "site_detail_url": "https://www.giantbomb.com/mario-tennis-aces/3030-64951/"}, {"api_detail_url": "https://www.giantbomb.com/api/game/3030-66089/", "id": 66089, "name": "Mario Kart Tour", "site_detail_url": "https://www.giantbomb.com/mario-kart-tour/3030-66089/"}, {"api_detail_url": "https://www.giantbomb.com/api/game/3030-72141/", "id": 72141, "name": "Super Mario Maker 2", "site_detail_url": "https://www.giantbomb.com/super-mario-maker-2/3030-72141/"}, {"api_detail_url": "https://www.giantbomb.com/api/game/3030-71968/", "id": 71968, "name": "Dr. Mario World", "site_detail_url": "https://www.giantbomb.com/dr-mario-world/3030-71968/"}, {"api_detail_url": "https://www.giantbomb.com/api/game/3030-73312/", "id": 73312, "name": "Mario & Sonic at the Tokyo 2020 Olympic Games", "site_detail_url": "https://www.giantbomb.com/mario-and-sonic-at-the-tokyo-2020-olympic-games/3030-73312/"}, {"api_detail_url": "https://www.giantbomb.com/api/game/3030-77180/", "id": 77180, "name": "Super Mario 64 2", "site_detail_url": "https://www.giantbomb.com/super-mario-64-2/3030-77180/"}, {"api_detail_url": "https://www.giantbomb.com/api/game/3030-78447/", "id": 78447, "name": "Paper Mario: The Origami King", "site_detail_url": "https://www.giantbomb.com/paper-mario-the-origami-king/3030-78447/"}, {"api_detail_url": "https://www.giantbomb.com/api/game/3030-80462/", "id": 80462, "name": "Super Mario Bros. 35", "site_detail_url": "https://www.giantbomb.com/super-mario-bros-35/3030-80462/"}, {"api_detail_url": "https://www.giantbomb.com/api/game/3030-80463/", "id": 80463, "name": "Super Mario 3D All-Stars", "site_detail_url": "https://www.giantbomb.com/super-mario-3d-all-stars/3030-80463/"}, {"api_detail_url": "https://www.giantbomb.com/api/game/3030-80464/", "id": 80464, "name": "Mario Kart Live: Home Circuit", "site_detail_url": "https://www.giantbomb.com/mario-kart-live-home-circuit/3030-80464/"}, {"api_detail_url": "https://www.giantbomb.com/api/game/3030-81829/", "id": 81829, "name": "Mario Golf: Super Rush", "site_detail_url": "https://www.giantbomb.com/mario-golf-super-rush/3030-81829/"}, {"api_detail_url": "https://www.giantbomb.com/api/game/3030-82950/", "id": 82950, "name": "Mario + Rabbids: Sparks of Hope", "site_detail_url": "https://www.giantbomb.com/mario-rabbids-sparks-of-hope/3030-82950/"}, {"api_detail_url": "https://www.giantbomb.com/api/game/3030-83054/", "id": 83054, "name": "Mario Party Superstars", "site_detail_url": "https://www.giantbomb.com/mario-party-superstars/3030-83054/"}, {"api_detail_url": "https://www.giantbomb.com/api/game/3030-49801/", "id": 49801, "name": "Dr. Mario: Miracle Cure", "site_detail_url": "https://www.giantbomb.com/dr-mario-miracle-cure/3030-49801/"}, {"api_detail_url": "https://www.giantbomb.com/api/game/3030-85419/", "id": 85419, "name": "Mario Strikers: Battle League", "site_detail_url": "https://www.giantbomb.com/mario-strikers-battle-league/3030-85419/"}]}, "version": "1.0"}