{"error": "OK", "limit": 1, "offset": 0, "number_of_page_results": 1, "number_of_total_results": 1, "status_code": 1, "results": {"games": [{"api_detail_url": "https://www.giantbomb.com/api/game/3030-21123/", "id": 21123, "name": "Littlest Pet Shop", "site_detail_url": "https://www.giantbomb.com/littlest-pet-shop/3030-21123/"}, {"api_detail_url": "https://www.giantbomb.com/api/game/3030-26808/", "id": 26808, "name": "Littlest Pet Shop Friends", "site_detail_url": "https://www.giantbomb.com/littlest-pet-shop-friends/3030-26808/"}, {"api_detail_url": "https://www.giantbomb.com/api/game/3030-26809/", "id": 26809, "name": "Littlest Pet Shop Online", "site_detail_url": "https://www.giantbomb.com/littlest-pet-shop-online/3030-26809/"}, {"api_detail_url": "https://www.giantbomb.com/api/game/3030-26970/", "id": 26970, "name": "Littlest Pet Shop: City Friends", "site_detail_url": "https://www.giantbomb.com/littlest-pet-shop-city-friends/3030-26970/"}, {"api_detail_url": "https://www.giantbomb.com/api/game/3030-26971/", "id": 26971, "name": "Littlest Pet Shop: Country Friends", "site_detail_url": "https://www.giantbomb.com/littlest-pet-shop-country-friends/3030-26971/"}, {"api_detail_url": "https://www.giantbomb.com/api/game/3030-26973/", "id": 26973, "name": "Littlest Pet Shop: Jungle", "site_detail_url": "https://www.giantbomb.com/littlest-pet-shop-jungle/3030-26973/"}, {"api_detail_url": "https://www.giantbomb.com/api/game/3030-26974/", "id": 26974, "name": "Littlest Pet Shop: Spring", "site_detail_url": "https://www.giantbomb.com/littlest-pet-shop-spring/3030-26974/"}, {"api_detail_url": "https://www.giantbomb.com/api/game/3030-26975/", "id": 26975, "name": "Littlest Pet Shop: Winter", "site_detail_url": "https://www.giantbomb.com/littlest-pet-shop-winter/3030-26975/"}, {"api_detail_url": "https://www.giantbomb.com/api/game/3030-26972/", "id": 26972, "name": "Littlest Pet Shop: Garden", "site_detail_url": "https://www.giantbomb.com/littlest-pet-shop-garden/3030-26972/"}, {"api_detail_url": "https://www.giantbomb.com/api/game/3030-28451/", "id": 28451, "name": "Littlest Pet Shop Friends: Beach", "site_detail_url": "https://www.giantbomb.com/littlest-pet-shop-friends-beach/3030-28451/"}, {"api_detail_url": "https://www.giantbomb.com/api/game/3030-29470/", "id": 29470, "name": "Littlest Pet Shop", "site_detail_url": "https://www.giantbomb.com/littlest-pet-shop/3030-29470/"}, {"api_detail_url": "https://www.giantbomb.com/api/game/3030-77918/", "id": 77918, "name": "Littlest Pet Shop", "site_detail_url": "https://www.giantbomb.com/littlest-pet-shop/3030-77918/"}]}, "version": "1.0"}