{"error": "OK", "limit": 1, "offset": 0, "number_of_page_results": 1, "number_of_total_results": 1, "status_code": 1, "results": {"games": [{"api_detail_url": "https://www.giantbomb.com/api/game/3030-762/", "id": 762, "name": "Dancing Stage Fusion", "site_detail_url": "https://www.giantbomb.com/dancing-stage-fusion/3030-762/"}, {"api_detail_url": "https://www.giantbomb.com/api/game/3030-3280/", "id": 3280, "name": "Dance Dance Revolution EXTREME", "site_detail_url": "https://www.giantbomb.com/dance-dance-revolution-extreme/3030-3280/"}, {"api_detail_url": "https://www.giantbomb.com/api/game/3030-4204/", "id": 4204, "name": "Dance Dance Revolution ULTRAMIX", "site_detail_url": "https://www.giantbomb.com/dance-dance-revolution-ultramix/3030-4204/"}, {"api_detail_url": "https://www.giantbomb.com/api/game/3030-4675/", "id": 4675, "name": "Dance Dance Revolution: Disney Dancing Museum", "site_detail_url": "https://www.giantbomb.com/dance-dance-revolution-disney-dancing-museum/3030-4675/"}, {"api_detail_url": "https://www.giantbomb.com/api/game/3030-5214/", "id": 5214, "name": "Dance Dance Revolution HOTTEST PARTY", "site_detail_url": "https://www.giantbomb.com/dance-dance-revolution-hottest-party/3030-5214/"}, {"api_detail_url": "https://www.giantbomb.com/api/game/3030-6962/", "id": 6962, "name": "Dance Dance Revolution EXTREME 2", "site_detail_url": "https://www.giantbomb.com/dance-dance-revolution-extreme-2/3030-6962/"}, {"api_detail_url": "https://www.giantbomb.com/api/game/3030-8794/", "id": 8794, "name": "Dancing Stage Fever", "site_detail_url": "https://www.giantbomb.com/dancing-stage-fever/3030-8794/"}, {"api_detail_url": "https://www.giantbomb.com/api/game/3030-9103/", "id": 9103, "name": "Dancing Stage EuroMIX", "site_detail_url": "https://www.giantbomb.com/dancing-stage-euromix/3030-9103/"}, {"api_detail_url": "https://www.giantbomb.com/api/game/3030-11052/", "id": 11052, "name": "Dance Dance Revolution CLUB VERSION Dreamcast Edition", "site_detail_url": "https://www.giantbomb.com/dance-dance-revolution-club-version-dreamcast-edit/3030-11052/"}, {"api_detail_url": "https://www.giantbomb.com/api/game/3030-11448/", "id": 11448, "name": "Dance Dance Revolution 4thMIX", "site_detail_url": "https://www.giantbomb.com/dance-dance-revolution-4thmix/3030-11448/"}, {"api_detail_url": "https://www.giantbomb.com/api/game/3030-11694/", "id": 11694, "name": "Dance Dance Revolution SuperNOVA", "site_detail_url": "https://www.giantbomb.com/dance-dance-revolution-supernova/3030-11694/"}, {"api_detail_url": "https://www.giantbomb.com/api/game/3030-11789/", "id": 11789, "name": "Dance Dance Revolution 5thMIX", "site_detail_url": "https://www.giantbomb.com/dance-dance-revolution-5thmix/3030-11789/"}, {"api_detail_url": "https://www.giantbomb.com/api/game/3030-11886/", "id": 11886, "name": "Dancing Stage featuring DREAMS COME TRUE", "site_detail_url": "https://www.giantbomb.com/dancing-stage-featuring-dreams-come-true/3030-11886/"}, {"api_detail_url": "https://www.giantbomb.com/api/game/3030-13224/", "id": 13224, "name": "Dancing Stage Party Edition", "site_detail_url": "https://www.giantbomb.com/dancing-stage-party-edition/3030-13224/"}, {"api_detail_url": "https://www.giantbomb.com/api/game/3030-13487/", "id": 13487, "name": "Dance Dance Revolution ExtraMIX", "site_detail_url": "https://www.giantbomb.com/dance-dance-revolution-extramix/3030-13487/"}, {"api_detail_url": "https://www.giantbomb.com/api/game/3030-14383/", "id": 14383, "name": "Dance Dance Revolution Disney CHANNEL EDITION", "site_detail_url": "https://www.giantbomb.com/dance-dance-revolution-disney-channel-edition/3030-14383/"}, {"api_detail_url": "https://www.giantbomb.com/api/game/3030-16639/", "id": 16639, "name": "Dance Dance Revolution: Mario Mix", "site_detail_url": "https://www.giantbomb.com/dance-dance-revolution-mario-mix/3030-16639/"}, {"api_detail_url": "https://www.giantbomb.com/api/game/3030-17635/", "id": 17635, "name": "Dance Dance Revolution 3rdMIX", "site_detail_url": "https://www.giantbomb.com/dance-dance-revolution-3rdmix/3030-17635/"}, {"api_detail_url": "https://www.giantbomb.com/api/game/3030-18104/", "id": 18104, "name": "Dance Dance Revolution Disney MIX", "site_detail_url": "https://www.giantbomb.com/dance-dance-revolution-disney-mix/3030-18104/"}, {"api_detail_url": "https://www.giantbomb.com/api/game/3030-18366/", "id": 18366, "name": "Dance Dance Revolution ULTRAMIX 2", "site_detail_url": "https://www.giantbomb.com/dance-dance-revolution-ultramix-2/3030-18366/"}, {"api_detail_url": "https://www.giantbomb.com/api/game/3030-19822/", "id": 19822, "name": "Dance Dance Revolution 2ndMIX", "site_detail_url": "https://www.giantbomb.com/dance-dance-revolution-2ndmix/3030-19822/"}, {"api_detail_url": "https://www.giantbomb.com/api/game/3030-20189/", "id": 20189, "name": "Dance Dance Revolution KONAMIX", "site_detail_url": "https://www.giantbomb.com/dance-dance-revolution-konamix/3030-20189/"}, {"api_detail_url": "https://www.giantbomb.com/api/game/3030-1417/", "id": 1417, "name": "DDRMAX Dance Dance Revolution", "site_detail_url": "https://www.giantbomb.com/ddrmax-dance-dance-revolution/3030-1417/"}, {"api_detail_url": "https://www.giantbomb.com/api/game/3030-3118/", "id": 3118, "name": "DDRMAX 2 Dance Dance Revolution", "site_detail_url": "https://www.giantbomb.com/ddrmax-2-dance-dance-revolution/3030-3118/"}, {"api_detail_url": "https://www.giantbomb.com/api/game/3030-20629/", "id": 20629, "name": "Dance Dance Revolution UNIVERSE 3", "site_detail_url": "https://www.giantbomb.com/dance-dance-revolution-universe-3/3030-20629/"}, {"api_detail_url": "https://www.giantbomb.com/api/game/3030-20630/", "id": 20630, "name": "Dance Dance Revolution X", "site_detail_url": "https://www.giantbomb.com/dance-dance-revolution-x/3030-20630/"}, {"api_detail_url": "https://www.giantbomb.com/api/game/3030-20631/", "id": 20631, "name": "Dance Dance Revolution HOTTEST PARTY 2", "site_detail_url": "https://www.giantbomb.com/dance-dance-revolution-hottest-party-2/3030-20631/"}, {"api_detail_url": "https://www.giantbomb.com/api/game/3030-21746/", "id": 21746, "name": "Dance Dance Revolution SuperNOVA 2", "site_detail_url": "https://www.giantbomb.com/dance-dance-revolution-supernova-2/3030-21746/"}, {"api_detail_url": "https://www.giantbomb.com/api/game/3030-22356/", "id": 22356, "name": "Dance Dance Revolution UNIVERSE", "site_detail_url": "https://www.giantbomb.com/dance-dance-revolution-universe/3030-22356/"}, {"api_detail_url": "https://www.giantbomb.com/api/game/3030-22411/", "id": 22411, "name": "Dance Dance Revolution UNIVERSE 2", "site_detail_url": "https://www.giantbomb.com/dance-dance-revolution-universe-2/3030-22411/"}, {"api_detail_url": "https://www.giantbomb.com/api/game/3030-23190/", "id": 23190, "name": "Dance Dance Revolution GB", "site_detail_url": "https://www.giantbomb.com/dance-dance-revolution-gb/3030-23190/"}, {"api_detail_url": "https://www.giantbomb.com/api/game/3030-23191/", "id": 23191, "name": "Dance Dance Revolution GB 2", "site_detail_url": "https://www.giantbomb.com/dance-dance-revolution-gb-2/3030-23191/"}, {"api_detail_url": "https://www.giantbomb.com/api/game/3030-24918/", "id": 24918, "name": "Dance Dance Revolution ULTRAMIX 4", "site_detail_url": "https://www.giantbomb.com/dance-dance-revolution-ultramix-4/3030-24918/"}, {"api_detail_url": "https://www.giantbomb.com/api/game/3030-25755/", "id": 25755, "name": "Dance Dance Revolution Disney Grooves", "site_detail_url": "https://www.giantbomb.com/dance-dance-revolution-disney-grooves/3030-25755/"}, {"api_detail_url": "https://www.giantbomb.com/api/game/3030-29418/", "id": 29418, "name": "Dance Dance Revolution", "site_detail_url": "https://www.giantbomb.com/dance-dance-revolution/3030-29418/"}, {"api_detail_url": "https://www.giantbomb.com/api/game/3030-29419/", "id": 29419, "name": "Dancing Stage", "site_detail_url": "https://www.giantbomb.com/dancing-stage/3030-29419/"}, {"api_detail_url": "https://www.giantbomb.com/api/game/3030-29420/", "id": 29420, "name": "Dance Dance Revolution X2", "site_detail_url": "https://www.giantbomb.com/dance-dance-revolution-x2/3030-29420/"}, {"api_detail_url": "https://www.giantbomb.com/api/game/3030-34784/", "id": 34784, "name": "DanceDanceRevolution", "site_detail_url": "https://www.giantbomb.com/dancedancerevolution/3030-34784/"}, {"api_detail_url": "https://www.giantbomb.com/api/game/3030-35735/", "id": 35735, "name": "Dance Dance Revolution II", "site_detail_url": "https://www.giantbomb.com/dance-dance-revolution-ii/3030-35735/"}, {"api_detail_url": "https://www.giantbomb.com/api/game/3030-36658/", "id": 36658, "name": "Dance Dance Revolution GB 3", "site_detail_url": "https://www.giantbomb.com/dance-dance-revolution-gb-3/3030-36658/"}, {"api_detail_url": "https://www.giantbomb.com/api/game/3030-36659/", "id": 36659, "name": "Dance Dance Revolution GB Disney Mix", "site_detail_url": "https://www.giantbomb.com/dance-dance-revolution-gb-disney-mix/3030-36659/"}, {"api_detail_url": "https://www.giantbomb.com/api/game/3030-15402/", "id": 15402, "name": "Dance Dance Revolution ULTRAMIX 3", "site_detail_url": "https://www.giantbomb.com/dance-dance-revolution-ultramix-3/3030-15402/"}, {"api_detail_url": "https://www.giantbomb.com/api/game/3030-40964/", "id": 40964, "name": "Dance Dance Revolution: Hottest Party 3", "site_detail_url": "https://www.giantbomb.com/dance-dance-revolution-hottest-party-3/3030-40964/"}, {"api_detail_url": "https://www.giantbomb.com/api/game/3030-40965/", "id": 40965, "name": "Dance Dance Revolution: Hottest Party 4", "site_detail_url": "https://www.giantbomb.com/dance-dance-revolution-hottest-party-4/3030-40965/"}, {"api_detail_url": "https://www.giantbomb.com/api/game/3030-31119/", "id": 31119, "name": "Dance Dance Revolution USA", "site_detail_url": "https://www.giantbomb.com/dance-dance-revolution-usa/3030-31119/"}, {"api_detail_url": "https://www.giantbomb.com/api/game/3030-44040/", "id": 44040, "name": "Dancing Stage Universe 2", "site_detail_url": "https://www.giantbomb.com/dancing-stage-universe-2/3030-44040/"}, {"api_detail_url": "https://www.giantbomb.com/api/game/3030-47690/", "id": 47690, "name": "Dance Dance Revolution", "site_detail_url": "https://www.giantbomb.com/dance-dance-revolution/3030-47690/"}, {"api_detail_url": "https://www.giantbomb.com/api/game/3030-47691/", "id": 47691, "name": "Dance Dance Revolution: Dance Wars", "site_detail_url": "https://www.giantbomb.com/dance-dance-revolution-dance-wars/3030-47691/"}, {"api_detail_url": "https://www.giantbomb.com/api/game/3030-51890/", "id": 51890, "name": "Dance Dance Revolution: Hottest Party 5", "site_detail_url": "https://www.giantbomb.com/dance-dance-revolution-hottest-party-5/3030-51890/"}, {"api_detail_url": "https://www.giantbomb.com/api/game/3030-54684/", "id": 54684, "name": "Dance Dance Revolution A", "site_detail_url": "https://www.giantbomb.com/dance-dance-revolution-a/3030-54684/"}, {"api_detail_url": "https://www.giantbomb.com/api/game/3030-66391/", "id": 66391, "name": "Dance Dance Revolution X3 VS 2ndMix", "site_detail_url": "https://www.giantbomb.com/dance-dance-revolution-x3-vs-2ndmix/3030-66391/"}, {"api_detail_url": "https://www.giantbomb.com/api/game/3030-74463/", "id": 74463, "name": "Dance Dance Revolution A20", "site_detail_url": "https://www.giantbomb.com/dance-dance-revolution-a20/3030-74463/"}]}, "version": "1.0"}