{"error": "OK", "limit": 1, "offset": 0, "number_of_page_results": 1, "number_of_total_results": 1, "status_code": 1, "results": {"games": [{"api_detail_url": "https://www.giantbomb.com/api/game/3030-20503/", "id": 20503, "name": "Wii Fit", "site_detail_url": "https://www.giantbomb.com/wii-fit/3030-20503/"}, {"api_detail_url": "https://www.giantbomb.com/api/game/3030-26869/", "id": 26869, "name": "Wii Fit Plus", "site_detail_url": "https://www.giantbomb.com/wii-fit-plus/3030-26869/"}, {"api_detail_url": "https://www.giantbomb.com/api/game/3030-38546/", "id": 38546, "name": "Wii Fit U", "site_detail_url": "https://www.giantbomb.com/wii-fit-u/3030-38546/"}]}, "version": "1.0"}