{"error": "OK", "limit": 1, "offset": 0, "number_of_page_results": 1, "number_of_total_results": 1, "status_code": 1, "results": {"games": [{"api_detail_url": "https://www.giantbomb.com/api/game/3030-5722/", "id": 5722, "name": "Counter-Strike: Condition Zero", "site_detail_url": "https://www.giantbomb.com/counter-strike-condition-zero/3030-5722/"}, {"api_detail_url": "https://www.giantbomb.com/api/game/3030-11339/", "id": 11339, "name": "Counter-Strike: Source", "site_detail_url": "https://www.giantbomb.com/counter-strike-source/3030-11339/"}, {"api_detail_url": "https://www.giantbomb.com/api/game/3030-11663/", "id": 11663, "name": "Half-Life: Counter-Strike", "site_detail_url": "https://www.giantbomb.com/half-life-counter-strike/3030-11663/"}, {"api_detail_url": "https://www.giantbomb.com/api/game/3030-28443/", "id": 28443, "name": "Counter-Strike Neo", "site_detail_url": "https://www.giantbomb.com/counter-strike-neo/3030-28443/"}, {"api_detail_url": "https://www.giantbomb.com/api/game/3030-32538/", "id": 32538, "name": "CS2D", "site_detail_url": "https://www.giantbomb.com/cs2d/3030-32538/"}, {"api_detail_url": "https://www.giantbomb.com/api/game/3030-36113/", "id": 36113, "name": "Counter-Strike: Global Offensive", "site_detail_url": "https://www.giantbomb.com/counter-strike-global-offensive/3030-36113/"}, {"api_detail_url": "https://www.giantbomb.com/api/game/3030-47840/", "id": 47840, "name": "Counter-Strike Nexon: Zombies", "site_detail_url": "https://www.giantbomb.com/counterstrike-nexon-zombies/3030-47840/"}, {"api_detail_url": "https://www.giantbomb.com/api/game/3030-88779/", "id": 88779, "name": "Counter-Strike 2", "site_detail_url": "https://www.giantbomb.com/counter-strike-2/3030-88779/"}]}, "version": "1.0"}