{"error": "OK", "limit": 1, "offset": 0, "number_of_page_results": 1, "number_of_total_results": 1, "status_code": 1, "results": {"games": [{"api_detail_url": "https://www.giantbomb.com/api/game/3030-16291/", "id": 16291, "name": "Joe Blade", "site_detail_url": "https://www.giantbomb.com/joe-blade/3030-16291/"}, {"api_detail_url": "https://www.giantbomb.com/api/game/3030-8481/", "id": 8481, "name": "Joe Blade II", "site_detail_url": "https://www.giantbomb.com/joe-blade-ii/3030-8481/"}, {"api_detail_url": "https://www.giantbomb.com/api/game/3030-27858/", "id": 27858, "name": "Joe Blade III", "site_detail_url": "https://www.giantbomb.com/joe-blade-iii/3030-27858/"}]}, "version": "1.0"}