{"error": "OK", "limit": 1, "offset": 0, "number_of_page_results": 1, "number_of_total_results": 1, "status_code": 1, "results": {"games": [{"api_detail_url": "https://www.giantbomb.com/api/game/3030-24349/", "id": 24349, "name": "Harukanaru Toki no Naka de: Yume no Ukihashi", "site_detail_url": "https://www.giantbomb.com/harukanaru-toki-no-naka-de-yume-no-ukihashi/3030-24349/"}, {"api_detail_url": "https://www.giantbomb.com/api/game/3030-24350/", "id": 24350, "name": "Harukanaru Toki no Naka de", "site_detail_url": "https://www.giantbomb.com/harukanaru-toki-no-naka-de/3030-24350/"}, {"api_detail_url": "https://www.giantbomb.com/api/game/3030-24351/", "id": 24351, "name": "Harukanaru Toki no Naka de 2", "site_detail_url": "https://www.giantbomb.com/harukanaru-toki-no-naka-de-2/3030-24351/"}, {"api_detail_url": "https://www.giantbomb.com/api/game/3030-24352/", "id": 24352, "name": "Harukanaru Toki no Naka de 3", "site_detail_url": "https://www.giantbomb.com/harukanaru-toki-no-naka-de-3/3030-24352/"}, {"api_detail_url": "https://www.giantbomb.com/api/game/3030-24353/", "id": 24353, "name": "Harukanaru Toki no Naka de 4", "site_detail_url": "https://www.giantbomb.com/harukanaru-toki-no-naka-de-4/3030-24353/"}, {"api_detail_url": "https://www.giantbomb.com/api/game/3030-47881/", "id": 47881, "name": "Harukanaru Toki no Naka de 6", "site_detail_url": "https://www.giantbomb.com/harukanaru-toki-no-naka-de-6/3030-47881/"}, {"api_detail_url": "https://www.giantbomb.com/api/game/3030-49127/", "id": 49127, "name": "Harukanaru Toki no Naka de 5", "site_detail_url": "https://www.giantbomb.com/harukanaru-toki-no-naka-de-5/3030-49127/"}]}, "version": "1.0"}