{"error": "OK", "limit": 1, "offset": 0, "number_of_page_results": 1, "number_of_total_results": 1, "status_code": 1, "results": {"games": [{"api_detail_url": "https://www.giantbomb.com/api/game/3030-24105/", "id": 24105, "name": "D.C. II: Spring Celebration", "site_detail_url": "https://www.giantbomb.com/dc-ii-spring-celebration/3030-24105/"}, {"api_detail_url": "https://www.giantbomb.com/api/game/3030-23482/", "id": 23482, "name": "D.C. Da Capo", "site_detail_url": "https://www.giantbomb.com/dc-da-capo/3030-23482/"}, {"api_detail_url": "https://www.giantbomb.com/api/game/3030-23480/", "id": 23480, "name": "D.C. Girl's Symphony", "site_detail_url": "https://www.giantbomb.com/dc-girls-symphony/3030-23480/"}, {"api_detail_url": "https://www.giantbomb.com/api/game/3030-33340/", "id": 33340, "name": "Da Capo II: Plus Communication", "site_detail_url": "https://www.giantbomb.com/da-capo-ii-plus-communication/3030-33340/"}, {"api_detail_url": "https://www.giantbomb.com/api/game/3030-47841/", "id": 47841, "name": "D.C. II ~Da Capo II~", "site_detail_url": "https://www.giantbomb.com/dc-ii-da-capo-ii/3030-47841/"}, {"api_detail_url": "https://www.giantbomb.com/api/game/3030-48471/", "id": 48471, "name": "D.C. III ~Da Capo III~", "site_detail_url": "https://www.giantbomb.com/dc-iii-da-capo-iii/3030-48471/"}, {"api_detail_url": "https://www.giantbomb.com/api/game/3030-49488/", "id": 49488, "name": "D.C. II ~Da Capo II~ Dearest Marriage", "site_detail_url": "https://www.giantbomb.com/d-c-ii-da-capo-ii-dearest-marriage/3030-49488/"}]}, "version": "1.0"}