{"error": "OK", "limit": 1, "offset": 0, "number_of_page_results": 1, "number_of_total_results": 1, "status_code": 1, "results": {"games": [{"api_detail_url": "https://www.giantbomb.com/api/game/3030-25382/", "id": 25382, "name": "Real Football 2009", "site_detail_url": "https://www.giantbomb.com/real-football-2009/3030-25382/"}, {"api_detail_url": "https://www.giantbomb.com/api/game/3030-25436/", "id": 25436, "name": "Real Football 2008", "site_detail_url": "https://www.giantbomb.com/real-football-2008/3030-25436/"}, {"api_detail_url": "https://www.giantbomb.com/api/game/3030-29636/", "id": 29636, "name": "Real Soccer 2010", "site_detail_url": "https://www.giantbomb.com/real-soccer-2010/3030-29636/"}, {"api_detail_url": "https://www.giantbomb.com/api/game/3030-32457/", "id": 32457, "name": "Real Soccer 2", "site_detail_url": "https://www.giantbomb.com/real-soccer-2/3030-32457/"}]}, "version": "1.0"}