{"error": "OK", "limit": 1, "offset": 0, "number_of_page_results": 1, "number_of_total_results": 1, "status_code": 1, "results": {"games": [{"api_detail_url": "https://www.giantbomb.com/api/game/3030-28050/", "id": 28050, "name": "Farming Simulator 2008", "site_detail_url": "https://www.giantbomb.com/farming-simulator-2008/3030-28050/"}, {"api_detail_url": "https://www.giantbomb.com/api/game/3030-28041/", "id": 28041, "name": "Farming Simulator 2009", "site_detail_url": "https://www.giantbomb.com/farming-simulator-2009/3030-28041/"}, {"api_detail_url": "https://www.giantbomb.com/api/game/3030-32923/", "id": 32923, "name": "Farming Simulator 2011", "site_detail_url": "https://www.giantbomb.com/farming-simulator-2011/3030-32923/"}, {"api_detail_url": "https://www.giantbomb.com/api/game/3030-37923/", "id": 37923, "name": "Farming Simulator 2012", "site_detail_url": "https://www.giantbomb.com/farming-simulator-2012/3030-37923/"}, {"api_detail_url": "https://www.giantbomb.com/api/game/3030-38938/", "id": 38938, "name": "Farming Simulator 2013", "site_detail_url": "https://www.giantbomb.com/farming-simulator-2013/3030-38938/"}, {"api_detail_url": "https://www.giantbomb.com/api/game/3030-44531/", "id": 44531, "name": "Farming Simulator 14", "site_detail_url": "https://www.giantbomb.com/farming-simulator-14/3030-44531/"}, {"api_detail_url": "https://www.giantbomb.com/api/game/3030-47403/", "id": 47403, "name": "Farming Simulator 15", "site_detail_url": "https://www.giantbomb.com/farming-simulator-15/3030-47403/"}, {"api_detail_url": "https://www.giantbomb.com/api/game/3030-51086/", "id": 51086, "name": "Farming Simulator 16", "site_detail_url": "https://www.giantbomb.com/farming-simulator-16/3030-51086/"}, {"api_detail_url": "https://www.giantbomb.com/api/game/3030-54151/", "id": 54151, "name": "Farming Simulator 17", "site_detail_url": "https://www.giantbomb.com/farming-simulator-17/3030-54151/"}, {"api_detail_url": "https://www.giantbomb.com/api/game/3030-57702/", "id": 57702, "name": "Farming Simulator 18", "site_detail_url": "https://www.giantbomb.com/farming-simulator-18/3030-57702/"}, {"api_detail_url": "https://www.giantbomb.com/api/game/3030-67074/", "id": 67074, "name": "Farming Simulator 19", "site_detail_url": "https://www.giantbomb.com/farming-simulator-19/3030-67074/"}, {"api_detail_url": "https://www.giantbomb.com/api/game/3030-71041/", "id": 71041, "name": "Farming Simulator", "site_detail_url": "https://www.giantbomb.com/farming-simulator/3030-71041/"}, {"api_detail_url": "https://www.giantbomb.com/api/game/3030-83197/", "id": 83197, "name": "Farming Simulator 22", "site_detail_url": "https://www.giantbomb.com/farming-simulator-22/3030-83197/"}, {"api_detail_url": "https://www.giantbomb.com/api/game/3030-88561/", "id": 88561, "name": "Farming Simulator 23", "site_detail_url": "https://www.giantbomb.com/farming-simulator-23/3030-88561/"}]}, "version": "1.0"}