{"error": "OK", "limit": 1, "offset": 0, "number_of_page_results": 1, "number_of_total_results": 1, "status_code": 1, "results": {"games": [{"api_detail_url": "https://www.giantbomb.com/api/game/3030-5985/", "id": 5985, "name": "Diablo", "site_detail_url": "https://www.giantbomb.com/diablo/3030-5985/"}, {"api_detail_url": "https://www.giantbomb.com/api/game/3030-15589/", "id": 15589, "name": "Diablo II: Lord of Destruction", "site_detail_url": "https://www.giantbomb.com/diablo-ii-lord-of-destruction/3030-15589/"}, {"api_detail_url": "https://www.giantbomb.com/api/game/3030-17752/", "id": 17752, "name": "Diablo: Hellfire", "site_detail_url": "https://www.giantbomb.com/diablo-hellfire/3030-17752/"}, {"api_detail_url": "https://www.giantbomb.com/api/game/3030-43649/", "id": 43649, "name": "Diablo III: Reaper of Souls", "site_detail_url": "https://www.giantbomb.com/diablo-iii-reaper-of-souls/3030-43649/"}, {"api_detail_url": "https://www.giantbomb.com/api/game/3030-20803/", "id": 20803, "name": "Diablo III", "site_detail_url": "https://www.giantbomb.com/diablo-iii/3030-20803/"}, {"api_detail_url": "https://www.giantbomb.com/api/game/3030-1119/", "id": 1119, "name": "Diablo II", "site_detail_url": "https://www.giantbomb.com/diablo-ii/3030-1119/"}, {"api_detail_url": "https://www.giantbomb.com/api/game/3030-46300/", "id": 46300, "name": "Diablo III: Ultimate Evil Edition", "site_detail_url": "https://www.giantbomb.com/diablo-iii-ultimate-evil-edition/3030-46300/"}, {"api_detail_url": "https://www.giantbomb.com/api/game/3030-70843/", "id": 70843, "name": "Diablo Immortal", "site_detail_url": "https://www.giantbomb.com/diablo-immortal/3030-70843/"}, {"api_detail_url": "https://www.giantbomb.com/api/game/3030-75881/", "id": 75881, "name": "Diablo IV", "site_detail_url": "https://www.giantbomb.com/diablo-iv/3030-75881/"}, {"api_detail_url": "https://www.giantbomb.com/api/game/3030-81854/", "id": 81854, "name": "Diablo II: Resurrected", "site_detail_url": "https://www.giantbomb.com/diablo-ii-resurrected/3030-81854/"}]}, "version": "1.0"}