{"error": "OK", "limit": 1, "offset": 0, "number_of_page_results": 1, "number_of_total_results": 1, "status_code": 1, "results": {"games": [{"api_detail_url": "https://www.giantbomb.com/api/game/3030-17976/", "id": 17976, "name": "Donkey Kong: Jungle Beat", "site_detail_url": "https://www.giantbomb.com/donkey-kong-jungle-beat/3030-17976/"}, {"api_detail_url": "https://www.giantbomb.com/api/game/3030-15398/", "id": 15398, "name": "Mario Power Tennis", "site_detail_url": "https://www.giantbomb.com/mario-power-tennis/3030-15398/"}, {"api_detail_url": "https://www.giantbomb.com/api/game/3030-2405/", "id": 2405, "name": "Pikmin", "site_detail_url": "https://www.giantbomb.com/pikmin/3030-2405/"}, {"api_detail_url": "https://www.giantbomb.com/api/game/3030-15473/", "id": 15473, "name": "Metroid Prime", "site_detail_url": "https://www.giantbomb.com/metroid-prime/3030-15473/"}, {"api_detail_url": "https://www.giantbomb.com/api/game/3030-2480/", "id": 2480, "name": "Pikmin 2", "site_detail_url": "https://www.giantbomb.com/pikmin-2/3030-2480/"}, {"api_detail_url": "https://www.giantbomb.com/api/game/3030-1597/", "id": 1597, "name": "Metroid Prime 2: Echoes", "site_detail_url": "https://www.giantbomb.com/metroid-prime-2-echoes/3030-1597/"}, {"api_detail_url": "https://www.giantbomb.com/api/game/3030-11742/", "id": 11742, "name": "Chibi-Robo!", "site_detail_url": "https://www.giantbomb.com/chibi-robo/3030-11742/"}, {"api_detail_url": "https://www.giantbomb.com/api/game/3030-26559/", "id": 26559, "name": "Metroid Prime Trilogy", "site_detail_url": "https://www.giantbomb.com/metroid-prime-trilogy/3030-26559/"}]}, "version": "1.0"}