{"error": "OK", "limit": 1, "offset": 0, "number_of_page_results": 1, "number_of_total_results": 1, "status_code": 1, "results": {"games": [{"api_detail_url": "https://www.giantbomb.com/api/game/3030-16255/", "id": 16255, "name": "50 Cent: Bulletproof", "site_detail_url": "https://www.giantbomb.com/50-cent-bulletproof/3030-16255/"}, {"api_detail_url": "https://www.giantbomb.com/api/game/3030-20454/", "id": 20454, "name": "50 Cent: Blood on the Sand", "site_detail_url": "https://www.giantbomb.com/50-cent-blood-on-the-sand/3030-20454/"}, {"api_detail_url": "https://www.giantbomb.com/api/game/3030-21215/", "id": 21215, "name": "50 Cent: Bulletproof G Unit Edition", "site_detail_url": "https://www.giantbomb.com/50-cent-bulletproof-g-unit-edition/3030-21215/"}]}, "version": "1.0"}