{"error": "OK", "limit": 1, "offset": 0, "number_of_page_results": 1, "number_of_total_results": 1, "status_code": 1, "results": {"games": [{"api_detail_url": "https://www.giantbomb.com/api/game/3030-16651/", "id": 16651, "name": "Hamtaro: Ham-Ham Heartbreak", "site_detail_url": "https://www.giantbomb.com/hamtaro-ham-ham-heartbreak/3030-16651/"}, {"api_detail_url": "https://www.giantbomb.com/api/game/3030-5033/", "id": 5033, "name": "Hamtaro: Ham-Hams Unite!", "site_detail_url": "https://www.giantbomb.com/hamtaro-ham-hams-unite/3030-5033/"}, {"api_detail_url": "https://www.giantbomb.com/api/game/3030-8512/", "id": 8512, "name": "Hamtaro: Rainbow Rescue", "site_detail_url": "https://www.giantbomb.com/hamtaro-rainbow-rescue/3030-8512/"}, {"api_detail_url": "https://www.giantbomb.com/api/game/3030-22240/", "id": 22240, "name": "Hi! Hamtaro: Ham-Ham Challenge", "site_detail_url": "https://www.giantbomb.com/hi-hamtaro-ham-ham-challenge/3030-22240/"}, {"api_detail_url": "https://www.giantbomb.com/api/game/3030-27732/", "id": 27732, "name": "Hamtaro: Ham-Ham Games", "site_detail_url": "https://www.giantbomb.com/hamtaro-ham-ham-games/3030-27732/"}, {"api_detail_url": "https://www.giantbomb.com/api/game/3030-43087/", "id": 43087, "name": "Tottoko Hamtaro", "site_detail_url": "https://www.giantbomb.com/tottoko-hamtaro/3030-43087/"}, {"api_detail_url": "https://www.giantbomb.com/api/game/3030-43088/", "id": 43088, "name": "Hamtaro: Wake Up Snoozer!", "site_detail_url": "https://www.giantbomb.com/hamtaro-wake-up-snoozer/3030-43088/"}, {"api_detail_url": "https://www.giantbomb.com/api/game/3030-43089/", "id": 43089, "name": "Tottoko Hamtaro Nazo Nazo Q Kumonoue no ? Jou", "site_detail_url": "https://www.giantbomb.com/tottoko-hamtaro-nazo-nazo-q-kumonoue-no-jou/3030-43089/"}, {"api_detail_url": "https://www.giantbomb.com/api/game/3030-43090/", "id": 43090, "name": "Hamtaro: Little Hamsters, Big Adventures", "site_detail_url": "https://www.giantbomb.com/hamtaro-little-hamsters-big-adventures/3030-43090/"}, {"api_detail_url": "https://www.giantbomb.com/api/game/3030-43434/", "id": 43434, "name": "Tottoko Hamtaro: Haru Natsu Aki Fuyu Tottoko Nakayoshi! Ham-chans!", "site_detail_url": "https://www.giantbomb.com/tottoko-hamtaro-haru-natsu-aki-fuyu-tottoko-nakayo/3030-43434/"}]}, "version": "1.0"}