{"error": "OK", "limit": 1, "offset": 0, "number_of_page_results": 1, "number_of_total_results": 1, "status_code": 1, "results": {"games": [{"api_detail_url": "https://www.giantbomb.com/api/game/3030-14168/", "id": 14168, "name": "Noitu Love", "site_detail_url": "https://www.giantbomb.com/noitu-love/3030-14168/"}, {"api_detail_url": "https://www.giantbomb.com/api/game/3030-22100/", "id": 22100, "name": "Noitu Love 2: Devolution", "site_detail_url": "https://www.giantbomb.com/noitu-love-2-devolution/3030-22100/"}]}, "version": "1.0"}