{"error": "OK", "limit": 1, "offset": 0, "number_of_page_results": 1, "number_of_total_results": 1, "status_code": 1, "results": {"games": [{"api_detail_url": "https://www.giantbomb.com/api/game/3030-10534/", "id": 10534, "name": "Scooby-Doo: Case File #1: The Glowing Bug Man", "site_detail_url": "https://www.giantbomb.com/scooby-doo-case-file-1-the-glowing-bug-man/3030-10534/"}, {"api_detail_url": "https://www.giantbomb.com/api/game/3030-27773/", "id": 27773, "name": "Scooby-Doo Case File #2: The Scary Stone Dragon", "site_detail_url": "https://www.giantbomb.com/scooby-doo-case-file-2-the-scary-stone-dragon/3030-27773/"}, {"api_detail_url": "https://www.giantbomb.com/api/game/3030-27779/", "id": 27779, "name": "Scooby Doo! Case File #3: Frights, Camera, Mystery!", "site_detail_url": "https://www.giantbomb.com/scooby-doo-case-file-3-frights-camera-mystery/3030-27779/"}]}, "version": "1.0"}