{"error": "OK", "limit": 1, "offset": 0, "number_of_page_results": 1, "number_of_total_results": 1, "status_code": 1, "results": {"games": [{"api_detail_url": "https://www.giantbomb.com/api/game/3030-20889/", "id": 20889, "name": "MX vs. ATV Untamed", "site_detail_url": "https://www.giantbomb.com/mx-vs-atv-untamed/3030-20889/"}, {"api_detail_url": "https://www.giantbomb.com/api/game/3030-5389/", "id": 5389, "name": "MX vs. ATV: On the Edge", "site_detail_url": "https://www.giantbomb.com/mx-vs-atv-on-the-edge/3030-5389/"}, {"api_detail_url": "https://www.giantbomb.com/api/game/3030-9981/", "id": 9981, "name": "MX vs. ATV Unleashed", "site_detail_url": "https://www.giantbomb.com/mx-vs-atv-unleashed/3030-9981/"}, {"api_detail_url": "https://www.giantbomb.com/api/game/3030-26452/", "id": 26452, "name": "MX vs. ATV: Reflex", "site_detail_url": "https://www.giantbomb.com/mx-vs-atv-reflex/3030-26452/"}, {"api_detail_url": "https://www.giantbomb.com/api/game/3030-32674/", "id": 32674, "name": "MX vs. ATV Alive", "site_detail_url": "https://www.giantbomb.com/mx-vs-atv-alive/3030-32674/"}, {"api_detail_url": "https://www.giantbomb.com/api/game/3030-44809/", "id": 44809, "name": "MX vs. ATV Supercross", "site_detail_url": "https://www.giantbomb.com/mx-vs-atv-supercross/3030-44809/"}, {"api_detail_url": "https://www.giantbomb.com/api/game/3030-51397/", "id": 51397, "name": "MX vs. ATV Supercross Encore", "site_detail_url": "https://www.giantbomb.com/mx-vs-atv-supercross-encore/3030-51397/"}, {"api_detail_url": "https://www.giantbomb.com/api/game/3030-61768/", "id": 61768, "name": "MX vs. ATV All Out", "site_detail_url": "https://www.giantbomb.com/mx-vs-atv-all-out/3030-61768/"}, {"api_detail_url": "https://www.giantbomb.com/api/game/3030-83945/", "id": 83945, "name": "MX vs ATV Legends", "site_detail_url": "https://www.giantbomb.com/mx-vs-atv-legends/3030-83945/"}]}, "version": "1.0"}