{"error": "OK", "limit": 1, "offset": 0, "number_of_page_results": 1, "number_of_total_results": 1, "status_code": 1, "results": {"games": [{"api_detail_url": "https://www.giantbomb.com/api/game/3030-3191/", "id": 3191, "name": "Lotus: The Ultimate Challenge", "site_detail_url": "https://www.giantbomb.com/lotus-the-ultimate-challenge/3030-3191/"}, {"api_detail_url": "https://www.giantbomb.com/api/game/3030-14801/", "id": 14801, "name": "Lotus Turbo Challenge 2", "site_detail_url": "https://www.giantbomb.com/lotus-turbo-challenge-2/3030-14801/"}, {"api_detail_url": "https://www.giantbomb.com/api/game/3030-4421/", "id": 4421, "name": "Lotus Esprit Turbo Challenge", "site_detail_url": "https://www.giantbomb.com/lotus-esprit-turbo-challenge/3030-4421/"}, {"api_detail_url": "https://www.giantbomb.com/api/game/3030-8665/", "id": 8665, "name": "Lotus Trilogy", "site_detail_url": "https://www.giantbomb.com/lotus-trilogy/3030-8665/"}]}, "version": "1.0"}