{"error": "OK", "limit": 1, "offset": 0, "number_of_page_results": 1, "number_of_total_results": 1, "status_code": 1, "results": {"games": [{"api_detail_url": "https://www.giantbomb.com/api/game/3030-15205/", "id": 15205, "name": "Mario & Sonic at the Olympic Games", "site_detail_url": "https://www.giantbomb.com/mario-sonic-at-the-olympic-games/3030-15205/"}, {"api_detail_url": "https://www.giantbomb.com/api/game/3030-25318/", "id": 25318, "name": "Mario & Sonic at the Olympic Winter Games", "site_detail_url": "https://www.giantbomb.com/mario-sonic-at-the-olympic-winter-games/3030-25318/"}, {"api_detail_url": "https://www.giantbomb.com/api/game/3030-34986/", "id": 34986, "name": "Mario & Sonic at the London 2012 Olympic Games", "site_detail_url": "https://www.giantbomb.com/mario-sonic-at-the-london-2012-olympic-games/3030-34986/"}, {"api_detail_url": "https://www.giantbomb.com/api/game/3030-42658/", "id": 42658, "name": "Mario & Sonic at the Sochi 2014 Winter Olympic Games", "site_detail_url": "https://www.giantbomb.com/mario-sonic-at-the-sochi-2014-winter-olympic-games/3030-42658/"}, {"api_detail_url": "https://www.giantbomb.com/api/game/3030-49802/", "id": 49802, "name": "Mario & Sonic at the Rio 2016 Olympic Games", "site_detail_url": "https://www.giantbomb.com/mario-sonic-at-the-rio-2016-olympic-games/3030-49802/"}, {"api_detail_url": "https://www.giantbomb.com/api/game/3030-57856/", "id": 57856, "name": "Sonic at the Olympic Winter Games", "site_detail_url": "https://www.giantbomb.com/sonic-at-the-olympic-winter-games/3030-57856/"}, {"api_detail_url": "https://www.giantbomb.com/api/game/3030-57857/", "id": 57857, "name": "Sonic at the Olympic Games", "site_detail_url": "https://www.giantbomb.com/sonic-at-the-olympic-games/3030-57857/"}, {"api_detail_url": "https://www.giantbomb.com/api/game/3030-73312/", "id": 73312, "name": "Mario & Sonic at the Tokyo 2020 Olympic Games", "site_detail_url": "https://www.giantbomb.com/mario-and-sonic-at-the-tokyo-2020-olympic-games/3030-73312/"}]}, "version": "1.0"}