{"error": "OK", "limit": 1, "offset": 0, "number_of_page_results": 1, "number_of_total_results": 1, "status_code": 1, "results": {"games": [{"api_detail_url": "https://www.giantbomb.com/api/game/3030-4273/", "id": 4273, "name": "CTU: Marine Sharpshooter", "site_detail_url": "https://www.giantbomb.com/ctu-marine-sharpshooter/3030-4273/"}, {"api_detail_url": "https://www.giantbomb.com/api/game/3030-6658/", "id": 6658, "name": "Marine Sharpshooter II: Jungle Warfare", "site_detail_url": "https://www.giantbomb.com/marine-sharpshooter-ii-jungle-warfare/3030-6658/"}, {"api_detail_url": "https://www.giantbomb.com/api/game/3030-27046/", "id": 27046, "name": "Marine Sharpshooter 3", "site_detail_url": "https://www.giantbomb.com/marine-sharpshooter-3/3030-27046/"}, {"api_detail_url": "https://www.giantbomb.com/api/game/3030-29076/", "id": 29076, "name": "Marine Sharpshooter 4", "site_detail_url": "https://www.giantbomb.com/marine-sharpshooter-4/3030-29076/"}, {"api_detail_url": "https://www.giantbomb.com/api/game/3030-29078/", "id": 29078, "name": "Marine Sharpshooter", "site_detail_url": "https://www.giantbomb.com/marine-sharpshooter/3030-29078/"}]}, "version": "1.0"}