{"error": "OK", "limit": 1, "offset": 0, "number_of_page_results": 1, "number_of_total_results": 1, "status_code": 1, "results": {"games": [{"api_detail_url": "https://www.giantbomb.com/api/game/3030-68/", "id": 68, "name": "Crash Bandicoot: The Wrath of Cortex", "site_detail_url": "https://www.giantbomb.com/crash-bandicoot-the-wrath-of-cortex/3030-68/"}, {"api_detail_url": "https://www.giantbomb.com/api/game/3030-355/", "id": 355, "name": "Crash Bandicoot 2: N-Tranced", "site_detail_url": "https://www.giantbomb.com/crash-bandicoot-2-n-tranced/3030-355/"}, {"api_detail_url": "https://www.giantbomb.com/api/game/3030-732/", "id": 732, "name": "Crash Bandicoot Purple: Ripto's Rampage", "site_detail_url": "https://www.giantbomb.com/crash-bandicoot-purple-riptos-rampage/3030-732/"}, {"api_detail_url": "https://www.giantbomb.com/api/game/3030-7380/", "id": 7380, "name": "Crash Bandicoot", "site_detail_url": "https://www.giantbomb.com/crash-bandicoot/3030-7380/"}, {"api_detail_url": "https://www.giantbomb.com/api/game/3030-7659/", "id": 7659, "name": "Crash Bandicoot: The Huge Adventure", "site_detail_url": "https://www.giantbomb.com/crash-bandicoot-the-huge-adventure/3030-7659/"}, {"api_detail_url": "https://www.giantbomb.com/api/game/3030-8660/", "id": 8660, "name": "Crash Bandicoot 2: Cortex Strikes Back", "site_detail_url": "https://www.giantbomb.com/crash-bandicoot-2-cortex-strikes-back/3030-8660/"}, {"api_detail_url": "https://www.giantbomb.com/api/game/3030-12909/", "id": 12909, "name": "Crash Bandicoot: Warped", "site_detail_url": "https://www.giantbomb.com/crash-bandicoot-warped/3030-12909/"}, {"api_detail_url": "https://www.giantbomb.com/api/game/3030-14790/", "id": 14790, "name": "Crash Twinsanity", "site_detail_url": "https://www.giantbomb.com/crash-twinsanity/3030-14790/"}, {"api_detail_url": "https://www.giantbomb.com/api/game/3030-6196/", "id": 6196, "name": "Crash Team Racing", "site_detail_url": "https://www.giantbomb.com/crash-team-racing/3030-6196/"}, {"api_detail_url": "https://www.giantbomb.com/api/game/3030-21205/", "id": 21205, "name": "Crash Bandicoot Nitro Kart 3D", "site_detail_url": "https://www.giantbomb.com/crash-bandicoot-nitro-kart-3d/3030-21205/"}, {"api_detail_url": "https://www.giantbomb.com/api/game/3030-2278/", "id": 2278, "name": "Crash Nitro Kart", "site_detail_url": "https://www.giantbomb.com/crash-nitro-kart/3030-2278/"}, {"api_detail_url": "https://www.giantbomb.com/api/game/3030-15952/", "id": 15952, "name": "Crash Bash", "site_detail_url": "https://www.giantbomb.com/crash-bash/3030-15952/"}, {"api_detail_url": "https://www.giantbomb.com/api/game/3030-7670/", "id": 7670, "name": "Crash of the Titans", "site_detail_url": "https://www.giantbomb.com/crash-of-the-titans/3030-7670/"}, {"api_detail_url": "https://www.giantbomb.com/api/game/3030-20817/", "id": 20817, "name": "Crash: Mind Over Mutant", "site_detail_url": "https://www.giantbomb.com/crash-mind-over-mutant/3030-20817/"}, {"api_detail_url": "https://www.giantbomb.com/api/game/3030-21405/", "id": 21405, "name": "Crash Tag Team Racing", "site_detail_url": "https://www.giantbomb.com/crash-tag-team-racing/3030-21405/"}, {"api_detail_url": "https://www.giantbomb.com/api/game/3030-21901/", "id": 21901, "name": "Crash Boom, Bang!", "site_detail_url": "https://www.giantbomb.com/crash-boom-bang/3030-21901/"}, {"api_detail_url": "https://www.giantbomb.com/api/game/3030-32225/", "id": 32225, "name": "Crash Bandicoot Nitro Kart 2", "site_detail_url": "https://www.giantbomb.com/crash-bandicoot-nitro-kart-2/3030-32225/"}, {"api_detail_url": "https://www.giantbomb.com/api/game/3030-19795/", "id": 19795, "name": "Crash SuperPack", "site_detail_url": "https://www.giantbomb.com/crash-superpack/3030-19795/"}, {"api_detail_url": "https://www.giantbomb.com/api/game/3030-35406/", "id": 35406, "name": "Crash & Spyro Superpack", "site_detail_url": "https://www.giantbomb.com/crash-spyro-superpack/3030-35406/"}, {"api_detail_url": "https://www.giantbomb.com/api/game/3030-57213/", "id": 57213, "name": "Crash Bandicoot N. Sane Trilogy", "site_detail_url": "https://www.giantbomb.com/crash-bandicoot-n-sane-trilogy/3030-57213/"}, {"api_detail_url": "https://www.giantbomb.com/api/game/3030-58383/", "id": 58383, "name": "Crash & Spyro Super Pack Volume 1", "site_detail_url": "https://www.giantbomb.com/crash-spyro-super-pack-volume-1/3030-58383/"}, {"api_detail_url": "https://www.giantbomb.com/api/game/3030-58384/", "id": 58384, "name": "Crash & Spyro Super Pack Volume 2", "site_detail_url": "https://www.giantbomb.com/crash-spyro-super-pack-volume-2/3030-58384/"}, {"api_detail_url": "https://www.giantbomb.com/api/game/3030-71298/", "id": 71298, "name": "Crash Team Racing: Nitro Fueled", "site_detail_url": "https://www.giantbomb.com/crash-team-racing-nitro-fueled/3030-71298/"}, {"api_detail_url": "https://www.giantbomb.com/api/game/3030-79157/", "id": 79157, "name": "Crash Bandicoot 4: It's About Time", "site_detail_url": "https://www.giantbomb.com/crash-bandicoot-4-its-about-time/3030-79157/"}, {"api_detail_url": "https://www.giantbomb.com/api/game/3030-79971/", "id": 79971, "name": "Crash Bandicoot: On the Run!", "site_detail_url": "https://www.giantbomb.com/crash-bandicoot-on-the-run/3030-79971/"}, {"api_detail_url": "https://www.giantbomb.com/api/game/3030-88075/", "id": 88075, "name": "Crash Team Rumble", "site_detail_url": "https://www.giantbomb.com/crash-team-rumble/3030-88075/"}]}, "version": "1.0"}