{"error": "OK", "limit": 1, "offset": 0, "number_of_page_results": 1, "number_of_total_results": 1, "status_code": 1, "results": {"games": [{"api_detail_url": "https://www.giantbomb.com/api/game/3030-24148/", "id": 24148, "name": "Blood Plus: One Night Kiss", "site_detail_url": "https://www.giantbomb.com/blood-plus-one-night-kiss/3030-24148/"}, {"api_detail_url": "https://www.giantbomb.com/api/game/3030-24149/", "id": 24149, "name": "Blood Plus: Souyoku no Battle Rondo", "site_detail_url": "https://www.giantbomb.com/blood-plus-souyoku-no-battle-rondo/3030-24149/"}, {"api_detail_url": "https://www.giantbomb.com/api/game/3030-24150/", "id": 24150, "name": "Blood Plus: Final Piece", "site_detail_url": "https://www.giantbomb.com/blood-plus-final-piece/3030-24150/"}]}, "version": "1.0"}