{"error": "OK", "limit": 1, "offset": 0, "number_of_page_results": 1, "number_of_total_results": 1, "status_code": 1, "results": {"games": [{"api_detail_url": "https://www.giantbomb.com/api/game/3030-19553/", "id": 19553, "name": "The Prisoner", "site_detail_url": "https://www.giantbomb.com/the-prisoner/3030-19553/"}, {"api_detail_url": "https://www.giantbomb.com/api/game/3030-9372/", "id": 9372, "name": "Prisoner 2", "site_detail_url": "https://www.giantbomb.com/prisoner-2/3030-9372/"}]}, "version": "1.0"}