{"error": "OK", "limit": 1, "offset": 0, "number_of_page_results": 1, "number_of_total_results": 1, "status_code": 1, "results": {"games": [{"api_detail_url": "https://www.giantbomb.com/api/game/3030-24676/", "id": 24676, "name": "Osananajimi to no Kurashi Kata", "site_detail_url": "https://www.giantbomb.com/osananajimi-to-no-kurashi-kata/3030-24676/"}, {"api_detail_url": "https://www.giantbomb.com/api/game/3030-24690/", "id": 24690, "name": "Yotsunoha", "site_detail_url": "https://www.giantbomb.com/yotsunoha/3030-24690/"}]}, "version": "1.0"}