{"error": "OK", "limit": 1, "offset": 0, "number_of_page_results": 1, "number_of_total_results": 1, "status_code": 1, "results": {"games": [{"api_detail_url": "https://www.giantbomb.com/api/game/3030-15138/", "id": 15138, "name": "The Koshan Conspiracy", "site_detail_url": "https://www.giantbomb.com/the-koshan-conspiracy/3030-15138/"}, {"api_detail_url": "https://www.giantbomb.com/api/game/3030-3961/", "id": 3961, "name": "B.A.T.", "site_detail_url": "https://www.giantbomb.com/bat/3030-3961/"}]}, "version": "1.0"}