{"error": "OK", "limit": 1, "offset": 0, "number_of_page_results": 1, "number_of_total_results": 1, "status_code": 1, "results": {"games": [{"api_detail_url": "https://www.giantbomb.com/api/game/3030-13308/", "id": 13308, "name": "Luxor", "site_detail_url": "https://www.giantbomb.com/luxor/3030-13308/"}, {"api_detail_url": "https://www.giantbomb.com/api/game/3030-12020/", "id": 12020, "name": "Luxor 2", "site_detail_url": "https://www.giantbomb.com/luxor-2/3030-12020/"}, {"api_detail_url": "https://www.giantbomb.com/api/game/3030-8381/", "id": 8381, "name": "Luxor: Amun Rising", "site_detail_url": "https://www.giantbomb.com/luxor-amun-rising/3030-8381/"}, {"api_detail_url": "https://www.giantbomb.com/api/game/3030-12095/", "id": 12095, "name": "Luxor: The Wrath of Set", "site_detail_url": "https://www.giantbomb.com/luxor-the-wrath-of-set/3030-12095/"}, {"api_detail_url": "https://www.giantbomb.com/api/game/3030-22318/", "id": 22318, "name": "Luxor: Pharaoh's Challenge", "site_detail_url": "https://www.giantbomb.com/luxor-pharaohs-challenge/3030-22318/"}, {"api_detail_url": "https://www.giantbomb.com/api/game/3030-25128/", "id": 25128, "name": "Luxor 3", "site_detail_url": "https://www.giantbomb.com/luxor-3/3030-25128/"}, {"api_detail_url": "https://www.giantbomb.com/api/game/3030-25129/", "id": 25129, "name": "Luxor: Quest for the Afterlife", "site_detail_url": "https://www.giantbomb.com/luxor-quest-for-the-afterlife/3030-25129/"}, {"api_detail_url": "https://www.giantbomb.com/api/game/3030-37655/", "id": 37655, "name": "Luxor Evolved", "site_detail_url": "https://www.giantbomb.com/luxor-evolved/3030-37655/"}, {"api_detail_url": "https://www.giantbomb.com/api/game/3030-38146/", "id": 38146, "name": "Luxor: 5th Passage", "site_detail_url": "https://www.giantbomb.com/luxor-5th-passage/3030-38146/"}, {"api_detail_url": "https://www.giantbomb.com/api/game/3030-44333/", "id": 44333, "name": "Luxor 2 HD", "site_detail_url": "https://www.giantbomb.com/luxor-2-hd/3030-44333/"}, {"api_detail_url": "https://www.giantbomb.com/api/game/3030-75677/", "id": 75677, "name": "Luxor Adventures", "site_detail_url": "https://www.giantbomb.com/luxor-adventures/3030-75677/"}]}, "version": "1.0"}