{"error": "OK", "limit": 1, "offset": 0, "number_of_page_results": 1, "number_of_total_results": 1, "status_code": 1, "results": {"games": [{"api_detail_url": "https://www.giantbomb.com/api/game/3030-22330/", "id": 22330, "name": "Jake Hunter: Detective Chronicles", "site_detail_url": "https://www.giantbomb.com/jake-hunter-detective-chronicles/3030-22330/"}, {"api_detail_url": "https://www.giantbomb.com/api/game/3030-27348/", "id": 27348, "name": "Tantei Jinguuji Saburo: Shinjuku Chuuou Kouen Satsujin Jiken", "site_detail_url": "https://www.giantbomb.com/tantei-jinguuji-saburo-shinjuku-chuuou-kouen-satsu/3030-27348/"}, {"api_detail_url": "https://www.giantbomb.com/api/game/3030-27349/", "id": 27349, "name": "Tantei Jinguuji Saburo: Shiroi Kage no Shoujo", "site_detail_url": "https://www.giantbomb.com/tantei-jinguuji-saburo-shiroi-kage-no-shoujo/3030-27349/"}, {"api_detail_url": "https://www.giantbomb.com/api/game/3030-27350/", "id": 27350, "name": "Tantei Jinguuji Saburo: Kienai Kokoro", "site_detail_url": "https://www.giantbomb.com/tantei-jinguuji-saburo-kienai-kokoro/3030-27350/"}, {"api_detail_url": "https://www.giantbomb.com/api/game/3030-27351/", "id": 27351, "name": "Tantei Jinguuji Saburo: Yokohama-ko Renzoku Satsujin Jiken", "site_detail_url": "https://www.giantbomb.com/tantei-jinguuji-saburo-yokohama-ko-renzoku-satsuji/3030-27351/"}, {"api_detail_url": "https://www.giantbomb.com/api/game/3030-27352/", "id": 27352, "name": "Tantei Jinguuji Saburo: Kiken na Futari", "site_detail_url": "https://www.giantbomb.com/tantei-jinguuji-saburo-kiken-na-futari/3030-27352/"}, {"api_detail_url": "https://www.giantbomb.com/api/game/3030-27353/", "id": 27353, "name": "Tantei Jinguuji Saburo: Yume no Owari ni", "site_detail_url": "https://www.giantbomb.com/tantei-jinguuji-saburo-yume-no-owari-ni/3030-27353/"}, {"api_detail_url": "https://www.giantbomb.com/api/game/3030-27355/", "id": 27355, "name": "Tantei Jinguuji Saburo: Mikan no Report", "site_detail_url": "https://www.giantbomb.com/tantei-jinguuji-saburo-mikan-no-report/3030-27355/"}, {"api_detail_url": "https://www.giantbomb.com/api/game/3030-27356/", "id": 27356, "name": "Tantei Jinguuji Saburo: Kagaribi ga Kienu Mani", "site_detail_url": "https://www.giantbomb.com/tantei-jinguuji-saburo-kagaribi-ga-kienu-mani/3030-27356/"}, {"api_detail_url": "https://www.giantbomb.com/api/game/3030-27357/", "id": 27357, "name": "Tantei Jinguuji Saburo: Toki no Sugiyuku mamani..", "site_detail_url": "https://www.giantbomb.com/tantei-jinguuji-saburo-toki-no-sugiyuku-mamani/3030-27357/"}, {"api_detail_url": "https://www.giantbomb.com/api/game/3030-27358/", "id": 27358, "name": "Tantei Jinguuji Saburo Early Collection", "site_detail_url": "https://www.giantbomb.com/tantei-jinguuji-saburo-early-collection/3030-27358/"}, {"api_detail_url": "https://www.giantbomb.com/api/game/3030-27359/", "id": 27359, "name": "Tantei Jinguuji Saburo: Innocent Black", "site_detail_url": "https://www.giantbomb.com/tantei-jinguuji-saburo-innocent-black/3030-27359/"}, {"api_detail_url": "https://www.giantbomb.com/api/game/3030-27360/", "id": 27360, "name": "Tantei Jinguuji Saburo: Kind of Blue", "site_detail_url": "https://www.giantbomb.com/tantei-jinguuji-saburo-kind-of-blue/3030-27360/"}, {"api_detail_url": "https://www.giantbomb.com/api/game/3030-27361/", "id": 27361, "name": "Tantei Jinguuji Saburo DS: Fuserareta Shinjitsu", "site_detail_url": "https://www.giantbomb.com/tantei-jinguuji-saburo-ds-fuserareta-shinjitsu/3030-27361/"}, {"api_detail_url": "https://www.giantbomb.com/api/game/3030-27362/", "id": 27362, "name": "Tantei Jinguuji Saburo: Hai to Diamond", "site_detail_url": "https://www.giantbomb.com/tantei-jinguuji-saburo-hai-to-diamond/3030-27362/"}, {"api_detail_url": "https://www.giantbomb.com/api/game/3030-28990/", "id": 28990, "name": "Tantei Jinguuji Saburo: Kadan no Isshu & Nazo no Jikenbo", "site_detail_url": "https://www.giantbomb.com/tantei-jinguuji-saburo-kadan-no-isshu-nazo-no-jike/3030-28990/"}, {"api_detail_url": "https://www.giantbomb.com/api/game/3030-32073/", "id": 32073, "name": "Tantei Jinguuji Saburou DS: Akai Chou", "site_detail_url": "https://www.giantbomb.com/tantei-jinguuji-saburou-ds-akai-chou/3030-32073/"}, {"api_detail_url": "https://www.giantbomb.com/api/game/3030-37813/", "id": 37813, "name": "Tantei Jinguuji Saburo: Fukushuu no Rinbu", "site_detail_url": "https://www.giantbomb.com/tantei-jinguuji-saburo-fukushuu-no-rinbu/3030-37813/"}, {"api_detail_url": "https://www.giantbomb.com/api/game/3030-60175/", "id": 60175, "name": "Jake Hunter Detective Story: Ghost of the Dusk", "site_detail_url": "https://www.giantbomb.com/jake-hunter-detective-story-ghost-of-the-dusk/3030-60175/"}, {"api_detail_url": "https://www.giantbomb.com/api/game/3030-71485/", "id": 71485, "name": "Daedalus: The Awakening of Golden Jazz", "site_detail_url": "https://www.giantbomb.com/daedalus-the-awakening-of-golden-jazz/3030-71485/"}, {"api_detail_url": "https://www.giantbomb.com/api/game/3030-71486/", "id": 71486, "name": "Tantei Jinguuji Saburou: Prism of Eyes", "site_detail_url": "https://www.giantbomb.com/tantei-jinguuji-saburou-prism-of-eyes/3030-71486/"}]}, "version": "1.0"}