{"error": "OK", "limit": 1, "offset": 0, "number_of_page_results": 1, "number_of_total_results": 1, "status_code": 1, "results": {"games": [{"api_detail_url": "https://www.giantbomb.com/api/game/3030-1200/", "id": 1200, "name": "Abandoned Places: A Time for Heroes", "site_detail_url": "https://www.giantbomb.com/abandoned-places-a-time-for-heroes/3030-1200/"}, {"api_detail_url": "https://www.giantbomb.com/api/game/3030-7813/", "id": 7813, "name": "Abandoned Places 2", "site_detail_url": "https://www.giantbomb.com/abandoned-places-2/3030-7813/"}]}, "version": "1.0"}