{"error": "OK", "limit": 1, "offset": 0, "number_of_page_results": 1, "number_of_total_results": 1, "status_code": 1, "results": {"games": [{"api_detail_url": "https://www.giantbomb.com/api/game/3030-17884/", "id": 17884, "name": "Secret Files: Tunguska", "site_detail_url": "https://www.giantbomb.com/secret-files-tunguska/3030-17884/"}, {"api_detail_url": "https://www.giantbomb.com/api/game/3030-24312/", "id": 24312, "name": "Secret Files 2: Puritas Cordis", "site_detail_url": "https://www.giantbomb.com/secret-files-2-puritas-cordis/3030-24312/"}, {"api_detail_url": "https://www.giantbomb.com/api/game/3030-36082/", "id": 36082, "name": "Secret Files 3", "site_detail_url": "https://www.giantbomb.com/secret-files-3/3030-36082/"}, {"api_detail_url": "https://www.giantbomb.com/api/game/3030-44260/", "id": 44260, "name": "Secret Files: Sam Peters", "site_detail_url": "https://www.giantbomb.com/secret-files-sam-peters/3030-44260/"}]}, "version": "1.0"}