{"error": "OK", "limit": 1, "offset": 0, "number_of_page_results": 1, "number_of_total_results": 1, "status_code": 1, "results": {"games": [{"api_detail_url": "https://www.giantbomb.com/api/game/3030-5741/", "id": 5741, "name": "Crusader: No Remorse", "site_detail_url": "https://www.giantbomb.com/crusader-no-remorse/3030-5741/"}, {"api_detail_url": "https://www.giantbomb.com/api/game/3030-6021/", "id": 6021, "name": "Crusader: No Regret", "site_detail_url": "https://www.giantbomb.com/crusader-no-regret/3030-6021/"}]}, "version": "1.0"}