{"error": "OK", "limit": 1, "offset": 0, "number_of_page_results": 1, "number_of_total_results": 1, "status_code": 1, "results": {"games": [{"api_detail_url": "https://www.giantbomb.com/api/game/3030-18232/", "id": 18232, "name": "Track & Field", "site_detail_url": "https://www.giantbomb.com/track-field/3030-18232/"}, {"api_detail_url": "https://www.giantbomb.com/api/game/3030-11289/", "id": 11289, "name": "Track & Field II", "site_detail_url": "https://www.giantbomb.com/track-field-ii/3030-11289/"}, {"api_detail_url": "https://www.giantbomb.com/api/game/3030-20619/", "id": 20619, "name": "New International Track & Field", "site_detail_url": "https://www.giantbomb.com/new-international-track-field/3030-20619/"}, {"api_detail_url": "https://www.giantbomb.com/api/game/3030-22209/", "id": 22209, "name": "International Track & Field", "site_detail_url": "https://www.giantbomb.com/international-track-field/3030-22209/"}, {"api_detail_url": "https://www.giantbomb.com/api/game/3030-5590/", "id": 5590, "name": "Hyper Sports", "site_detail_url": "https://www.giantbomb.com/hyper-sports/3030-5590/"}, {"api_detail_url": "https://www.giantbomb.com/api/game/3030-3602/", "id": 3602, "name": "ESPN International Track & Field", "site_detail_url": "https://www.giantbomb.com/espn-international-track-field/3030-3602/"}, {"api_detail_url": "https://www.giantbomb.com/api/game/3030-43935/", "id": 43935, "name": "'88 Games", "site_detail_url": "https://www.giantbomb.com/88-games/3030-43935/"}, {"api_detail_url": "https://www.giantbomb.com/api/game/3030-6820/", "id": 6820, "name": "International Track and Field 2000", "site_detail_url": "https://www.giantbomb.com/international-track-and-field-2000/3030-6820/"}, {"api_detail_url": "https://www.giantbomb.com/api/game/3030-14096/", "id": 14096, "name": "Nagano Winter Olympics '98", "site_detail_url": "https://www.giantbomb.com/nagano-winter-olympics-98/3030-14096/"}, {"api_detail_url": "https://www.giantbomb.com/api/game/3030-66377/", "id": 66377, "name": "Hyper Olympic '84 2", "site_detail_url": "https://www.giantbomb.com/hyper-olympic-84-2/3030-66377/"}, {"api_detail_url": "https://www.giantbomb.com/api/game/3030-66376/", "id": 66376, "name": "Hyper Olympic '84 Vol. 1", "site_detail_url": "https://www.giantbomb.com/hyper-olympic-84-vol-1/3030-66376/"}, {"api_detail_url": "https://www.giantbomb.com/api/game/3030-34671/", "id": 34671, "name": "Millennium Winter Sports", "site_detail_url": "https://www.giantbomb.com/millennium-winter-sports/3030-34671/"}, {"api_detail_url": "https://www.giantbomb.com/api/game/3030-68974/", "id": 68974, "name": "Hyper Sports R", "site_detail_url": "https://www.giantbomb.com/hyper-sports-r/3030-68974/"}, {"api_detail_url": "https://www.giantbomb.com/api/game/3030-20023/", "id": 20023, "name": "ESPN International Winter Sports 2002", "site_detail_url": "https://www.giantbomb.com/espn-international-winter-sports-2002/3030-20023/"}]}, "version": "1.0"}