{"error": "OK", "limit": 1, "offset": 0, "number_of_page_results": 1, "number_of_total_results": 1, "status_code": 1, "results": {"games": [{"api_detail_url": "https://www.giantbomb.com/api/game/3030-21617/", "id": 21617, "name": "Rayman: Raving Rabbids", "site_detail_url": "https://www.giantbomb.com/rayman-raving-rabbids/3030-21617/"}, {"api_detail_url": "https://www.giantbomb.com/api/game/3030-25792/", "id": 25792, "name": "Rabbids Go Home: A Comedy Adventure", "site_detail_url": "https://www.giantbomb.com/rabbids-go-home-a-comedy-adventure/3030-25792/"}, {"api_detail_url": "https://www.giantbomb.com/api/game/3030-20568/", "id": 20568, "name": "Rayman Raving Rabbids 2", "site_detail_url": "https://www.giantbomb.com/rayman-raving-rabbids-2/3030-20568/"}, {"api_detail_url": "https://www.giantbomb.com/api/game/3030-21080/", "id": 21080, "name": "Rayman Raving Rabbids TV Party", "site_detail_url": "https://www.giantbomb.com/rayman-raving-rabbids-tv-party/3030-21080/"}, {"api_detail_url": "https://www.giantbomb.com/api/game/3030-25606/", "id": 25606, "name": "Rayman Raving Rabbids", "site_detail_url": "https://www.giantbomb.com/rayman-raving-rabbids/3030-25606/"}, {"api_detail_url": "https://www.giantbomb.com/api/game/3030-29582/", "id": 29582, "name": "Rabbids Lab", "site_detail_url": "https://www.giantbomb.com/rabbids-lab/3030-29582/"}, {"api_detail_url": "https://www.giantbomb.com/api/game/3030-31744/", "id": 31744, "name": "Raving Rabbids Travel In Time", "site_detail_url": "https://www.giantbomb.com/raving-rabbids-travel-in-time/3030-31744/"}, {"api_detail_url": "https://www.giantbomb.com/api/game/3030-35552/", "id": 35552, "name": "Rabbids: Alive & Kicking", "site_detail_url": "https://www.giantbomb.com/rabbids-alive-kicking/3030-35552/"}, {"api_detail_url": "https://www.giantbomb.com/api/game/3030-38483/", "id": 38483, "name": "Rabbids Rumble", "site_detail_url": "https://www.giantbomb.com/rabbids-rumble/3030-38483/"}, {"api_detail_url": "https://www.giantbomb.com/api/game/3030-38550/", "id": 38550, "name": "Rabbids Land", "site_detail_url": "https://www.giantbomb.com/rabbids-land/3030-38550/"}, {"api_detail_url": "https://www.giantbomb.com/api/game/3030-42790/", "id": 42790, "name": "Rabbids Go Phone", "site_detail_url": "https://www.giantbomb.com/rabbids-go-phone/3030-42790/"}, {"api_detail_url": "https://www.giantbomb.com/api/game/3030-43647/", "id": 43647, "name": "Raving Rabbids Travel in Time", "site_detail_url": "https://www.giantbomb.com/raving-rabbids-travel-in-time/3030-43647/"}, {"api_detail_url": "https://www.giantbomb.com/api/game/3030-43875/", "id": 43875, "name": "Rabbids Big Bang", "site_detail_url": "https://www.giantbomb.com/rabbids-big-bang/3030-43875/"}, {"api_detail_url": "https://www.giantbomb.com/api/game/3030-44039/", "id": 44039, "name": "Rabbids Go Phone Again", "site_detail_url": "https://www.giantbomb.com/rabbids-go-phone-again/3030-44039/"}, {"api_detail_url": "https://www.giantbomb.com/api/game/3030-41036/", "id": 41036, "name": "Raving Rabbids Party Collection", "site_detail_url": "https://www.giantbomb.com/raving-rabbids-party-collection/3030-41036/"}, {"api_detail_url": "https://www.giantbomb.com/api/game/3030-48193/", "id": 48193, "name": "Rabbids Invasion: The Interactive TV Show", "site_detail_url": "https://www.giantbomb.com/rabbids-invasion-the-interactive-tv-show/3030-48193/"}, {"api_detail_url": "https://www.giantbomb.com/api/game/3030-58616/", "id": 58616, "name": "Rayman and Rabbids Family Pack", "site_detail_url": "https://www.giantbomb.com/rayman-and-rabbids-family-pack/3030-58616/"}, {"api_detail_url": "https://www.giantbomb.com/api/game/3030-59637/", "id": 59637, "name": "Mario + Rabbids: Kingdom Battle", "site_detail_url": "https://www.giantbomb.com/mario-rabbids-kingdom-battle/3030-59637/"}, {"api_detail_url": "https://www.giantbomb.com/api/game/3030-74872/", "id": 74872, "name": "Rabbids Hollywood", "site_detail_url": "https://www.giantbomb.com/rabbids-hollywood/3030-74872/"}, {"api_detail_url": "https://www.giantbomb.com/api/game/3030-75714/", "id": 75714, "name": "Rabbids Coding", "site_detail_url": "https://www.giantbomb.com/rabbids-coding/3030-75714/"}, {"api_detail_url": "https://www.giantbomb.com/api/game/3030-76944/", "id": 76944, "name": "Rabbids: Party of Legends", "site_detail_url": "https://www.giantbomb.com/rabbids-party-of-legends/3030-76944/"}, {"api_detail_url": "https://www.giantbomb.com/api/game/3030-82950/", "id": 82950, "name": "Mario + Rabbids: Sparks of Hope", "site_detail_url": "https://www.giantbomb.com/mario-rabbids-sparks-of-hope/3030-82950/"}, {"api_detail_url": "https://www.giantbomb.com/api/game/3030-83101/", "id": 83101, "name": "Rabbids & Ladders", "site_detail_url": "https://www.giantbomb.com/rabbids-and-ladders/3030-83101/"}]}, "version": "1.0"}