{"error": "OK", "limit": 1, "offset": 0, "number_of_page_results": 1, "number_of_total_results": 1, "status_code": 1, "results": {"games": [{"api_detail_url": "https://www.giantbomb.com/api/game/3030-24516/", "id": 24516, "name": "Way of the Samurai 3", "site_detail_url": "https://www.giantbomb.com/way-of-the-samurai-3/3030-24516/"}, {"api_detail_url": "https://www.giantbomb.com/api/game/3030-23873/", "id": 23873, "name": "Way of the Samurai Portable", "site_detail_url": "https://www.giantbomb.com/way-of-the-samurai-portable/3030-23873/"}, {"api_detail_url": "https://www.giantbomb.com/api/game/3030-1073/", "id": 1073, "name": "Way of the Samurai 2", "site_detail_url": "https://www.giantbomb.com/way-of-the-samurai-2/3030-1073/"}, {"api_detail_url": "https://www.giantbomb.com/api/game/3030-8195/", "id": 8195, "name": "Way of the Samurai", "site_detail_url": "https://www.giantbomb.com/way-of-the-samurai/3030-8195/"}, {"api_detail_url": "https://www.giantbomb.com/api/game/3030-6464/", "id": 6464, "name": "Samurai Western", "site_detail_url": "https://www.giantbomb.com/samurai-western/3030-6464/"}, {"api_detail_url": "https://www.giantbomb.com/api/game/3030-33006/", "id": 33006, "name": "Way of the Samurai 4", "site_detail_url": "https://www.giantbomb.com/way-of-the-samurai-4/3030-33006/"}, {"api_detail_url": "https://www.giantbomb.com/api/game/3030-51859/", "id": 51859, "name": "Way of the Samurai Portable 2", "site_detail_url": "https://www.giantbomb.com/way-of-the-samurai-portable-2/3030-51859/"}, {"api_detail_url": "https://www.giantbomb.com/api/game/3030-77179/", "id": 77179, "name": "Katana Kami: A Way of the Samurai Story", "site_detail_url": "https://www.giantbomb.com/katana-kami-a-way-of-the-samurai-story/3030-77179/"}]}, "version": "1.0"}