{"error": "OK", "limit": 1, "offset": 0, "number_of_page_results": 1, "number_of_total_results": 1, "status_code": 1, "results": {"games": [{"api_detail_url": "https://www.giantbomb.com/api/game/3030-21689/", "id": 21689, "name": "Wangan Midnight", "site_detail_url": "https://www.giantbomb.com/wangan-midnight/3030-21689/"}, {"api_detail_url": "https://www.giantbomb.com/api/game/3030-26956/", "id": 26956, "name": "Wangan Midnight Maximum Tune", "site_detail_url": "https://www.giantbomb.com/wangan-midnight-maximum-tune/3030-26956/"}, {"api_detail_url": "https://www.giantbomb.com/api/game/3030-26957/", "id": 26957, "name": "Wangan Midnight Maximum Tune 2", "site_detail_url": "https://www.giantbomb.com/wangan-midnight-maximum-tune-2/3030-26957/"}, {"api_detail_url": "https://www.giantbomb.com/api/game/3030-26958/", "id": 26958, "name": "Wangan Midnight Maximum Tune 3", "site_detail_url": "https://www.giantbomb.com/wangan-midnight-maximum-tune-3/3030-26958/"}, {"api_detail_url": "https://www.giantbomb.com/api/game/3030-54192/", "id": 54192, "name": "Wangan Midnight", "site_detail_url": "https://www.giantbomb.com/wangan-midnight/3030-54192/"}, {"api_detail_url": "https://www.giantbomb.com/api/game/3030-66661/", "id": 66661, "name": "Wangan Midnight Maximum Tune 4", "site_detail_url": "https://www.giantbomb.com/wangan-midnight-maximum-tune-4/3030-66661/"}, {"api_detail_url": "https://www.giantbomb.com/api/game/3030-66660/", "id": 66660, "name": "Wangan Midnight Maximum Tune 5", "site_detail_url": "https://www.giantbomb.com/wangan-midnight-maximum-tune-5/3030-66660/"}, {"api_detail_url": "https://www.giantbomb.com/api/game/3030-70303/", "id": 70303, "name": "Wangan Midnight Maximum Tune 6", "site_detail_url": "https://www.giantbomb.com/wangan-midnight-maximum-tune-6/3030-70303/"}]}, "version": "1.0"}