{"error": "OK", "limit": 1, "offset": 0, "number_of_page_results": 1, "number_of_total_results": 1, "status_code": 1, "results": {"games": [{"api_detail_url": "https://www.giantbomb.com/api/game/3030-23979/", "id": 23979, "name": "Personal Trainer: Walking", "site_detail_url": "https://www.giantbomb.com/personal-trainer-walking/3030-23979/"}, {"api_detail_url": "https://www.giantbomb.com/api/game/3030-24595/", "id": 24595, "name": "Personal Trainer: Cooking", "site_detail_url": "https://www.giantbomb.com/personal-trainer-cooking/3030-24595/"}, {"api_detail_url": "https://www.giantbomb.com/api/game/3030-26582/", "id": 26582, "name": "Personal Trainer: Math", "site_detail_url": "https://www.giantbomb.com/personal-trainer-math/3030-26582/"}]}, "version": "1.0"}