{"error": "OK", "limit": 1, "offset": 0, "number_of_page_results": 1, "number_of_total_results": 1, "status_code": 1, "results": {"games": [{"api_detail_url": "https://www.giantbomb.com/api/game/3030-12059/", "id": 12059, "name": "Pinball FX", "site_detail_url": "https://www.giantbomb.com/pinball-fx/3030-12059/"}, {"api_detail_url": "https://www.giantbomb.com/api/game/3030-32513/", "id": 32513, "name": "Pinball FX2", "site_detail_url": "https://www.giantbomb.com/pinball-fx2/3030-32513/"}, {"api_detail_url": "https://www.giantbomb.com/api/game/3030-39784/", "id": 39784, "name": "Pinball FX3", "site_detail_url": "https://www.giantbomb.com/pinball-fx3/3030-39784/"}, {"api_detail_url": "https://www.giantbomb.com/api/game/3030-62413/", "id": 62413, "name": "Pinball FX2 VR", "site_detail_url": "https://www.giantbomb.com/pinball-fx2-vr/3030-62413/"}, {"api_detail_url": "https://www.giantbomb.com/api/game/3030-85838/", "id": 85838, "name": "Pinball FX", "site_detail_url": "https://www.giantbomb.com/pinball-fx/3030-85838/"}]}, "version": "1.0"}