{"error": "OK", "limit": 1, "offset": 0, "number_of_page_results": 1, "number_of_total_results": 1, "status_code": 1, "results": {"games": [{"api_detail_url": "https://www.giantbomb.com/api/game/3030-16985/", "id": 16985, "name": "Lucky Luke: Wanted!", "site_detail_url": "https://www.giantbomb.com/lucky-luke-wanted/3030-16985/"}, {"api_detail_url": "https://www.giantbomb.com/api/game/3030-5878/", "id": 5878, "name": "Lucky Luke: Desperado Train", "site_detail_url": "https://www.giantbomb.com/lucky-luke-desperado-train/3030-5878/"}, {"api_detail_url": "https://www.giantbomb.com/api/game/3030-4167/", "id": 4167, "name": "Lucky Luke", "site_detail_url": "https://www.giantbomb.com/lucky-luke/3030-4167/"}, {"api_detail_url": "https://www.giantbomb.com/api/game/3030-14854/", "id": 14854, "name": "Lucky Luke: Western Fever", "site_detail_url": "https://www.giantbomb.com/lucky-luke-western-fever/3030-14854/"}, {"api_detail_url": "https://www.giantbomb.com/api/game/3030-7807/", "id": 7807, "name": "Lucky Luke: On the Dalton's Trail", "site_detail_url": "https://www.giantbomb.com/lucky-luke-on-the-daltons-trail/3030-7807/"}, {"api_detail_url": "https://www.giantbomb.com/api/game/3030-18985/", "id": 18985, "name": "Lucky Luke: The Video Game", "site_detail_url": "https://www.giantbomb.com/lucky-luke-the-video-game/3030-18985/"}, {"api_detail_url": "https://www.giantbomb.com/api/game/3030-30967/", "id": 30967, "name": "Go West! A Lucky Luke Adventure", "site_detail_url": "https://www.giantbomb.com/go-west-a-lucky-luke-adventure/3030-30967/"}, {"api_detail_url": "https://www.giantbomb.com/api/game/3030-52893/", "id": 52893, "name": "Lucky Luke", "site_detail_url": "https://www.giantbomb.com/lucky-luke/3030-52893/"}, {"api_detail_url": "https://www.giantbomb.com/api/game/3030-57723/", "id": 57723, "name": "Lucky Luke & the Daltons", "site_detail_url": "https://www.giantbomb.com/lucky-luke-the-daltons/3030-57723/"}]}, "version": "1.0"}