{"error": "OK", "limit": 1, "offset": 0, "number_of_page_results": 1, "number_of_total_results": 1, "status_code": 1, "results": {"games": [{"api_detail_url": "https://www.giantbomb.com/api/game/3030-8720/", "id": 8720, "name": "Dead Rising", "site_detail_url": "https://www.giantbomb.com/dead-rising/3030-8720/"}, {"api_detail_url": "https://www.giantbomb.com/api/game/3030-21336/", "id": 21336, "name": "Dead Rising: Chop Till You Drop", "site_detail_url": "https://www.giantbomb.com/dead-rising-chop-till-you-drop/3030-21336/"}, {"api_detail_url": "https://www.giantbomb.com/api/game/3030-30018/", "id": 30018, "name": "Dead Rising 2: Case Zero", "site_detail_url": "https://www.giantbomb.com/dead-rising-2-case-zero/3030-30018/"}, {"api_detail_url": "https://www.giantbomb.com/api/game/3030-32685/", "id": 32685, "name": "Dead Rising 2: Case West", "site_detail_url": "https://www.giantbomb.com/dead-rising-2-case-west/3030-32685/"}, {"api_detail_url": "https://www.giantbomb.com/api/game/3030-32838/", "id": 32838, "name": "Dead Rising", "site_detail_url": "https://www.giantbomb.com/dead-rising/3030-32838/"}, {"api_detail_url": "https://www.giantbomb.com/api/game/3030-34778/", "id": 34778, "name": "Dead Rising 2: Off the Record", "site_detail_url": "https://www.giantbomb.com/dead-rising-2-off-the-record/3030-34778/"}, {"api_detail_url": "https://www.giantbomb.com/api/game/3030-39676/", "id": 39676, "name": "Dead Rising: The Survival", "site_detail_url": "https://www.giantbomb.com/dead-rising-the-survival/3030-39676/"}, {"api_detail_url": "https://www.giantbomb.com/api/game/3030-25187/", "id": 25187, "name": "Dead Rising 2", "site_detail_url": "https://www.giantbomb.com/dead-rising-2/3030-25187/"}, {"api_detail_url": "https://www.giantbomb.com/api/game/3030-42902/", "id": 42902, "name": "Dead Rising 3", "site_detail_url": "https://www.giantbomb.com/dead-rising-3/3030-42902/"}, {"api_detail_url": "https://www.giantbomb.com/api/game/3030-54133/", "id": 54133, "name": "Dead Rising 4", "site_detail_url": "https://www.giantbomb.com/dead-rising-4/3030-54133/"}]}, "version": "1.0"}