{"error": "OK", "limit": 1, "offset": 0, "number_of_page_results": 1, "number_of_total_results": 1, "status_code": 1, "results": {"games": [{"api_detail_url": "https://www.giantbomb.com/api/game/3030-9450/", "id": 9450, "name": "Croc: Legend of the Gobbos", "site_detail_url": "https://www.giantbomb.com/croc-legend-of-the-gobbos/3030-9450/"}, {"api_detail_url": "https://www.giantbomb.com/api/game/3030-6301/", "id": 6301, "name": "Croc 2", "site_detail_url": "https://www.giantbomb.com/croc-2/3030-6301/"}, {"api_detail_url": "https://www.giantbomb.com/api/game/3030-59977/", "id": 59977, "name": "Croc Mobile: Volcanic Panic", "site_detail_url": "https://www.giantbomb.com/croc-mobile-volcanic-panic/3030-59977/"}, {"api_detail_url": "https://www.giantbomb.com/api/game/3030-59976/", "id": 59976, "name": "Croc Mobile: Pinball", "site_detail_url": "https://www.giantbomb.com/croc-mobile-pinball/3030-59976/"}, {"api_detail_url": "https://www.giantbomb.com/api/game/3030-59978/", "id": 59978, "name": "Croc Mobile: Jungle Rumble!", "site_detail_url": "https://www.giantbomb.com/croc-mobile-jungle-rumble/3030-59978/"}]}, "version": "1.0"}