{"error": "OK", "limit": 1, "offset": 0, "number_of_page_results": 1, "number_of_total_results": 1, "status_code": 1, "results": {"games": [{"api_detail_url": "https://www.giantbomb.com/api/game/3030-8592/", "id": 8592, "name": "Caesar", "site_detail_url": "https://www.giantbomb.com/caesar/3030-8592/"}, {"api_detail_url": "https://www.giantbomb.com/api/game/3030-5652/", "id": 5652, "name": "Caesar II", "site_detail_url": "https://www.giantbomb.com/caesar-ii/3030-5652/"}, {"api_detail_url": "https://www.giantbomb.com/api/game/3030-6645/", "id": 6645, "name": "Caesar III", "site_detail_url": "https://www.giantbomb.com/caesar-iii/3030-6645/"}, {"api_detail_url": "https://www.giantbomb.com/api/game/3030-19170/", "id": 19170, "name": "Caesar IV", "site_detail_url": "https://www.giantbomb.com/caesar-iv/3030-19170/"}]}, "version": "1.0"}