{"error": "OK", "limit": 1, "offset": 0, "number_of_page_results": 1, "number_of_total_results": 1, "status_code": 1, "results": {"games": [{"api_detail_url": "https://www.giantbomb.com/api/game/3030-21541/", "id": 21541, "name": "Ar tonelico II: Melody of Metafalica", "site_detail_url": "https://www.giantbomb.com/ar-tonelico-ii-melody-of-metafalica/3030-21541/"}, {"api_detail_url": "https://www.giantbomb.com/api/game/3030-17621/", "id": 17621, "name": "Ar tonelico: Melody of Elemia", "site_detail_url": "https://www.giantbomb.com/ar-tonelico-melody-of-elemia/3030-17621/"}, {"api_detail_url": "https://www.giantbomb.com/api/game/3030-29051/", "id": 29051, "name": "Ar tonelico Qoga: Knell of Ar Ciel", "site_detail_url": "https://www.giantbomb.com/ar-tonelico-qoga-knell-of-ar-ciel/3030-29051/"}, {"api_detail_url": "https://www.giantbomb.com/api/game/3030-45535/", "id": 45535, "name": "Ar Nosurge: Ode to an Unborn Star", "site_detail_url": "https://www.giantbomb.com/ar-nosurge-ode-to-an-unborn-star/3030-45535/"}, {"api_detail_url": "https://www.giantbomb.com/api/game/3030-37362/", "id": 37362, "name": "Ciel Nosurge: Ushinawareta Hoshi e Sasagu Uta", "site_detail_url": "https://www.giantbomb.com/ciel-nosurge-ushinawareta-hoshi-e-sasagu-uta/3030-37362/"}]}, "version": "1.0"}