{"error": "OK", "limit": 1, "offset": 0, "number_of_page_results": 1, "number_of_total_results": 1, "status_code": 1, "results": {"games": [{"api_detail_url": "https://www.giantbomb.com/api/game/3030-25234/", "id": 25234, "name": "Kunitori Zunou Battle: Nobunaga no Yabou", "site_detail_url": "https://www.giantbomb.com/kunitori-zunou-battle-nobunaga-no-yabou/3030-25234/"}, {"api_detail_url": "https://www.giantbomb.com/api/game/3030-14028/", "id": 14028, "name": "Nobunaga's Ambition", "site_detail_url": "https://www.giantbomb.com/nobunagas-ambition/3030-14028/"}, {"api_detail_url": "https://www.giantbomb.com/api/game/3030-10606/", "id": 10606, "name": "Nobunaga's Ambition II", "site_detail_url": "https://www.giantbomb.com/nobunagas-ambition-ii/3030-10606/"}, {"api_detail_url": "https://www.giantbomb.com/api/game/3030-20413/", "id": 20413, "name": "Nobunaga's Ambition: Lord of Darkness", "site_detail_url": "https://www.giantbomb.com/nobunagas-ambition-lord-of-darkness/3030-20413/"}, {"api_detail_url": "https://www.giantbomb.com/api/game/3030-25756/", "id": 25756, "name": "Nobunaga's Ambition: Iron Triangle", "site_detail_url": "https://www.giantbomb.com/nobunagas-ambition-iron-triangle/3030-25756/"}, {"api_detail_url": "https://www.giantbomb.com/api/game/3030-35277/", "id": 35277, "name": "Nobunyaga no Yabou", "site_detail_url": "https://www.giantbomb.com/nobunyaga-no-yabou/3030-35277/"}, {"api_detail_url": "https://www.giantbomb.com/api/game/3030-36752/", "id": 36752, "name": "Nobunaga's Ambition Online: Chapter Nova", "site_detail_url": "https://www.giantbomb.com/nobunagas-ambition-online-chapter-nova/3030-36752/"}, {"api_detail_url": "https://www.giantbomb.com/api/game/3030-30197/", "id": 30197, "name": "Nobunaga no Yabou: Tendou", "site_detail_url": "https://www.giantbomb.com/nobunaga-no-yabou-tendou/3030-30197/"}, {"api_detail_url": "https://www.giantbomb.com/api/game/3030-36759/", "id": 36759, "name": "Nobunaga no Yabou: Tendou with Power-Up Kit", "site_detail_url": "https://www.giantbomb.com/nobunaga-no-yabou-tendou-with-power-up-kit/3030-36759/"}, {"api_detail_url": "https://www.giantbomb.com/api/game/3030-37054/", "id": 37054, "name": "Pok\u00e9mon Conquest", "site_detail_url": "https://www.giantbomb.com/pokemon-conquest/3030-37054/"}, {"api_detail_url": "https://www.giantbomb.com/api/game/3030-38447/", "id": 38447, "name": "Nobunaga's Ambition", "site_detail_url": "https://www.giantbomb.com/nobunagas-ambition/3030-38447/"}, {"api_detail_url": "https://www.giantbomb.com/api/game/3030-40270/", "id": 40270, "name": "Nobunaga's Ambition: Rise to Power", "site_detail_url": "https://www.giantbomb.com/nobunagas-ambition-rise-to-power/3030-40270/"}, {"api_detail_url": "https://www.giantbomb.com/api/game/3030-28394/", "id": 28394, "name": "Nobunaga no Yabou: Tenshouki", "site_detail_url": "https://www.giantbomb.com/nobunaga-no-yabou-tenshouki/3030-28394/"}, {"api_detail_url": "https://www.giantbomb.com/api/game/3030-42634/", "id": 42634, "name": "Nobunaga's Ambition: Sphere of Influence", "site_detail_url": "https://www.giantbomb.com/nobunaga-s-ambition-sphere-of-influence/3030-42634/"}, {"api_detail_url": "https://www.giantbomb.com/api/game/3030-44921/", "id": 44921, "name": "Nobunaga no Yabou Online", "site_detail_url": "https://www.giantbomb.com/nobunaga-no-yabou-online/3030-44921/"}, {"api_detail_url": "https://www.giantbomb.com/api/game/3030-47579/", "id": 47579, "name": "Nobunaga no Yabou 201X", "site_detail_url": "https://www.giantbomb.com/nobunaga-no-yabou-201x/3030-47579/"}, {"api_detail_url": "https://www.giantbomb.com/api/game/3030-28393/", "id": 28393, "name": "Nobunaga no Yabou: Haouden", "site_detail_url": "https://www.giantbomb.com/nobunaga-no-yabou-haouden/3030-28393/"}, {"api_detail_url": "https://www.giantbomb.com/api/game/3030-50160/", "id": 50160, "name": "Nobunaga no Yabou: Reppuuden", "site_detail_url": "https://www.giantbomb.com/nobunaga-no-yabou-reppuuden/3030-50160/"}, {"api_detail_url": "https://www.giantbomb.com/api/game/3030-50161/", "id": 50161, "name": "Nobunaga no Yabou DS", "site_detail_url": "https://www.giantbomb.com/nobunaga-no-yabou-ds/3030-50161/"}, {"api_detail_url": "https://www.giantbomb.com/api/game/3030-50162/", "id": 50162, "name": "Nobunaga no Yabou 2", "site_detail_url": "https://www.giantbomb.com/nobunaga-no-yabou-2/3030-50162/"}, {"api_detail_url": "https://www.giantbomb.com/api/game/3030-51839/", "id": 51839, "name": "Nobunaga no Yabou DS 2", "site_detail_url": "https://www.giantbomb.com/nobunaga-no-yabou-ds-2/3030-51839/"}, {"api_detail_url": "https://www.giantbomb.com/api/game/3030-51840/", "id": 51840, "name": "Nobunaga no Yabou", "site_detail_url": "https://www.giantbomb.com/nobunaga-no-yabou/3030-51840/"}, {"api_detail_url": "https://www.giantbomb.com/api/game/3030-51843/", "id": 51843, "name": "Nobunaga no Yabou", "site_detail_url": "https://www.giantbomb.com/nobunaga-no-yabou/3030-51843/"}, {"api_detail_url": "https://www.giantbomb.com/api/game/3030-59275/", "id": 59275, "name": "Nobunaga's Ambition: Taishi", "site_detail_url": "https://www.giantbomb.com/nobunagas-ambition-taishi/3030-59275/"}, {"api_detail_url": "https://www.giantbomb.com/api/game/3030-56824/", "id": 56824, "name": "Nobunaga's Ambition: Sphere of Influence - Ascension", "site_detail_url": "https://www.giantbomb.com/nobunagas-ambition-sphere-of-influence-ascension/3030-56824/"}, {"api_detail_url": "https://www.giantbomb.com/api/game/3030-85809/", "id": 85809, "name": "Nobunaga no Yab\u014d: Shinsei", "site_detail_url": "https://www.giantbomb.com/nobunaga-no-yabo-shinsei/3030-85809/"}]}, "version": "1.0"}