{"error": "OK", "limit": 1, "offset": 0, "number_of_page_results": 1, "number_of_total_results": 1, "status_code": 1, "results": {"games": [{"api_detail_url": "https://www.giantbomb.com/api/game/3030-23951/", "id": 23951, "name": "Doko Demo Issho", "site_detail_url": "https://www.giantbomb.com/doko-demo-issho/3030-23951/"}, {"api_detail_url": "https://www.giantbomb.com/api/game/3030-23952/", "id": 23952, "name": "Doko Demo Issho: Let's Gakkou!", "site_detail_url": "https://www.giantbomb.com/doko-demo-issho-lets-gakkou/3030-23952/"}, {"api_detail_url": "https://www.giantbomb.com/api/game/3030-23938/", "id": 23938, "name": "Mainichi Issho", "site_detail_url": "https://www.giantbomb.com/mainichi-issho/3030-23938/"}, {"api_detail_url": "https://www.giantbomb.com/api/game/3030-36754/", "id": 36754, "name": "TORO! Let's Party!", "site_detail_url": "https://www.giantbomb.com/toro-lets-party/3030-36754/"}, {"api_detail_url": "https://www.giantbomb.com/api/game/3030-40627/", "id": 40627, "name": "Toro's Friend Network", "site_detail_url": "https://www.giantbomb.com/toro-s-friend-network/3030-40627/"}, {"api_detail_url": "https://www.giantbomb.com/api/game/3030-31332/", "id": 31332, "name": "Weekly Toro Station", "site_detail_url": "https://www.giantbomb.com/weekly-toro-station/3030-31332/"}, {"api_detail_url": "https://www.giantbomb.com/api/game/3030-79627/", "id": 79627, "name": "Toro and Friends: Onsen Town", "site_detail_url": "https://www.giantbomb.com/toro-and-friends-onsen-town/3030-79627/"}]}, "version": "1.0"}