{"error": "OK", "limit": 1, "offset": 0, "number_of_page_results": 1, "number_of_total_results": 1, "status_code": 1, "results": {"games": [{"api_detail_url": "https://www.giantbomb.com/api/game/3030-21368/", "id": 21368, "name": "PDC World Championship Darts 2008", "site_detail_url": "https://www.giantbomb.com/pdc-world-championship-darts-2008/3030-21368/"}, {"api_detail_url": "https://www.giantbomb.com/api/game/3030-25443/", "id": 25443, "name": "PDC World Championship Darts 2009", "site_detail_url": "https://www.giantbomb.com/pdc-world-championship-darts-2009/3030-25443/"}, {"api_detail_url": "https://www.giantbomb.com/api/game/3030-26123/", "id": 26123, "name": "PDC World Championship Darts", "site_detail_url": "https://www.giantbomb.com/pdc-world-championship-darts/3030-26123/"}, {"api_detail_url": "https://www.giantbomb.com/api/game/3030-33331/", "id": 33331, "name": "PDC World Championship Darts: Pro Tour", "site_detail_url": "https://www.giantbomb.com/pdc-world-championship-darts-pro-tour/3030-33331/"}]}, "version": "1.0"}