{"error": "OK", "limit": 1, "offset": 0, "number_of_page_results": 1, "number_of_total_results": 1, "status_code": 1, "results": {"games": [{"api_detail_url": "https://www.giantbomb.com/api/game/3030-21763/", "id": 21763, "name": "Asuka 120% Limited Burning Fest.", "site_detail_url": "https://www.giantbomb.com/asuka-120-limited-burning-fest/3030-21763/"}, {"api_detail_url": "https://www.giantbomb.com/api/game/3030-28086/", "id": 28086, "name": "Asuka 120% Special Burning Fest.", "site_detail_url": "https://www.giantbomb.com/asuka-120-special-burning-fest/3030-28086/"}, {"api_detail_url": "https://www.giantbomb.com/api/game/3030-28092/", "id": 28092, "name": "Asuka 120% Burning Fest.", "site_detail_url": "https://www.giantbomb.com/asuka-120-burning-fest/3030-28092/"}, {"api_detail_url": "https://www.giantbomb.com/api/game/3030-34225/", "id": 34225, "name": "Asuka 120% Maxima Burning Fest.", "site_detail_url": "https://www.giantbomb.com/asuka-120-maxima-burning-fest/3030-34225/"}, {"api_detail_url": "https://www.giantbomb.com/api/game/3030-36146/", "id": 36146, "name": "Asuka 120% Final Burning Fest.", "site_detail_url": "https://www.giantbomb.com/asuka-120-final-burning-fest/3030-36146/"}, {"api_detail_url": "https://www.giantbomb.com/api/game/3030-60069/", "id": 60069, "name": "Asuka 120% Excellent Burning Fest.", "site_detail_url": "https://www.giantbomb.com/asuka-120-excellent-burning-fest/3030-60069/"}, {"api_detail_url": "https://www.giantbomb.com/api/game/3030-83883/", "id": 83883, "name": "Asuka 120% Reborn", "site_detail_url": "https://www.giantbomb.com/asuka-120-reborn/3030-83883/"}]}, "version": "1.0"}