{"error": "OK", "limit": 1, "offset": 0, "number_of_page_results": 1, "number_of_total_results": 1, "status_code": 1, "results": {"games": [{"api_detail_url": "https://www.giantbomb.com/api/game/3030-21191/", "id": 21191, "name": "Call of Juarez", "site_detail_url": "https://www.giantbomb.com/call-of-juarez/3030-21191/"}, {"api_detail_url": "https://www.giantbomb.com/api/game/3030-39682/", "id": 39682, "name": "Call of Juarez: Gunslinger", "site_detail_url": "https://www.giantbomb.com/call-of-juarez-gunslinger/3030-39682/"}, {"api_detail_url": "https://www.giantbomb.com/api/game/3030-25066/", "id": 25066, "name": "Call of Juarez: Bound in Blood", "site_detail_url": "https://www.giantbomb.com/call-of-juarez-bound-in-blood/3030-25066/"}, {"api_detail_url": "https://www.giantbomb.com/api/game/3030-34106/", "id": 34106, "name": "Call of Juarez: The Cartel", "site_detail_url": "https://www.giantbomb.com/call-of-juarez-the-cartel/3030-34106/"}]}, "version": "1.0"}