{"error": "OK", "limit": 1, "offset": 0, "number_of_page_results": 1, "number_of_total_results": 1, "status_code": 1, "results": {"games": [{"api_detail_url": "https://www.giantbomb.com/api/game/3030-598/", "id": 598, "name": "Shinobido: Way of the Ninja", "site_detail_url": "https://www.giantbomb.com/shinobido-way-of-the-ninja/3030-598/"}, {"api_detail_url": "https://www.giantbomb.com/api/game/3030-24155/", "id": 24155, "name": "Shinobido: Tales of the Ninja", "site_detail_url": "https://www.giantbomb.com/shinobido-tales-of-the-ninja/3030-24155/"}, {"api_detail_url": "https://www.giantbomb.com/api/game/3030-35565/", "id": 35565, "name": "Shinobido 2: Revenge of Zen", "site_detail_url": "https://www.giantbomb.com/shinobido-2-revenge-of-zen/3030-35565/"}]}, "version": "1.0"}