{"error": "OK", "limit": 1, "offset": 0, "number_of_page_results": 1, "number_of_total_results": 1, "status_code": 1, "results": {"games": [{"api_detail_url": "https://www.giantbomb.com/api/game/3030-6850/", "id": 6850, "name": "Commando", "site_detail_url": "https://www.giantbomb.com/commando/3030-6850/"}, {"api_detail_url": "https://www.giantbomb.com/api/game/3030-10360/", "id": 10360, "name": "Mercs", "site_detail_url": "https://www.giantbomb.com/mercs/3030-10360/"}, {"api_detail_url": "https://www.giantbomb.com/api/game/3030-20467/", "id": 20467, "name": "Wolf of the Battlefield: Commando 3", "site_detail_url": "https://www.giantbomb.com/wolf-of-the-battlefield-commando-3/3030-20467/"}, {"api_detail_url": "https://www.giantbomb.com/api/game/3030-20704/", "id": 20704, "name": "Speed Rumbler", "site_detail_url": "https://www.giantbomb.com/speed-rumbler/3030-20704/"}, {"api_detail_url": "https://www.giantbomb.com/api/game/3030-30945/", "id": 30945, "name": "Bionic Commando Rearmed 2", "site_detail_url": "https://www.giantbomb.com/bionic-commando-rearmed-2/3030-30945/"}, {"api_detail_url": "https://www.giantbomb.com/api/game/3030-12043/", "id": 12043, "name": "Bionic Commando: Elite Forces", "site_detail_url": "https://www.giantbomb.com/bionic-commando-elite-forces/3030-12043/"}, {"api_detail_url": "https://www.giantbomb.com/api/game/3030-20483/", "id": 20483, "name": "Bionic Commando Rearmed", "site_detail_url": "https://www.giantbomb.com/bionic-commando-rearmed/3030-20483/"}, {"api_detail_url": "https://www.giantbomb.com/api/game/3030-26481/", "id": 26481, "name": "Bionic Commando", "site_detail_url": "https://www.giantbomb.com/bionic-commando/3030-26481/"}, {"api_detail_url": "https://www.giantbomb.com/api/game/3030-20470/", "id": 20470, "name": "Bionic Commando", "site_detail_url": "https://www.giantbomb.com/bionic-commando/3030-20470/"}, {"api_detail_url": "https://www.giantbomb.com/api/game/3030-20656/", "id": 20656, "name": "Bionic Commando", "site_detail_url": "https://www.giantbomb.com/bionic-commando/3030-20656/"}, {"api_detail_url": "https://www.giantbomb.com/api/game/3030-7860/", "id": 7860, "name": "Bionic Commando", "site_detail_url": "https://www.giantbomb.com/bionic-commando/3030-7860/"}]}, "version": "1.0"}