{"error": "OK", "limit": 1, "offset": 0, "number_of_page_results": 1, "number_of_total_results": 1, "status_code": 1, "results": {"games": [{"api_detail_url": "https://www.giantbomb.com/api/game/3030-196/", "id": 196, "name": "X-COM: UFO Defense", "site_detail_url": "https://www.giantbomb.com/x-com-ufo-defense/3030-196/"}, {"api_detail_url": "https://www.giantbomb.com/api/game/3030-3251/", "id": 3251, "name": "X-COM: Terror from the Deep", "site_detail_url": "https://www.giantbomb.com/x-com-terror-from-the-deep/3030-3251/"}, {"api_detail_url": "https://www.giantbomb.com/api/game/3030-4777/", "id": 4777, "name": "X-COM: Apocalypse", "site_detail_url": "https://www.giantbomb.com/x-com-apocalypse/3030-4777/"}, {"api_detail_url": "https://www.giantbomb.com/api/game/3030-6083/", "id": 6083, "name": "X-COM: Enforcer", "site_detail_url": "https://www.giantbomb.com/x-com-enforcer/3030-6083/"}, {"api_detail_url": "https://www.giantbomb.com/api/game/3030-8700/", "id": 8700, "name": "X-COM: em@il Games", "site_detail_url": "https://www.giantbomb.com/x-com-emil-games/3030-8700/"}, {"api_detail_url": "https://www.giantbomb.com/api/game/3030-13301/", "id": 13301, "name": "X-COM: Interceptor", "site_detail_url": "https://www.giantbomb.com/x-com-interceptor/3030-13301/"}, {"api_detail_url": "https://www.giantbomb.com/api/game/3030-30813/", "id": 30813, "name": "The Bureau: XCOM Declassified", "site_detail_url": "https://www.giantbomb.com/the-bureau-xcom-declassified/3030-30813/"}, {"api_detail_url": "https://www.giantbomb.com/api/game/3030-37152/", "id": 37152, "name": "XCOM: Enemy Unknown", "site_detail_url": "https://www.giantbomb.com/xcom-enemy-unknown/3030-37152/"}, {"api_detail_url": "https://www.giantbomb.com/api/game/3030-43648/", "id": 43648, "name": "XCOM: Enemy Within", "site_detail_url": "https://www.giantbomb.com/xcom-enemy-within/3030-43648/"}, {"api_detail_url": "https://www.giantbomb.com/api/game/3030-49817/", "id": 49817, "name": "XCOM 2", "site_detail_url": "https://www.giantbomb.com/xcom-2/3030-49817/"}, {"api_detail_url": "https://www.giantbomb.com/api/game/3030-77960/", "id": 77960, "name": "XCOM: Chimera Squad", "site_detail_url": "https://www.giantbomb.com/xcom-chimera-squad/3030-77960/"}, {"api_detail_url": "https://www.giantbomb.com/api/game/3030-83421/", "id": 83421, "name": "XCOM Legends", "site_detail_url": "https://www.giantbomb.com/xcom-legends/3030-83421/"}]}, "version": "1.0"}