{"error": "OK", "limit": 1, "offset": 0, "number_of_page_results": 1, "number_of_total_results": 1, "status_code": 1, "results": {"games": [{"api_detail_url": "https://www.giantbomb.com/api/game/3030-2587/", "id": 2587, "name": "Dig Dug", "site_detail_url": "https://www.giantbomb.com/dig-dug/3030-2587/"}, {"api_detail_url": "https://www.giantbomb.com/api/game/3030-17397/", "id": 17397, "name": "Dig Dug II: Trouble in Paradise", "site_detail_url": "https://www.giantbomb.com/dig-dug-ii-trouble-in-paradise/3030-17397/"}, {"api_detail_url": "https://www.giantbomb.com/api/game/3030-23674/", "id": 23674, "name": "Dig Dug: Digging Strike", "site_detail_url": "https://www.giantbomb.com/dig-dug-digging-strike/3030-23674/"}, {"api_detail_url": "https://www.giantbomb.com/api/game/3030-2170/", "id": 2170, "name": "Dig Dug Deeper", "site_detail_url": "https://www.giantbomb.com/dig-dug-deeper/3030-2170/"}, {"api_detail_url": "https://www.giantbomb.com/api/game/3030-46132/", "id": 46132, "name": "Video Game Anthology vol. 12: Dig Dug/Dig Dug II", "site_detail_url": "https://www.giantbomb.com/video-game-anthology-vol-12-dig-dugdig-dug-ii/3030-46132/"}, {"api_detail_url": "https://www.giantbomb.com/api/game/3030-72951/", "id": 72951, "name": "ARCADE GAME SERIES 3-IN-1 PACK", "site_detail_url": "https://www.giantbomb.com/arcade-game-series-3-in-1-pack/3030-72951/"}]}, "version": "1.0"}