{"error": "OK", "limit": 1, "offset": 0, "number_of_page_results": 1, "number_of_total_results": 1, "status_code": 1, "results": {"games": [{"api_detail_url": "https://www.giantbomb.com/api/game/3030-9841/", "id": 9841, "name": "Princess Maker", "site_detail_url": "https://www.giantbomb.com/princess-maker/3030-9841/"}, {"api_detail_url": "https://www.giantbomb.com/api/game/3030-18799/", "id": 18799, "name": "Princess Maker: Legend of Another World", "site_detail_url": "https://www.giantbomb.com/princess-maker-legend-of-another-world/3030-18799/"}, {"api_detail_url": "https://www.giantbomb.com/api/game/3030-14207/", "id": 14207, "name": "Princess Maker 2", "site_detail_url": "https://www.giantbomb.com/princess-maker-2/3030-14207/"}, {"api_detail_url": "https://www.giantbomb.com/api/game/3030-8321/", "id": 8321, "name": "Princess Maker 3: Fairy Tales Come True", "site_detail_url": "https://www.giantbomb.com/princess-maker-3-fairy-tales-come-true/3030-8321/"}, {"api_detail_url": "https://www.giantbomb.com/api/game/3030-23814/", "id": 23814, "name": "Princess Maker 4", "site_detail_url": "https://www.giantbomb.com/princess-maker-4/3030-23814/"}, {"api_detail_url": "https://www.giantbomb.com/api/game/3030-23815/", "id": 23815, "name": "Princess Maker 5", "site_detail_url": "https://www.giantbomb.com/princess-maker-5/3030-23815/"}, {"api_detail_url": "https://www.giantbomb.com/api/game/3030-39218/", "id": 39218, "name": "Princess Maker: Go! Go! Princess", "site_detail_url": "https://www.giantbomb.com/princess-maker-go-go-princess/3030-39218/"}, {"api_detail_url": "https://www.giantbomb.com/api/game/3030-39217/", "id": 39217, "name": "Princess Maker Pocket Dai-sakusen", "site_detail_url": "https://www.giantbomb.com/princess-maker-pocket-dai-sakusen/3030-39217/"}, {"api_detail_url": "https://www.giantbomb.com/api/game/3030-39219/", "id": 39219, "name": "Princess Maker Collection", "site_detail_url": "https://www.giantbomb.com/princess-maker-collection/3030-39219/"}, {"api_detail_url": "https://www.giantbomb.com/api/game/3030-81456/", "id": 81456, "name": "Princess Maker Q", "site_detail_url": "https://www.giantbomb.com/princess-maker-q/3030-81456/"}, {"api_detail_url": "https://www.giantbomb.com/api/game/3030-81457/", "id": 81457, "name": "Princess Maker 4", "site_detail_url": "https://www.giantbomb.com/princess-maker-4/3030-81457/"}]}, "version": "1.0"}