{"error": "OK", "limit": 1, "offset": 0, "number_of_page_results": 1, "number_of_total_results": 1, "status_code": 1, "results": {"games": [{"api_detail_url": "https://www.giantbomb.com/api/game/3030-3312/", "id": 3312, "name": "Breach", "site_detail_url": "https://www.giantbomb.com/breach/3030-3312/"}, {"api_detail_url": "https://www.giantbomb.com/api/game/3030-9167/", "id": 9167, "name": "Breach 2", "site_detail_url": "https://www.giantbomb.com/breach-2/3030-9167/"}, {"api_detail_url": "https://www.giantbomb.com/api/game/3030-695/", "id": 695, "name": "Breach 3", "site_detail_url": "https://www.giantbomb.com/breach-3/3030-695/"}]}, "version": "1.0"}