{"error": "OK", "limit": 1, "offset": 0, "number_of_page_results": 1, "number_of_total_results": 1, "status_code": 1, "results": {"games": [{"api_detail_url": "https://www.giantbomb.com/api/game/3030-24337/", "id": 24337, "name": "Cosmetic Paradise: Make no Kiseki", "site_detail_url": "https://www.giantbomb.com/cosmetic-paradise-make-no-kiseki/3030-24337/"}, {"api_detail_url": "https://www.giantbomb.com/api/game/3030-24338/", "id": 24338, "name": "Cosmetic Paradise", "site_detail_url": "https://www.giantbomb.com/cosmetic-paradise/3030-24338/"}, {"api_detail_url": "https://www.giantbomb.com/api/game/3030-77031/", "id": 77031, "name": "Cosmetic Paradise: Kirei no Mahou", "site_detail_url": "https://www.giantbomb.com/cosmetic-paradise-kirei-no-mahou/3030-77031/"}]}, "version": "1.0"}