{"error": "OK", "limit": 1, "offset": 0, "number_of_page_results": 1, "number_of_total_results": 1, "status_code": 1, "results": {"games": [{"api_detail_url": "https://www.giantbomb.com/api/game/3030-21850/", "id": 21850, "name": "3D Baseball", "site_detail_url": "https://www.giantbomb.com/3d-baseball/3030-21850/"}, {"api_detail_url": "https://www.giantbomb.com/api/game/3030-4337/", "id": 4337, "name": "Slam 'N Jam '96 featuring Magic and Kareem", "site_detail_url": "https://www.giantbomb.com/slam-n-jam-96-featuring-magic-and-kareem/3030-4337/"}]}, "version": "1.0"}