{"error": "OK", "limit": 1, "offset": 0, "number_of_page_results": 1, "number_of_total_results": 1, "status_code": 1, "results": {"games": [{"api_detail_url": "https://www.giantbomb.com/api/game/3030-445/", "id": 445, "name": "Endless Ocean", "site_detail_url": "https://www.giantbomb.com/endless-ocean/3030-445/"}, {"api_detail_url": "https://www.giantbomb.com/api/game/3030-23954/", "id": 23954, "name": "Endless Ocean: Blue World", "site_detail_url": "https://www.giantbomb.com/endless-ocean-blue-world/3030-23954/"}]}, "version": "1.0"}