{"error": "OK", "limit": 1, "offset": 0, "number_of_page_results": 1, "number_of_total_results": 1, "status_code": 1, "results": {"games": [{"api_detail_url": "https://www.giantbomb.com/api/game/3030-18610/", "id": 18610, "name": "Battlecruiser 3000AD (v2.0)", "site_detail_url": "https://www.giantbomb.com/battlecruiser-3000ad-v20/3030-18610/"}, {"api_detail_url": "https://www.giantbomb.com/api/game/3030-1469/", "id": 1469, "name": "Universal Combat", "site_detail_url": "https://www.giantbomb.com/universal-combat/3030-1469/"}, {"api_detail_url": "https://www.giantbomb.com/api/game/3030-45871/", "id": 45871, "name": "Battlecruiser Millennium", "site_detail_url": "https://www.giantbomb.com/battlecruiser-millennium/3030-45871/"}]}, "version": "1.0"}