{"error": "OK", "limit": 1, "offset": 0, "number_of_page_results": 1, "number_of_total_results": 1, "status_code": 1, "results": {"games": [{"api_detail_url": "https://www.giantbomb.com/api/game/3030-7133/", "id": 7133, "name": "Megami Tensei Gaiden: Last Bible Special", "site_detail_url": "https://www.giantbomb.com/megami-tensei-gaiden-last-bible-special/3030-7133/"}, {"api_detail_url": "https://www.giantbomb.com/api/game/3030-20398/", "id": 20398, "name": "Megami Tensei Gaiden: Last Bible II", "site_detail_url": "https://www.giantbomb.com/megami-tensei-gaiden-last-bible-ii/3030-20398/"}, {"api_detail_url": "https://www.giantbomb.com/api/game/3030-15350/", "id": 15350, "name": "Megami Tensei Gaiden: Last Bible III", "site_detail_url": "https://www.giantbomb.com/megami-tensei-gaiden-last-bible-iii/3030-15350/"}, {"api_detail_url": "https://www.giantbomb.com/api/game/3030-9964/", "id": 9964, "name": "Revelations: The Demon Slayer", "site_detail_url": "https://www.giantbomb.com/revelations-the-demon-slayer/3030-9964/"}, {"api_detail_url": "https://www.giantbomb.com/api/game/3030-2439/", "id": 2439, "name": "Another Bible", "site_detail_url": "https://www.giantbomb.com/another-bible/3030-2439/"}, {"api_detail_url": "https://www.giantbomb.com/api/game/3030-85911/", "id": 85911, "name": "G-Mode Archives +: Megami Tensei Gaiden: Shinyaku Last Bible", "site_detail_url": "https://www.giantbomb.com/g-mode-archives-megami-tensei-gaiden-shinyaku-last/3030-85911/"}, {"api_detail_url": "https://www.giantbomb.com/api/game/3030-87199/", "id": 87199, "name": "G-Mode Archives +: Megami Tensei Gaiden: Shinyaku Last Bible II - Hajimari no Fukuin", "site_detail_url": "https://www.giantbomb.com/g-mode-archives-megami-tensei-gaiden-shinyaku-last/3030-87199/"}]}, "version": "1.0"}