{"error": "OK", "limit": 1, "offset": 0, "number_of_page_results": 1, "number_of_total_results": 1, "status_code": 1, "results": {"games": [{"api_detail_url": "https://www.giantbomb.com/api/game/3030-8316/", "id": 8316, "name": "Crazy Taxi 3: High Roller", "site_detail_url": "https://www.giantbomb.com/crazy-taxi-3-high-roller/3030-8316/"}, {"api_detail_url": "https://www.giantbomb.com/api/game/3030-9112/", "id": 9112, "name": "Crazy Taxi", "site_detail_url": "https://www.giantbomb.com/crazy-taxi/3030-9112/"}, {"api_detail_url": "https://www.giantbomb.com/api/game/3030-9443/", "id": 9443, "name": "Crazy Taxi: Fare Wars", "site_detail_url": "https://www.giantbomb.com/crazy-taxi-fare-wars/3030-9443/"}, {"api_detail_url": "https://www.giantbomb.com/api/game/3030-18195/", "id": 18195, "name": "Crazy Taxi 2", "site_detail_url": "https://www.giantbomb.com/crazy-taxi-2/3030-18195/"}, {"api_detail_url": "https://www.giantbomb.com/api/game/3030-18611/", "id": 18611, "name": "Crazy Taxi: Catch a Ride", "site_detail_url": "https://www.giantbomb.com/crazy-taxi-catch-a-ride/3030-18611/"}, {"api_detail_url": "https://www.giantbomb.com/api/game/3030-45706/", "id": 45706, "name": "Crazy Taxi: City Rush", "site_detail_url": "https://www.giantbomb.com/crazy-taxi-city-rush/3030-45706/"}, {"api_detail_url": "https://www.giantbomb.com/api/game/3030-59769/", "id": 59769, "name": "Crazy Taxi Gazillionaire", "site_detail_url": "https://www.giantbomb.com/crazy-taxi-gazillionaire/3030-59769/"}, {"api_detail_url": "https://www.giantbomb.com/api/game/3030-33847/", "id": 33847, "name": "Dreamcast Collection", "site_detail_url": "https://www.giantbomb.com/dreamcast-collection/3030-33847/"}]}, "version": "1.0"}