{"error": "OK", "limit": 1, "offset": 0, "number_of_page_results": 1, "number_of_total_results": 1, "status_code": 1, "results": {"games": [{"api_detail_url": "https://www.giantbomb.com/api/game/3030-27686/", "id": 27686, "name": "City Transport Map Volume 1", "site_detail_url": "https://www.giantbomb.com/city-transport-map-volume-1/3030-27686/"}, {"api_detail_url": "https://www.giantbomb.com/api/game/3030-27687/", "id": 27687, "name": "City Transport Map Volume 2", "site_detail_url": "https://www.giantbomb.com/city-transport-map-volume-2/3030-27687/"}, {"api_detail_url": "https://www.giantbomb.com/api/game/3030-25164/", "id": 25164, "name": "Hobonichi Rozenzu", "site_detail_url": "https://www.giantbomb.com/hobonichi-rozenzu/3030-25164/"}]}, "version": "1.0"}