{"error": "OK", "limit": 1, "offset": 0, "number_of_page_results": 1, "number_of_total_results": 1, "status_code": 1, "results": {"games": [{"api_detail_url": "https://www.giantbomb.com/api/game/3030-21465/", "id": 21465, "name": "Retro Game Challenge", "site_detail_url": "https://www.giantbomb.com/retro-game-challenge/3030-21465/"}, {"api_detail_url": "https://www.giantbomb.com/api/game/3030-25144/", "id": 25144, "name": "GameCenter CX: Arino no Chousenjou 2", "site_detail_url": "https://www.giantbomb.com/gamecenter-cx-arino-no-chousenjou-2/3030-25144/"}, {"api_detail_url": "https://www.giantbomb.com/api/game/3030-44592/", "id": 44592, "name": "GameCenter CX: 3-Choume no Arino", "site_detail_url": "https://www.giantbomb.com/gamecenter-cx-3-choume-no-arino/3030-44592/"}]}, "version": "1.0"}