{"error": "OK", "limit": 1, "offset": 0, "number_of_page_results": 1, "number_of_total_results": 1, "status_code": 1, "results": {"games": [{"api_detail_url": "https://www.giantbomb.com/api/game/3030-27532/", "id": 27532, "name": "Puzzle Iroiro Gekkan Crossword House Vol.1", "site_detail_url": "https://www.giantbomb.com/puzzle-iroiro-gekkan-crossword-house-vol1/3030-27532/"}, {"api_detail_url": "https://www.giantbomb.com/api/game/3030-27533/", "id": 27533, "name": "Puzzle Iroiro Gekkan Crossword House Vol.2", "site_detail_url": "https://www.giantbomb.com/puzzle-iroiro-gekkan-crossword-house-vol2/3030-27533/"}, {"api_detail_url": "https://www.giantbomb.com/api/game/3030-27534/", "id": 27534, "name": "Puzzle Iroiro Gekkan Crossword House Vol.3", "site_detail_url": "https://www.giantbomb.com/puzzle-iroiro-gekkan-crossword-house-vol3/3030-27534/"}, {"api_detail_url": "https://www.giantbomb.com/api/game/3030-27991/", "id": 27991, "name": "Puzzle Iroiro Gekkan Crossword House Vol.4", "site_detail_url": "https://www.giantbomb.com/puzzle-iroiro-gekkan-crossword-house-vol4/3030-27991/"}]}, "version": "1.0"}