{"error": "OK", "limit": 1, "offset": 0, "number_of_page_results": 1, "number_of_total_results": 1, "status_code": 1, "results": {"games": [{"api_detail_url": "https://www.giantbomb.com/api/game/3030-5507/", "id": 5507, "name": "Descent II", "site_detail_url": "https://www.giantbomb.com/descent-ii/3030-5507/"}, {"api_detail_url": "https://www.giantbomb.com/api/game/3030-13865/", "id": 13865, "name": "Descent 3: Mercenary", "site_detail_url": "https://www.giantbomb.com/descent-3-mercenary/3030-13865/"}, {"api_detail_url": "https://www.giantbomb.com/api/game/3030-16572/", "id": 16572, "name": "Descent II: Vertigo Series", "site_detail_url": "https://www.giantbomb.com/descent-ii-vertigo-series/3030-16572/"}, {"api_detail_url": "https://www.giantbomb.com/api/game/3030-17071/", "id": 17071, "name": "Descent", "site_detail_url": "https://www.giantbomb.com/descent/3030-17071/"}, {"api_detail_url": "https://www.giantbomb.com/api/game/3030-17142/", "id": 17142, "name": "Descent 3: White Label Edition", "site_detail_url": "https://www.giantbomb.com/descent-3-white-label-edition/3030-17142/"}, {"api_detail_url": "https://www.giantbomb.com/api/game/3030-2903/", "id": 2903, "name": "Descent 3", "site_detail_url": "https://www.giantbomb.com/descent-3/3030-2903/"}, {"api_detail_url": "https://www.giantbomb.com/api/game/3030-10309/", "id": 10309, "name": "Descent: Freespace - The Great War", "site_detail_url": "https://www.giantbomb.com/descent-freespace-the-great-war/3030-10309/"}, {"api_detail_url": "https://www.giantbomb.com/api/game/3030-12817/", "id": 12817, "name": "Descent: Levels of the World", "site_detail_url": "https://www.giantbomb.com/descent-levels-of-the-world/3030-12817/"}, {"api_detail_url": "https://www.giantbomb.com/api/game/3030-15187/", "id": 15187, "name": "Descent Maximum", "site_detail_url": "https://www.giantbomb.com/descent-maximum/3030-15187/"}, {"api_detail_url": "https://www.giantbomb.com/api/game/3030-38398/", "id": 38398, "name": "Descent Mission Builder", "site_detail_url": "https://www.giantbomb.com/descent-mission-builder/3030-38398/"}, {"api_detail_url": "https://www.giantbomb.com/api/game/3030-51079/", "id": 51079, "name": "Descent: Underground", "site_detail_url": "https://www.giantbomb.com/descent-underground/3030-51079/"}]}, "version": "1.0"}