{"error": "OK", "limit": 1, "offset": 0, "number_of_page_results": 1, "number_of_total_results": 1, "status_code": 1, "results": {"games": [{"api_detail_url": "https://www.giantbomb.com/api/game/3030-19931/", "id": 19931, "name": "Gunbird 2", "site_detail_url": "https://www.giantbomb.com/gunbird-2/3030-19931/"}, {"api_detail_url": "https://www.giantbomb.com/api/game/3030-33339/", "id": 33339, "name": "Gunbird", "site_detail_url": "https://www.giantbomb.com/gunbird/3030-33339/"}, {"api_detail_url": "https://www.giantbomb.com/api/game/3030-40396/", "id": 40396, "name": "Gunbird: Special Edition", "site_detail_url": "https://www.giantbomb.com/gunbird-special-edition/3030-40396/"}, {"api_detail_url": "https://www.giantbomb.com/api/game/3030-45995/", "id": 45995, "name": "Gunbird S for Kakao", "site_detail_url": "https://www.giantbomb.com/gunbird-s-for-kakao/3030-45995/"}, {"api_detail_url": "https://www.giantbomb.com/api/game/3030-51205/", "id": 51205, "name": "Gunbarich", "site_detail_url": "https://www.giantbomb.com/gunbarich/3030-51205/"}]}, "version": "1.0"}