{"error": "OK", "limit": 1, "offset": 0, "number_of_page_results": 1, "number_of_total_results": 1, "status_code": 1, "results": {"games": [{"api_detail_url": "https://www.giantbomb.com/api/game/3030-24055/", "id": 24055, "name": "Spelunker HD", "site_detail_url": "https://www.giantbomb.com/spelunker-hd/3030-24055/"}, {"api_detail_url": "https://www.giantbomb.com/api/game/3030-3087/", "id": 3087, "name": "Spelunker", "site_detail_url": "https://www.giantbomb.com/spelunker/3030-3087/"}, {"api_detail_url": "https://www.giantbomb.com/api/game/3030-20016/", "id": 20016, "name": "Spelunker II: Yuusha e no Chousen", "site_detail_url": "https://www.giantbomb.com/spelunker-ii-yuusha-e-no-chousen/3030-20016/"}, {"api_detail_url": "https://www.giantbomb.com/api/game/3030-36732/", "id": 36732, "name": "Spelunker Black", "site_detail_url": "https://www.giantbomb.com/spelunker-black/3030-36732/"}, {"api_detail_url": "https://www.giantbomb.com/api/game/3030-41188/", "id": 41188, "name": "Spelunker Collection", "site_detail_url": "https://www.giantbomb.com/spelunker-collection/3030-41188/"}, {"api_detail_url": "https://www.giantbomb.com/api/game/3030-45158/", "id": 45158, "name": "Everyday Spelunker", "site_detail_url": "https://www.giantbomb.com/everyday-spelunker/3030-45158/"}, {"api_detail_url": "https://www.giantbomb.com/api/game/3030-48703/", "id": 48703, "name": "Spelunker World", "site_detail_url": "https://www.giantbomb.com/spelunker-world/3030-48703/"}, {"api_detail_url": "https://www.giantbomb.com/api/game/3030-57694/", "id": 57694, "name": "Spelunker Party!", "site_detail_url": "https://www.giantbomb.com/spelunker-party/3030-57694/"}, {"api_detail_url": "https://www.giantbomb.com/api/game/3030-65571/", "id": 65571, "name": "Spelunker II: 23 no Kagi", "site_detail_url": "https://www.giantbomb.com/spelunker-ii-23-no-kagi/3030-65571/"}]}, "version": "1.0"}