{"error": "OK", "limit": 1, "offset": 0, "number_of_page_results": 1, "number_of_total_results": 1, "status_code": 1, "results": {"games": [{"api_detail_url": "https://www.giantbomb.com/api/game/3030-17215/", "id": 17215, "name": "NASCAR Heat", "site_detail_url": "https://www.giantbomb.com/nascar-heat/3030-17215/"}, {"api_detail_url": "https://www.giantbomb.com/api/game/3030-1461/", "id": 1461, "name": "NASCAR Heat 2002", "site_detail_url": "https://www.giantbomb.com/nascar-heat-2002/3030-1461/"}, {"api_detail_url": "https://www.giantbomb.com/api/game/3030-20038/", "id": 20038, "name": "NASCAR: Dirt to Daytona", "site_detail_url": "https://www.giantbomb.com/nascar-dirt-to-daytona/3030-20038/"}]}, "version": "1.0"}