{"error": "OK", "limit": 1, "offset": 0, "number_of_page_results": 1, "number_of_total_results": 1, "status_code": 1, "results": {"games": [{"api_detail_url": "https://www.giantbomb.com/api/game/3030-15202/", "id": 15202, "name": "Totally Spies!", "site_detail_url": "https://www.giantbomb.com/totally-spies/3030-15202/"}, {"api_detail_url": "https://www.giantbomb.com/api/game/3030-25914/", "id": 25914, "name": "Totally Spies! Totally Party", "site_detail_url": "https://www.giantbomb.com/totally-spies-totally-party/3030-25914/"}, {"api_detail_url": "https://www.giantbomb.com/api/game/3030-46542/", "id": 46542, "name": "Totally Spies! 2: Undercover", "site_detail_url": "https://www.giantbomb.com/totally-spies-2-undercover/3030-46542/"}, {"api_detail_url": "https://www.giantbomb.com/api/game/3030-46682/", "id": 46682, "name": "Totally Spies! 3: Secret Agents", "site_detail_url": "https://www.giantbomb.com/totally-spies-3-secret-agents/3030-46682/"}]}, "version": "1.0"}