{"error": "OK", "limit": 1, "offset": 0, "number_of_page_results": 1, "number_of_total_results": 1, "status_code": 1, "results": {"games": [{"api_detail_url": "https://www.giantbomb.com/api/game/3030-1389/", "id": 1389, "name": "Shin Momotarou Densetsu", "site_detail_url": "https://www.giantbomb.com/shin-momotarou-densetsu/3030-1389/"}, {"api_detail_url": "https://www.giantbomb.com/api/game/3030-3017/", "id": 3017, "name": "Momotarou Densetsu Gaiden", "site_detail_url": "https://www.giantbomb.com/momotarou-densetsu-gaiden/3030-3017/"}, {"api_detail_url": "https://www.giantbomb.com/api/game/3030-6259/", "id": 6259, "name": "Momotarou Densetsu II", "site_detail_url": "https://www.giantbomb.com/momotarou-densetsu-ii/3030-6259/"}, {"api_detail_url": "https://www.giantbomb.com/api/game/3030-14543/", "id": 14543, "name": "Momotarou Densetsu", "site_detail_url": "https://www.giantbomb.com/momotarou-densetsu/3030-14543/"}, {"api_detail_url": "https://www.giantbomb.com/api/game/3030-16626/", "id": 16626, "name": "Momotarou Densetsu Turbo", "site_detail_url": "https://www.giantbomb.com/momotarou-densetsu-turbo/3030-16626/"}, {"api_detail_url": "https://www.giantbomb.com/api/game/3030-40212/", "id": 40212, "name": "Momotaro Collection 2", "site_detail_url": "https://www.giantbomb.com/momotaro-collection-2/3030-40212/"}, {"api_detail_url": "https://www.giantbomb.com/api/game/3030-40220/", "id": 40220, "name": "Momotaro Densetsu 1-2", "site_detail_url": "https://www.giantbomb.com/momotaro-densetsu-1-2/3030-40220/"}, {"api_detail_url": "https://www.giantbomb.com/api/game/3030-40224/", "id": 40224, "name": "Momotarou Densetsu", "site_detail_url": "https://www.giantbomb.com/momotarou-densetsu/3030-40224/"}]}, "version": "1.0"}