{"error": "OK", "limit": 1, "offset": 0, "number_of_page_results": 1, "number_of_total_results": 1, "status_code": 1, "results": {"games": [{"api_detail_url": "https://www.giantbomb.com/api/game/3030-15072/", "id": 15072, "name": "Rocket Power: Beach Bandits", "site_detail_url": "https://www.giantbomb.com/rocket-power-beach-bandits/3030-15072/"}, {"api_detail_url": "https://www.giantbomb.com/api/game/3030-22911/", "id": 22911, "name": "Rocket Power Gettin' Air", "site_detail_url": "https://www.giantbomb.com/rocket-power-gettin-air/3030-22911/"}, {"api_detail_url": "https://www.giantbomb.com/api/game/3030-21314/", "id": 21314, "name": "Rocket Power: Dream Scheme", "site_detail_url": "https://www.giantbomb.com/rocket-power-dream-scheme/3030-21314/"}, {"api_detail_url": "https://www.giantbomb.com/api/game/3030-27249/", "id": 27249, "name": "Rocket Power: Team Rocket Rescue", "site_detail_url": "https://www.giantbomb.com/rocket-power-team-rocket-rescue/3030-27249/"}, {"api_detail_url": "https://www.giantbomb.com/api/game/3030-27250/", "id": 27250, "name": "Rocket Power: Zero Gravity Zone", "site_detail_url": "https://www.giantbomb.com/rocket-power-zero-gravity-zone/3030-27250/"}]}, "version": "1.0"}