{"error": "OK", "limit": 1, "offset": 0, "number_of_page_results": 1, "number_of_total_results": 1, "status_code": 1, "results": {"games": [{"api_detail_url": "https://www.giantbomb.com/api/game/3030-11006/", "id": 11006, "name": "Castle Wolfenstein", "site_detail_url": "https://www.giantbomb.com/castle-wolfenstein/3030-11006/"}, {"api_detail_url": "https://www.giantbomb.com/api/game/3030-9665/", "id": 9665, "name": "Beyond Castle Wolfenstein", "site_detail_url": "https://www.giantbomb.com/beyond-castle-wolfenstein/3030-9665/"}]}, "version": "1.0"}