{"error": "OK", "limit": 1, "offset": 0, "number_of_page_results": 1, "number_of_total_results": 1, "status_code": 1, "results": {"games": [{"api_detail_url": "https://www.giantbomb.com/api/game/3030-10410/", "id": 10410, "name": "Extreme Boards and Blades", "site_detail_url": "https://www.giantbomb.com/extreme-boards-and-blades/3030-10410/"}, {"api_detail_url": "https://www.giantbomb.com/api/game/3030-5759/", "id": 5759, "name": "Extreme Bullrider", "site_detail_url": "https://www.giantbomb.com/extreme-bullrider/3030-5759/"}, {"api_detail_url": "https://www.giantbomb.com/api/game/3030-18941/", "id": 18941, "name": "Extreme Mountain Biking", "site_detail_url": "https://www.giantbomb.com/extreme-mountain-biking/3030-18941/"}, {"api_detail_url": "https://www.giantbomb.com/api/game/3030-16275/", "id": 16275, "name": "Extreme Paintbrawl", "site_detail_url": "https://www.giantbomb.com/extreme-paintbrawl/3030-16275/"}, {"api_detail_url": "https://www.giantbomb.com/api/game/3030-2828/", "id": 2828, "name": "Extreme Paintbrawl 2", "site_detail_url": "https://www.giantbomb.com/extreme-paintbrawl-2/3030-2828/"}, {"api_detail_url": "https://www.giantbomb.com/api/game/3030-22816/", "id": 22816, "name": "Extreme Rock Climbing", "site_detail_url": "https://www.giantbomb.com/extreme-rock-climbing/3030-22816/"}, {"api_detail_url": "https://www.giantbomb.com/api/game/3030-20299/", "id": 20299, "name": "Extreme Tennis", "site_detail_url": "https://www.giantbomb.com/extreme-tennis/3030-20299/"}, {"api_detail_url": "https://www.giantbomb.com/api/game/3030-19579/", "id": 19579, "name": "Extreme Watersports", "site_detail_url": "https://www.giantbomb.com/extreme-watersports/3030-19579/"}, {"api_detail_url": "https://www.giantbomb.com/api/game/3030-14794/", "id": 14794, "name": "Extreme Wintersports", "site_detail_url": "https://www.giantbomb.com/extreme-wintersports/3030-14794/"}]}, "version": "1.0"}