{"error": "OK", "limit": 1, "offset": 0, "number_of_page_results": 1, "number_of_total_results": 1, "status_code": 1, "results": {"games": [{"api_detail_url": "https://www.giantbomb.com/api/game/3030-2581/", "id": 2581, "name": "Shin Megami Tensei: Devil Children: Red Book", "site_detail_url": "https://www.giantbomb.com/shin-megami-tensei-devil-children-red-book/3030-2581/"}, {"api_detail_url": "https://www.giantbomb.com/api/game/3030-11997/", "id": 11997, "name": "Shin Megami Tensei: Devil Children: Messiah Riser", "site_detail_url": "https://www.giantbomb.com/shin-megami-tensei-devil-children-messiah-riser/3030-11997/"}, {"api_detail_url": "https://www.giantbomb.com/api/game/3030-5183/", "id": 5183, "name": "Shin Megami Tensei: Devil Children: Black Book", "site_detail_url": "https://www.giantbomb.com/shin-megami-tensei-devil-children-black-book/3030-5183/"}, {"api_detail_url": "https://www.giantbomb.com/api/game/3030-18324/", "id": 18324, "name": "Shin Megami Tensei: Devil Children: Black Book/Red Book", "site_detail_url": "https://www.giantbomb.com/shin-megami-tensei-devil-children-black-bookred-bo/3030-18324/"}, {"api_detail_url": "https://www.giantbomb.com/api/game/3030-4207/", "id": 4207, "name": "Shin Megami Tensei: Devil Children: White Book", "site_detail_url": "https://www.giantbomb.com/shin-megami-tensei-devil-children-white-book/3030-4207/"}, {"api_detail_url": "https://www.giantbomb.com/api/game/3030-13133/", "id": 13133, "name": "Shin Megami Tensei: Devil Children - Puzzle de Call", "site_detail_url": "https://www.giantbomb.com/shin-megami-tensei-devil-children-puzzle-de-call/3030-13133/"}, {"api_detail_url": "https://www.giantbomb.com/api/game/3030-16234/", "id": 16234, "name": "DemiKids: Dark Version", "site_detail_url": "https://www.giantbomb.com/demikids-dark-version/3030-16234/"}, {"api_detail_url": "https://www.giantbomb.com/api/game/3030-15485/", "id": 15485, "name": "DemiKids: Light Version", "site_detail_url": "https://www.giantbomb.com/demikids-light-version/3030-15485/"}, {"api_detail_url": "https://www.giantbomb.com/api/game/3030-35833/", "id": 35833, "name": "Shin Megami Tensei: Devil Children Fire Book", "site_detail_url": "https://www.giantbomb.com/shin-megami-tensei-devil-children-fire-book/3030-35833/"}, {"api_detail_url": "https://www.giantbomb.com/api/game/3030-35834/", "id": 35834, "name": "Shin Megami Tensei: Devil Children Ice Book", "site_detail_url": "https://www.giantbomb.com/shin-megami-tensei-devil-children-ice-book/3030-35834/"}]}, "version": "1.0"}