{"error": "OK", "limit": 1, "offset": 0, "number_of_page_results": 1, "number_of_total_results": 1, "status_code": 1, "results": {"games": [{"api_detail_url": "https://www.giantbomb.com/api/game/3030-9883/", "id": 9883, "name": "Deus Ex: Invisible War", "site_detail_url": "https://www.giantbomb.com/deus-ex-invisible-war/3030-9883/"}, {"api_detail_url": "https://www.giantbomb.com/api/game/3030-17533/", "id": 17533, "name": "Deus Ex", "site_detail_url": "https://www.giantbomb.com/deus-ex/3030-17533/"}, {"api_detail_url": "https://www.giantbomb.com/api/game/3030-21358/", "id": 21358, "name": "Deus Ex: Human Revolution", "site_detail_url": "https://www.giantbomb.com/deus-ex-human-revolution/3030-21358/"}, {"api_detail_url": "https://www.giantbomb.com/api/game/3030-25091/", "id": 25091, "name": "Deus Ex: The Conspiracy", "site_detail_url": "https://www.giantbomb.com/deus-ex-the-conspiracy/3030-25091/"}, {"api_detail_url": "https://www.giantbomb.com/api/game/3030-42021/", "id": 42021, "name": "Deus Ex: Human Revolution Director's Cut", "site_detail_url": "https://www.giantbomb.com/deus-ex-human-revolution-directors-cut/3030-42021/"}, {"api_detail_url": "https://www.giantbomb.com/api/game/3030-42841/", "id": 42841, "name": "Deus Ex: The Fall", "site_detail_url": "https://www.giantbomb.com/deus-ex-the-fall/3030-42841/"}, {"api_detail_url": "https://www.giantbomb.com/api/game/3030-49379/", "id": 49379, "name": "Deus Ex: Mankind Divided", "site_detail_url": "https://www.giantbomb.com/deus-ex-mankind-divided/3030-49379/"}, {"api_detail_url": "https://www.giantbomb.com/api/game/3030-54167/", "id": 54167, "name": "Deus Ex Go", "site_detail_url": "https://www.giantbomb.com/deus-ex-go/3030-54167/"}]}, "version": "1.0"}