{"error": "OK", "limit": 1, "offset": 0, "number_of_page_results": 1, "number_of_total_results": 1, "status_code": 1, "results": {"games": [{"api_detail_url": "https://www.giantbomb.com/api/game/3030-21914/", "id": 21914, "name": "A Vampyre Story", "site_detail_url": "https://www.giantbomb.com/a-vampyre-story/3030-21914/"}, {"api_detail_url": "https://www.giantbomb.com/api/game/3030-24845/", "id": 24845, "name": "A Vampyre Story 2: A Bat's Tale", "site_detail_url": "https://www.giantbomb.com/a-vampyre-story-2-a-bats-tale/3030-24845/"}, {"api_detail_url": "https://www.giantbomb.com/api/game/3030-33274/", "id": 33274, "name": "A Vampyre Story: Year 1", "site_detail_url": "https://www.giantbomb.com/a-vampyre-story-year-1/3030-33274/"}]}, "version": "1.0"}