{"error": "OK", "limit": 1, "offset": 0, "number_of_page_results": 1, "number_of_total_results": 1, "status_code": 1, "results": {"games": [{"api_detail_url": "https://www.giantbomb.com/api/game/3030-21403/", "id": 21403, "name": "Mega Man Star Force 3", "site_detail_url": "https://www.giantbomb.com/mega-man-star-force-3/3030-21403/"}, {"api_detail_url": "https://www.giantbomb.com/api/game/3030-20539/", "id": 20539, "name": "Mega Man Star Force 2", "site_detail_url": "https://www.giantbomb.com/mega-man-star-force-2/3030-20539/"}, {"api_detail_url": "https://www.giantbomb.com/api/game/3030-1476/", "id": 1476, "name": "Mega Man Star Force", "site_detail_url": "https://www.giantbomb.com/mega-man-star-force/3030-1476/"}]}, "version": "1.0"}