{"error": "OK", "limit": 1, "offset": 0, "number_of_page_results": 1, "number_of_total_results": 1, "status_code": 1, "results": {"games": [{"api_detail_url": "https://www.giantbomb.com/api/game/3030-6341/", "id": 6341, "name": "Deception III: Dark Delusion", "site_detail_url": "https://www.giantbomb.com/deception-iii-dark-delusion/3030-6341/"}, {"api_detail_url": "https://www.giantbomb.com/api/game/3030-7816/", "id": 7816, "name": "Tecmo's Deception", "site_detail_url": "https://www.giantbomb.com/tecmos-deception/3030-7816/"}, {"api_detail_url": "https://www.giantbomb.com/api/game/3030-7656/", "id": 7656, "name": "Kagero: Deception II", "site_detail_url": "https://www.giantbomb.com/kagero-deception-ii/3030-7656/"}, {"api_detail_url": "https://www.giantbomb.com/api/game/3030-8088/", "id": 8088, "name": "Trapt", "site_detail_url": "https://www.giantbomb.com/trapt/3030-8088/"}, {"api_detail_url": "https://www.giantbomb.com/api/game/3030-43874/", "id": 43874, "name": "Deception IV: Blood Ties", "site_detail_url": "https://www.giantbomb.com/deception-iv-blood-ties/3030-43874/"}, {"api_detail_url": "https://www.giantbomb.com/api/game/3030-48400/", "id": 48400, "name": "Deception IV: The Nightmare Princess", "site_detail_url": "https://www.giantbomb.com/kagero-mohitori-no-princess/3030-48400/"}]}, "version": "1.0"}