{"error": "OK", "limit": 1, "offset": 0, "number_of_page_results": 1, "number_of_total_results": 1, "status_code": 1, "results": {"games": [{"api_detail_url": "https://www.giantbomb.com/api/game/3030-15439/", "id": 15439, "name": "Mario & Luigi: Partners in Time", "site_detail_url": "https://www.giantbomb.com/mario-luigi-partners-in-time/3030-15439/"}, {"api_detail_url": "https://www.giantbomb.com/api/game/3030-9306/", "id": 9306, "name": "Mario & Luigi: Superstar Saga", "site_detail_url": "https://www.giantbomb.com/mario-luigi-superstar-saga/3030-9306/"}, {"api_detail_url": "https://www.giantbomb.com/api/game/3030-23983/", "id": 23983, "name": "Mario & Luigi: Bowser's Inside Story", "site_detail_url": "https://www.giantbomb.com/mario-luigi-bowsers-inside-story/3030-23983/"}, {"api_detail_url": "https://www.giantbomb.com/api/game/3030-41569/", "id": 41569, "name": "Mario & Luigi: Dream Team", "site_detail_url": "https://www.giantbomb.com/mario-luigi-dream-team/3030-41569/"}, {"api_detail_url": "https://www.giantbomb.com/api/game/3030-49996/", "id": 49996, "name": "Mario & Luigi: Paper Jam", "site_detail_url": "https://www.giantbomb.com/mario-luigi-paper-jam/3030-49996/"}, {"api_detail_url": "https://www.giantbomb.com/api/game/3030-59943/", "id": 59943, "name": "Mario & Luigi: Superstar Saga + Bowser's Minions", "site_detail_url": "https://www.giantbomb.com/mario-luigi-superstar-saga-bowsers-minions/3030-59943/"}]}, "version": "1.0"}