{"error": "OK", "limit": 1, "offset": 0, "number_of_page_results": 1, "number_of_total_results": 1, "status_code": 1, "results": {"games": [{"api_detail_url": "https://www.giantbomb.com/api/game/3030-23/", "id": 23, "name": "Dragon's Lair", "site_detail_url": "https://www.giantbomb.com/dragons-lair/3030-23/"}, {"api_detail_url": "https://www.giantbomb.com/api/game/3030-9777/", "id": 9777, "name": "Dragon's Lair II: TimeWarp", "site_detail_url": "https://www.giantbomb.com/dragons-lair-ii-timewarp/3030-9777/"}, {"api_detail_url": "https://www.giantbomb.com/api/game/3030-6675/", "id": 6675, "name": "Dragon's Lair 3D: Return to the Lair", "site_detail_url": "https://www.giantbomb.com/dragons-lair-3d-return-to-the-lair/3030-6675/"}, {"api_detail_url": "https://www.giantbomb.com/api/game/3030-1611/", "id": 1611, "name": "Dragon's Lair II: Escape from Singe's Castle", "site_detail_url": "https://www.giantbomb.com/dragons-lair-ii-escape-from-singes-castle/3030-1611/"}, {"api_detail_url": "https://www.giantbomb.com/api/game/3030-12980/", "id": 12980, "name": "Dragon's Lair III: The Curse of Mordread", "site_detail_url": "https://www.giantbomb.com/dragons-lair-iii-the-curse-of-mordread/3030-12980/"}, {"api_detail_url": "https://www.giantbomb.com/api/game/3030-16894/", "id": 16894, "name": "Don Bluth Presents Dragon's Lair 20th Anniversary Special Edition", "site_detail_url": "https://www.giantbomb.com/don-bluth-presents-dragons-lair-20th-anniversary-s/3030-16894/"}, {"api_detail_url": "https://www.giantbomb.com/api/game/3030-9747/", "id": 9747, "name": "La trilog\u00eda Dragon's Lair", "site_detail_url": "https://www.giantbomb.com/la-trilogia-dragons-lair/3030-9747/"}, {"api_detail_url": "https://www.giantbomb.com/api/game/3030-32217/", "id": 32217, "name": "Dragon's Lair Trilogy", "site_detail_url": "https://www.giantbomb.com/dragons-lair-trilogy/3030-32217/"}, {"api_detail_url": "https://www.giantbomb.com/api/game/3030-47371/", "id": 47371, "name": "Dragon's Lair III", "site_detail_url": "https://www.giantbomb.com/dragons-lair-iii/3030-47371/"}, {"api_detail_url": "https://www.giantbomb.com/api/game/3030-71737/", "id": 71737, "name": "Dragon's Lair: The Legend", "site_detail_url": "https://www.giantbomb.com/dragons-lair-the-legend/3030-71737/"}, {"api_detail_url": "https://www.giantbomb.com/api/game/3030-77677/", "id": 77677, "name": "Dragon's Lair", "site_detail_url": "https://www.giantbomb.com/dragons-lair/3030-77677/"}]}, "version": "1.0"}