{"error": "OK", "limit": 1, "offset": 0, "number_of_page_results": 1, "number_of_total_results": 1, "status_code": 1, "results": {"games": [{"api_detail_url": "https://www.giantbomb.com/api/game/3030-22940/", "id": 22940, "name": "Kengo: Master of Bushido", "site_detail_url": "https://www.giantbomb.com/kengo-master-of-bushido/3030-22940/"}, {"api_detail_url": "https://www.giantbomb.com/api/game/3030-26431/", "id": 26431, "name": "Kengo: Legend of the 9", "site_detail_url": "https://www.giantbomb.com/kengo-legend-of-the-9/3030-26431/"}, {"api_detail_url": "https://www.giantbomb.com/api/game/3030-47928/", "id": 47928, "name": "Sword of the Samurai", "site_detail_url": "https://www.giantbomb.com/sword-of-the-samurai/3030-47928/"}, {"api_detail_url": "https://www.giantbomb.com/api/game/3030-62463/", "id": 62463, "name": "Kengo 3", "site_detail_url": "https://www.giantbomb.com/kengo-3/3030-62463/"}]}, "version": "1.0"}