{"error": "OK", "limit": 1, "offset": 0, "number_of_page_results": 1, "number_of_total_results": 1, "status_code": 1, "results": {"games": [{"api_detail_url": "https://www.giantbomb.com/api/game/3030-22526/", "id": 22526, "name": "Shin Megami Tensei: Devil Summoner 2 - Raidou Kuzunoha vs. King Abaddon", "site_detail_url": "https://www.giantbomb.com/shin-megami-tensei-devil-summoner-2-raidou-kuzunoh/3030-22526/"}, {"api_detail_url": "https://www.giantbomb.com/api/game/3030-9853/", "id": 9853, "name": "Devil Summoner: Soul Hackers", "site_detail_url": "https://www.giantbomb.com/devil-summoner-soul-hackers/3030-9853/"}, {"api_detail_url": "https://www.giantbomb.com/api/game/3030-7653/", "id": 7653, "name": "Shin Megami Tensei: Devil Summoner Special Box", "site_detail_url": "https://www.giantbomb.com/shin-megami-tensei-devil-summoner-special-box/3030-7653/"}, {"api_detail_url": "https://www.giantbomb.com/api/game/3030-17532/", "id": 17532, "name": "Shin Megami Tensei: Devil Summoner", "site_detail_url": "https://www.giantbomb.com/shin-megami-tensei-devil-summoner/3030-17532/"}, {"api_detail_url": "https://www.giantbomb.com/api/game/3030-20439/", "id": 20439, "name": "Shin Megami Tensei: Devil Summoner - Raidou Kuzunoha vs. the Soulless Army", "site_detail_url": "https://www.giantbomb.com/shin-megami-tensei-devil-summoner-raidou-kuzunoha-/3030-20439/"}, {"api_detail_url": "https://www.giantbomb.com/api/game/3030-24229/", "id": 24229, "name": "Devil Summoner: Kuzunoha Raidou tai Abaddon Ou Plus", "site_detail_url": "https://www.giantbomb.com/devil-summoner-kuzunoha-raidou-tai-abaddon-ou-plus/3030-24229/"}, {"api_detail_url": "https://www.giantbomb.com/api/game/3030-38764/", "id": 38764, "name": "Shin Megami Tensei: Devil Summoner: Soul Hackers", "site_detail_url": "https://www.giantbomb.com/shin-megami-tensei-devil-summoner-soul-hackers/3030-38764/"}, {"api_detail_url": "https://www.giantbomb.com/api/game/3030-85548/", "id": 85548, "name": "Soul Hackers 2", "site_detail_url": "https://www.giantbomb.com/soul-hackers-2/3030-85548/"}]}, "version": "1.0"}