{"error": "OK", "limit": 1, "offset": 0, "number_of_page_results": 1, "number_of_total_results": 1, "status_code": 1, "results": {"games": [{"api_detail_url": "https://www.giantbomb.com/api/game/3030-19353/", "id": 19353, "name": "Blasterball 2: Revolution", "site_detail_url": "https://www.giantbomb.com/blasterball-2-revolution/3030-19353/"}, {"api_detail_url": "https://www.giantbomb.com/api/game/3030-535/", "id": 535, "name": "Blasterball 2: Holidays", "site_detail_url": "https://www.giantbomb.com/blasterball-2-holidays/3030-535/"}]}, "version": "1.0"}