{"error": "OK", "limit": 1, "offset": 0, "number_of_page_results": 1, "number_of_total_results": 1, "status_code": 1, "results": {"games": [{"api_detail_url": "https://www.giantbomb.com/api/game/3030-26967/", "id": 26967, "name": "Lemonade Tycoon", "site_detail_url": "https://www.giantbomb.com/lemonade-tycoon/3030-26967/"}, {"api_detail_url": "https://www.giantbomb.com/api/game/3030-26968/", "id": 26968, "name": "Lemonade Tycoon 2: New York Edition", "site_detail_url": "https://www.giantbomb.com/lemonade-tycoon-2-new-york-edition/3030-26968/"}]}, "version": "1.0"}