{"error": "OK", "limit": 1, "offset": 0, "number_of_page_results": 1, "number_of_total_results": 1, "status_code": 1, "results": {"games": [{"api_detail_url": "https://www.giantbomb.com/api/game/3030-9617/", "id": 9617, "name": "Supreme Ruler 2010", "site_detail_url": "https://www.giantbomb.com/supreme-ruler-2010/3030-9617/"}, {"api_detail_url": "https://www.giantbomb.com/api/game/3030-27299/", "id": 27299, "name": "Supreme Ruler 2020", "site_detail_url": "https://www.giantbomb.com/supreme-ruler-2020/3030-27299/"}, {"api_detail_url": "https://www.giantbomb.com/api/game/3030-20302/", "id": 20302, "name": "Supreme Ruler Plus", "site_detail_url": "https://www.giantbomb.com/supreme-ruler-plus/3030-20302/"}, {"api_detail_url": "https://www.giantbomb.com/api/game/3030-32056/", "id": 32056, "name": "Supreme Ruler 2020: Global Crisis", "site_detail_url": "https://www.giantbomb.com/supreme-ruler-2020-global-crisis/3030-32056/"}, {"api_detail_url": "https://www.giantbomb.com/api/game/3030-32390/", "id": 32390, "name": "Supreme Ruler: Cold War", "site_detail_url": "https://www.giantbomb.com/supreme-ruler-cold-war/3030-32390/"}, {"api_detail_url": "https://www.giantbomb.com/api/game/3030-46047/", "id": 46047, "name": "Supreme Ruler 1936", "site_detail_url": "https://www.giantbomb.com/supreme-ruler-1936/3030-46047/"}, {"api_detail_url": "https://www.giantbomb.com/api/game/3030-51591/", "id": 51591, "name": "Supreme Ruler Ultimate", "site_detail_url": "https://www.giantbomb.com/supreme-ruler-ultimate/3030-51591/"}]}, "version": "1.0"}