{"error": "OK", "limit": 1, "offset": 0, "number_of_page_results": 1, "number_of_total_results": 1, "status_code": 1, "results": {"games": [{"api_detail_url": "https://www.giantbomb.com/api/game/3030-522/", "id": 522, "name": "Worms 3D", "site_detail_url": "https://www.giantbomb.com/worms-3d/3030-522/"}, {"api_detail_url": "https://www.giantbomb.com/api/game/3030-2007/", "id": 2007, "name": "Worms", "site_detail_url": "https://www.giantbomb.com/worms/3030-2007/"}, {"api_detail_url": "https://www.giantbomb.com/api/game/3030-2544/", "id": 2544, "name": "Worms: Open Warfare", "site_detail_url": "https://www.giantbomb.com/worms-open-warfare/3030-2544/"}, {"api_detail_url": "https://www.giantbomb.com/api/game/3030-5792/", "id": 5792, "name": "Worms Blast", "site_detail_url": "https://www.giantbomb.com/worms-blast/3030-5792/"}, {"api_detail_url": "https://www.giantbomb.com/api/game/3030-6120/", "id": 6120, "name": "Worms: Open Warfare 2", "site_detail_url": "https://www.giantbomb.com/worms-open-warfare-2/3030-6120/"}, {"api_detail_url": "https://www.giantbomb.com/api/game/3030-7296/", "id": 7296, "name": "Worms and Reinforcements: United", "site_detail_url": "https://www.giantbomb.com/worms-and-reinforcements-united/3030-7296/"}, {"api_detail_url": "https://www.giantbomb.com/api/game/3030-10296/", "id": 10296, "name": "Worms: Reinforcements", "site_detail_url": "https://www.giantbomb.com/worms-reinforcements/3030-10296/"}, {"api_detail_url": "https://www.giantbomb.com/api/game/3030-11999/", "id": 11999, "name": "Worms Forts: Under Siege", "site_detail_url": "https://www.giantbomb.com/worms-forts-under-siege/3030-11999/"}, {"api_detail_url": "https://www.giantbomb.com/api/game/3030-13355/", "id": 13355, "name": "Worms 4: Mayhem", "site_detail_url": "https://www.giantbomb.com/worms-4-mayhem/3030-13355/"}, {"api_detail_url": "https://www.giantbomb.com/api/game/3030-17255/", "id": 17255, "name": "Worms Armageddon", "site_detail_url": "https://www.giantbomb.com/worms-armageddon/3030-17255/"}, {"api_detail_url": "https://www.giantbomb.com/api/game/3030-18822/", "id": 18822, "name": "Worms World Party", "site_detail_url": "https://www.giantbomb.com/worms-world-party/3030-18822/"}, {"api_detail_url": "https://www.giantbomb.com/api/game/3030-18826/", "id": 18826, "name": "Worms: The Director's Cut", "site_detail_url": "https://www.giantbomb.com/worms-the-directors-cut/3030-18826/"}, {"api_detail_url": "https://www.giantbomb.com/api/game/3030-20860/", "id": 20860, "name": "Worms: A Space Oddity", "site_detail_url": "https://www.giantbomb.com/worms-a-space-oddity/3030-20860/"}, {"api_detail_url": "https://www.giantbomb.com/api/game/3030-20815/", "id": 20815, "name": "Worms", "site_detail_url": "https://www.giantbomb.com/worms/3030-20815/"}, {"api_detail_url": "https://www.giantbomb.com/api/game/3030-27139/", "id": 27139, "name": "Worms 2: Armageddon", "site_detail_url": "https://www.giantbomb.com/worms-2-armageddon/3030-27139/"}, {"api_detail_url": "https://www.giantbomb.com/api/game/3030-30148/", "id": 30148, "name": "Worms Reloaded", "site_detail_url": "https://www.giantbomb.com/worms-reloaded/3030-30148/"}, {"api_detail_url": "https://www.giantbomb.com/api/game/3030-32761/", "id": 32761, "name": "Worms: Battle Islands", "site_detail_url": "https://www.giantbomb.com/worms-battle-islands/3030-32761/"}, {"api_detail_url": "https://www.giantbomb.com/api/game/3030-32022/", "id": 32022, "name": "Worms Pinball", "site_detail_url": "https://www.giantbomb.com/worms-pinball/3030-32022/"}, {"api_detail_url": "https://www.giantbomb.com/api/game/3030-36147/", "id": 36147, "name": "Worms Crazy Golf", "site_detail_url": "https://www.giantbomb.com/worms-crazy-golf/3030-36147/"}, {"api_detail_url": "https://www.giantbomb.com/api/game/3030-36356/", "id": 36356, "name": "Worms Ultimate Mayhem", "site_detail_url": "https://www.giantbomb.com/worms-ultimate-mayhem/3030-36356/"}, {"api_detail_url": "https://www.giantbomb.com/api/game/3030-38681/", "id": 38681, "name": "Worms Revolution", "site_detail_url": "https://www.giantbomb.com/worms-revolution/3030-38681/"}, {"api_detail_url": "https://www.giantbomb.com/api/game/3030-39852/", "id": 39852, "name": "Worms Collection", "site_detail_url": "https://www.giantbomb.com/worms-collection/3030-39852/"}, {"api_detail_url": "https://www.giantbomb.com/api/game/3030-43422/", "id": 43422, "name": "Worms Clan Wars", "site_detail_url": "https://www.giantbomb.com/worms-clan-wars/3030-43422/"}, {"api_detail_url": "https://www.giantbomb.com/api/game/3030-45386/", "id": 45386, "name": "Worms Battlegrounds", "site_detail_url": "https://www.giantbomb.com/worms-battlegrounds/3030-45386/"}, {"api_detail_url": "https://www.giantbomb.com/api/game/3030-10097/", "id": 10097, "name": "Worms 2", "site_detail_url": "https://www.giantbomb.com/worms-2/3030-10097/"}, {"api_detail_url": "https://www.giantbomb.com/api/game/3030-46951/", "id": 46951, "name": "Worms 3", "site_detail_url": "https://www.giantbomb.com/worms-3/3030-46951/"}, {"api_detail_url": "https://www.giantbomb.com/api/game/3030-50982/", "id": 50982, "name": "Worms 4", "site_detail_url": "https://www.giantbomb.com/worms-4/3030-50982/"}, {"api_detail_url": "https://www.giantbomb.com/api/game/3030-54180/", "id": 54180, "name": "Worms W.M.D", "site_detail_url": "https://www.giantbomb.com/worms-wmd/3030-54180/"}, {"api_detail_url": "https://www.giantbomb.com/api/game/3030-58297/", "id": 58297, "name": "Worms: The Revolution Collection", "site_detail_url": "https://www.giantbomb.com/worms-the-revolution-collection/3030-58297/"}, {"api_detail_url": "https://www.giantbomb.com/api/game/3030-79492/", "id": 79492, "name": "Worms Rumble", "site_detail_url": "https://www.giantbomb.com/worms-rumble/3030-79492/"}, {"api_detail_url": "https://www.giantbomb.com/api/game/3030-81210/", "id": 81210, "name": "Worms Collection 1", "site_detail_url": "https://www.giantbomb.com/worms-collection-1/3030-81210/"}]}, "version": "1.0"}