{"error": "OK", "limit": 1, "offset": 0, "number_of_page_results": 1, "number_of_total_results": 1, "status_code": 1, "results": {"games": [{"api_detail_url": "https://www.giantbomb.com/api/game/3030-21853/", "id": 21853, "name": "Shanghai Pocket", "site_detail_url": "https://www.giantbomb.com/shanghai-pocket/3030-21853/"}, {"api_detail_url": "https://www.giantbomb.com/api/game/3030-1655/", "id": 1655, "name": "Shanghai", "site_detail_url": "https://www.giantbomb.com/shanghai/3030-1655/"}, {"api_detail_url": "https://www.giantbomb.com/api/game/3030-7286/", "id": 7286, "name": "Shanghai II: Dragon's Eye", "site_detail_url": "https://www.giantbomb.com/shanghai-ii-dragons-eye/3030-7286/"}, {"api_detail_url": "https://www.giantbomb.com/api/game/3030-3878/", "id": 3878, "name": "Shanghai: Dynasty", "site_detail_url": "https://www.giantbomb.com/shanghai-dynasty/3030-3878/"}, {"api_detail_url": "https://www.giantbomb.com/api/game/3030-6031/", "id": 6031, "name": "Shanghai: Second Dynasty", "site_detail_url": "https://www.giantbomb.com/shanghai-second-dynasty/3030-6031/"}, {"api_detail_url": "https://www.giantbomb.com/api/game/3030-16026/", "id": 16026, "name": "Shanghai Mini", "site_detail_url": "https://www.giantbomb.com/shanghai-mini/3030-16026/"}, {"api_detail_url": "https://www.giantbomb.com/api/game/3030-25749/", "id": 25749, "name": "Minna de Taisen Puzzle: Shanghai Wii", "site_detail_url": "https://www.giantbomb.com/minna-de-taisen-puzzle-shanghai-wii/3030-25749/"}, {"api_detail_url": "https://www.giantbomb.com/api/game/3030-18262/", "id": 18262, "name": "Shanghai: Great Moments", "site_detail_url": "https://www.giantbomb.com/shanghai-great-moments/3030-18262/"}, {"api_detail_url": "https://www.giantbomb.com/api/game/3030-18877/", "id": 18877, "name": "Shanghai: Mah-Jongg Essentials", "site_detail_url": "https://www.giantbomb.com/shanghai-mah-jongg-essentials/3030-18877/"}, {"api_detail_url": "https://www.giantbomb.com/api/game/3030-38152/", "id": 38152, "name": "Shanghai: Triple-Threat", "site_detail_url": "https://www.giantbomb.com/shanghai-triple-threat/3030-38152/"}, {"api_detail_url": "https://www.giantbomb.com/api/game/3030-40178/", "id": 40178, "name": "Super Shanghai: Dragon's Eye", "site_detail_url": "https://www.giantbomb.com/super-shanghai-dragons-eye/3030-40178/"}, {"api_detail_url": "https://www.giantbomb.com/api/game/3030-40179/", "id": 40179, "name": "Shanghai II", "site_detail_url": "https://www.giantbomb.com/shanghai-ii/3030-40179/"}, {"api_detail_url": "https://www.giantbomb.com/api/game/3030-40622/", "id": 40622, "name": "Mahjong Shanghai", "site_detail_url": "https://www.giantbomb.com/mahjong-shanghai/3030-40622/"}, {"api_detail_url": "https://www.giantbomb.com/api/game/3030-40623/", "id": 40623, "name": "Super Shanghai 2005", "site_detail_url": "https://www.giantbomb.com/super-shanghai-2005/3030-40623/"}, {"api_detail_url": "https://www.giantbomb.com/api/game/3030-34972/", "id": 34972, "name": "Mahjong Cub3d", "site_detail_url": "https://www.giantbomb.com/mahjong-cub3d/3030-34972/"}, {"api_detail_url": "https://www.giantbomb.com/api/game/3030-40626/", "id": 40626, "name": "Minna no Soft Series: Shanghai", "site_detail_url": "https://www.giantbomb.com/minna-no-soft-series-shanghai/3030-40626/"}, {"api_detail_url": "https://www.giantbomb.com/api/game/3030-34763/", "id": 34763, "name": "Shanghai: True Valor", "site_detail_url": "https://www.giantbomb.com/shanghai-true-valor/3030-34763/"}, {"api_detail_url": "https://www.giantbomb.com/api/game/3030-45173/", "id": 45173, "name": "Shanghai Amigo", "site_detail_url": "https://www.giantbomb.com/shanghai-amigo/3030-45173/"}, {"api_detail_url": "https://www.giantbomb.com/api/game/3030-49786/", "id": 49786, "name": "Shanghai III", "site_detail_url": "https://www.giantbomb.com/shanghai-iii/3030-49786/"}, {"api_detail_url": "https://www.giantbomb.com/api/game/3030-53817/", "id": 53817, "name": "Shanghai Musume: Mahjong Girls", "site_detail_url": "https://www.giantbomb.com/shanghai-musume-mahjong-girls/3030-53817/"}, {"api_detail_url": "https://www.giantbomb.com/api/game/3030-54629/", "id": 54629, "name": "Game no Tetsujin: The Shanghai", "site_detail_url": "https://www.giantbomb.com/game-no-tetsujin-the-shanghai/3030-54629/"}, {"api_detail_url": "https://www.giantbomb.com/api/game/3030-49776/", "id": 49776, "name": "Sanrio Shanghai", "site_detail_url": "https://www.giantbomb.com/sanrio-shanghai/3030-49776/"}, {"api_detail_url": "https://www.giantbomb.com/api/game/3030-61754/", "id": 61754, "name": "Minna de Asobo: Shanghai DS 2", "site_detail_url": "https://www.giantbomb.com/minna-de-asobo-shanghai-ds-2/3030-61754/"}, {"api_detail_url": "https://www.giantbomb.com/api/game/3030-72498/", "id": 72498, "name": "Shanghai Refresh", "site_detail_url": "https://www.giantbomb.com/shanghai-refresh/3030-72498/"}, {"api_detail_url": "https://www.giantbomb.com/api/game/3030-81653/", "id": 81653, "name": "Shanghai", "site_detail_url": "https://www.giantbomb.com/shanghai/3030-81653/"}, {"api_detail_url": "https://www.giantbomb.com/api/game/3030-81665/", "id": 81665, "name": "Shanghai: The Four Elements", "site_detail_url": "https://www.giantbomb.com/shanghai-the-four-elements/3030-81665/"}, {"api_detail_url": "https://www.giantbomb.com/api/game/3030-81670/", "id": 81670, "name": "Puzzle Game Rong Rong", "site_detail_url": "https://www.giantbomb.com/puzzle-game-rong-rong/3030-81670/"}, {"api_detail_url": "https://www.giantbomb.com/api/game/3030-81672/", "id": 81672, "name": "Shanghai: Shouryuu Sairin", "site_detail_url": "https://www.giantbomb.com/shanghai-shouryuu-sairin/3030-81672/"}, {"api_detail_url": "https://www.giantbomb.com/api/game/3030-81673/", "id": 81673, "name": "Shanghai: Sangoku Pai Tougi", "site_detail_url": "https://www.giantbomb.com/shanghai-sangoku-pai-tougi/3030-81673/"}, {"api_detail_url": "https://www.giantbomb.com/api/game/3030-88742/", "id": 88742, "name": "Shanghai IV: Ryuumon Hiyaku", "site_detail_url": "https://www.giantbomb.com/shanghai-iv-ryuumon-hiyaku/3030-88742/"}]}, "version": "1.0"}