{"error": "OK", "limit": 1, "offset": 0, "number_of_page_results": 1, "number_of_total_results": 1, "status_code": 1, "results": {"games": [{"api_detail_url": "https://www.giantbomb.com/api/game/3030-7958/", "id": 7958, "name": "Baten Kaitos: Eternal Wings and the Lost Ocean", "site_detail_url": "https://www.giantbomb.com/baten-kaitos-eternal-wings-and-the-lost-ocean/3030-7958/"}, {"api_detail_url": "https://www.giantbomb.com/api/game/3030-1213/", "id": 1213, "name": "Baten Kaitos Origins", "site_detail_url": "https://www.giantbomb.com/baten-kaitos-origins/3030-1213/"}, {"api_detail_url": "https://www.giantbomb.com/api/game/3030-88439/", "id": 88439, "name": "Baten Kaitos I & II HD Remaster", "site_detail_url": "https://www.giantbomb.com/baten-kaitos-i-and-ii-hd-remaster/3030-88439/"}]}, "version": "1.0"}