{"error": "OK", "limit": 1, "offset": 0, "number_of_page_results": 1, "number_of_total_results": 1, "status_code": 1, "results": {"games": [{"api_detail_url": "https://www.giantbomb.com/api/game/3030-22154/", "id": 22154, "name": "King's Bounty: The Legend", "site_detail_url": "https://www.giantbomb.com/kings-bounty-the-legend/3030-22154/"}, {"api_detail_url": "https://www.giantbomb.com/api/game/3030-25912/", "id": 25912, "name": "King's Bounty: Armored Princess", "site_detail_url": "https://www.giantbomb.com/kings-bounty-armored-princess/3030-25912/"}, {"api_detail_url": "https://www.giantbomb.com/api/game/3030-32640/", "id": 32640, "name": "King's Bounty: Crossworlds", "site_detail_url": "https://www.giantbomb.com/kings-bounty-crossworlds/3030-32640/"}, {"api_detail_url": "https://www.giantbomb.com/api/game/3030-38836/", "id": 38836, "name": "King's Bounty: Warriors of the North", "site_detail_url": "https://www.giantbomb.com/kings-bounty-warriors-of-the-north/3030-38836/"}, {"api_detail_url": "https://www.giantbomb.com/api/game/3030-44688/", "id": 44688, "name": "King\u2019s Bounty: Legions", "site_detail_url": "https://www.giantbomb.com/king-s-bounty-legions/3030-44688/"}, {"api_detail_url": "https://www.giantbomb.com/api/game/3030-47194/", "id": 47194, "name": "King's Bounty: Dark Side", "site_detail_url": "https://www.giantbomb.com/kings-bounty-dark-side/3030-47194/"}, {"api_detail_url": "https://www.giantbomb.com/api/game/3030-19690/", "id": 19690, "name": "King's Bounty", "site_detail_url": "https://www.giantbomb.com/kings-bounty/3030-19690/"}, {"api_detail_url": "https://www.giantbomb.com/api/game/3030-76930/", "id": 76930, "name": "King's Bounty II", "site_detail_url": "https://www.giantbomb.com/kings-bounty-ii/3030-76930/"}]}, "version": "1.0"}