{"error": "OK", "limit": 1, "offset": 0, "number_of_page_results": 1, "number_of_total_results": 1, "status_code": 1, "results": {"games": [{"api_detail_url": "https://www.giantbomb.com/api/game/3030-23887/", "id": 23887, "name": "Higurashi no Naku Koro ni: Onikakushi-hen", "site_detail_url": "https://www.giantbomb.com/higurashi-no-naku-koro-ni-onikakushi-hen/3030-23887/"}, {"api_detail_url": "https://www.giantbomb.com/api/game/3030-23888/", "id": 23888, "name": "Higurashi no Naku Koro ni: Watanagashi-hen", "site_detail_url": "https://www.giantbomb.com/higurashi-no-naku-koro-ni-watanagashi-hen/3030-23888/"}, {"api_detail_url": "https://www.giantbomb.com/api/game/3030-23889/", "id": 23889, "name": "Higurashi no Naku Koro ni: Tatarigoroshi-hen", "site_detail_url": "https://www.giantbomb.com/higurashi-no-naku-koro-ni-tatarigoroshi-hen/3030-23889/"}, {"api_detail_url": "https://www.giantbomb.com/api/game/3030-23890/", "id": 23890, "name": "Higurashi no Naku Koro ni: Himatsubushi-hen", "site_detail_url": "https://www.giantbomb.com/higurashi-no-naku-koro-ni-himatsubushi-hen/3030-23890/"}, {"api_detail_url": "https://www.giantbomb.com/api/game/3030-23891/", "id": 23891, "name": "Higurashi no Naku Koro ni: Meakashi-hen", "site_detail_url": "https://www.giantbomb.com/higurashi-no-naku-koro-ni-meakashi-hen/3030-23891/"}, {"api_detail_url": "https://www.giantbomb.com/api/game/3030-23892/", "id": 23892, "name": "Higurashi no Naku Koro ni: Tsumihoroboshi-hen", "site_detail_url": "https://www.giantbomb.com/higurashi-no-naku-koro-ni-tsumihoroboshi-hen/3030-23892/"}, {"api_detail_url": "https://www.giantbomb.com/api/game/3030-23893/", "id": 23893, "name": "Higurashi no Naku Koro ni: Minagoroshi-hen", "site_detail_url": "https://www.giantbomb.com/higurashi-no-naku-koro-ni-minagoroshi-hen/3030-23893/"}, {"api_detail_url": "https://www.giantbomb.com/api/game/3030-23894/", "id": 23894, "name": "Higurashi no Naku Koro ni: Matsuribayashi-hen", "site_detail_url": "https://www.giantbomb.com/higurashi-no-naku-koro-ni-matsuribayashi-hen/3030-23894/"}, {"api_detail_url": "https://www.giantbomb.com/api/game/3030-25446/", "id": 25446, "name": "Higurashi no Naku Koro ni Kizuna: Daisankan Rasen", "site_detail_url": "https://www.giantbomb.com/higurashi-no-naku-koro-ni-kizuna-daisankan-rasen/3030-25446/"}, {"api_detail_url": "https://www.giantbomb.com/api/game/3030-25654/", "id": 25654, "name": "Higurashi no Naku Koro ni Kizuna: Daiichikan Tatari", "site_detail_url": "https://www.giantbomb.com/higurashi-no-naku-koro-ni-kizuna-daiichikan-tatari/3030-25654/"}, {"api_detail_url": "https://www.giantbomb.com/api/game/3030-25655/", "id": 25655, "name": "Higurashi no Naku Koro ni Kizuna: Dainikan Sou", "site_detail_url": "https://www.giantbomb.com/higurashi-no-naku-koro-ni-kizuna-dainikan-sou/3030-25655/"}, {"api_detail_url": "https://www.giantbomb.com/api/game/3030-25777/", "id": 25777, "name": "Higurashi Daybreak", "site_detail_url": "https://www.giantbomb.com/higurashi-daybreak/3030-25777/"}, {"api_detail_url": "https://www.giantbomb.com/api/game/3030-27577/", "id": 27577, "name": "Higurashi no Naku Koro ni Jong", "site_detail_url": "https://www.giantbomb.com/higurashi-no-naku-koro-ni-jong/3030-27577/"}, {"api_detail_url": "https://www.giantbomb.com/api/game/3030-29344/", "id": 29344, "name": "Higurashi no Naku Koro ni Kizuna: Daiyonkan Kizuna", "site_detail_url": "https://www.giantbomb.com/higurashi-no-naku-koro-ni-kizuna-daiyonkan-kizuna/3030-29344/"}, {"api_detail_url": "https://www.giantbomb.com/api/game/3030-34897/", "id": 34897, "name": "Higurashi no Naku Koro ni Matsuri", "site_detail_url": "https://www.giantbomb.com/higurashi-no-naku-koro-ni-matsuri/3030-34897/"}, {"api_detail_url": "https://www.giantbomb.com/api/game/3030-39175/", "id": 39175, "name": "Higurashi Daybreak Kai", "site_detail_url": "https://www.giantbomb.com/higurashi-daybreak-kai/3030-39175/"}, {"api_detail_url": "https://www.giantbomb.com/api/game/3030-39176/", "id": 39176, "name": "Higurashi Daybreak Portable", "site_detail_url": "https://www.giantbomb.com/higurashi-daybreak-portable/3030-39176/"}, {"api_detail_url": "https://www.giantbomb.com/api/game/3030-39177/", "id": 39177, "name": "Higurashi Daybreak Portable Mega Edition", "site_detail_url": "https://www.giantbomb.com/higurashi-daybreak-portable-mega-edition/3030-39177/"}, {"api_detail_url": "https://www.giantbomb.com/api/game/3030-48295/", "id": 48295, "name": "Higurashi no Naku Koro ni Sui", "site_detail_url": "https://www.giantbomb.com/higurashi-no-naku-koro-ni-sui/3030-48295/"}, {"api_detail_url": "https://www.giantbomb.com/api/game/3030-51459/", "id": 51459, "name": "Higurashi When They Cry Hou", "site_detail_url": "https://www.giantbomb.com/higurashi-when-they-cry-hou/3030-51459/"}, {"api_detail_url": "https://www.giantbomb.com/api/game/3030-51460/", "id": 51460, "name": "Higurashi no Naku Koro ni Rei", "site_detail_url": "https://www.giantbomb.com/higurashi-no-naku-koro-ni-rei/3030-51460/"}, {"api_detail_url": "https://www.giantbomb.com/api/game/3030-80461/", "id": 80461, "name": "Higurashi no Naku Koro ni Mei", "site_detail_url": "https://www.giantbomb.com/higurashi-no-naku-koro-ni-mei/3030-80461/"}, {"api_detail_url": "https://www.giantbomb.com/api/game/3030-87890/", "id": 87890, "name": "Higurashi no Naku Koro ni Jan", "site_detail_url": "https://www.giantbomb.com/higurashi-no-naku-koro-ni-jan/3030-87890/"}]}, "version": "1.0"}