{"error": "OK", "limit": 1, "offset": 0, "number_of_page_results": 1, "number_of_total_results": 1, "status_code": 1, "results": {"games": [{"api_detail_url": "https://www.giantbomb.com/api/game/3030-4444/", "id": 4444, "name": "Rocky Mountain Trophy Hunter 3", "site_detail_url": "https://www.giantbomb.com/rocky-mountain-trophy-hunter-3/3030-4444/"}, {"api_detail_url": "https://www.giantbomb.com/api/game/3030-26003/", "id": 26003, "name": "Rocky Mountain Trophy Hunter", "site_detail_url": "https://www.giantbomb.com/rocky-mountain-trophy-hunter/3030-26003/"}, {"api_detail_url": "https://www.giantbomb.com/api/game/3030-26004/", "id": 26004, "name": "Rocky Mountain Trophy Hunter II", "site_detail_url": "https://www.giantbomb.com/rocky-mountain-trophy-hunter-ii/3030-26004/"}, {"api_detail_url": "https://www.giantbomb.com/api/game/3030-26005/", "id": 26005, "name": "Rocky Mountain Trophy Hunter: Alaskan Expedition", "site_detail_url": "https://www.giantbomb.com/rocky-mountain-trophy-hunter-alaskan-expedition/3030-26005/"}]}, "version": "1.0"}