{"error": "OK", "limit": 1, "offset": 0, "number_of_page_results": 1, "number_of_total_results": 1, "status_code": 1, "results": {"games": [{"api_detail_url": "https://www.giantbomb.com/api/game/3030-27230/", "id": 27230, "name": "Ragnarok Battle Offline", "site_detail_url": "https://www.giantbomb.com/ragnarok-battle-offline/3030-27230/"}, {"api_detail_url": "https://www.giantbomb.com/api/game/3030-27241/", "id": 27241, "name": "Ragnarok Battle Offline: Extra Scenario 1", "site_detail_url": "https://www.giantbomb.com/ragnarok-battle-offline-extra-scenario-1/3030-27241/"}, {"api_detail_url": "https://www.giantbomb.com/api/game/3030-27243/", "id": 27243, "name": "Ragnarok Battle Offline: Extra Scenario 3", "site_detail_url": "https://www.giantbomb.com/ragnarok-battle-offline-extra-scenario-3/3030-27243/"}, {"api_detail_url": "https://www.giantbomb.com/api/game/3030-27242/", "id": 27242, "name": "Ragnarok Battle Offline: Extra Scenario 2", "site_detail_url": "https://www.giantbomb.com/ragnarok-battle-offline-extra-scenario-2/3030-27242/"}]}, "version": "1.0"}