{"error": "OK", "limit": 1, "offset": 0, "number_of_page_results": 1, "number_of_total_results": 1, "status_code": 1, "results": {"games": [{"api_detail_url": "https://www.giantbomb.com/api/game/3030-16298/", "id": 16298, "name": "The 7th Guest", "site_detail_url": "https://www.giantbomb.com/the-7th-guest/3030-16298/"}, {"api_detail_url": "https://www.giantbomb.com/api/game/3030-1724/", "id": 1724, "name": "The 11th Hour", "site_detail_url": "https://www.giantbomb.com/the-11th-hour/3030-1724/"}, {"api_detail_url": "https://www.giantbomb.com/api/game/3030-43419/", "id": 43419, "name": "The 7th Guest: Infection", "site_detail_url": "https://www.giantbomb.com/the-7th-guest-infection/3030-43419/"}, {"api_detail_url": "https://www.giantbomb.com/api/game/3030-45683/", "id": 45683, "name": "The 7th Guest 3: The Collector", "site_detail_url": "https://www.giantbomb.com/the-7th-guest-3-the-collector/3030-45683/"}, {"api_detail_url": "https://www.giantbomb.com/api/game/3030-72596/", "id": 72596, "name": "The 13th Doll: A Fan Game of The 7th Guest", "site_detail_url": "https://www.giantbomb.com/the-13th-doll-a-fan-game-of-the-7th-guest/3030-72596/"}]}, "version": "1.0"}