{"error": "OK", "limit": 1, "offset": 0, "number_of_page_results": 1, "number_of_total_results": 1, "status_code": 1, "results": {"games": [{"api_detail_url": "https://www.giantbomb.com/api/game/3030-7158/", "id": 7158, "name": "Cars", "site_detail_url": "https://www.giantbomb.com/cars/3030-7158/"}, {"api_detail_url": "https://www.giantbomb.com/api/game/3030-5188/", "id": 5188, "name": "Disney/Pixar's Buzz Lightyear of Star Command", "site_detail_url": "https://www.giantbomb.com/disneypixars-buzz-lightyear-of-star-command/3030-5188/"}, {"api_detail_url": "https://www.giantbomb.com/api/game/3030-13004/", "id": 13004, "name": "Disney/Pixar's Monsters Inc.", "site_detail_url": "https://www.giantbomb.com/disneypixars-monsters-inc/3030-13004/"}, {"api_detail_url": "https://www.giantbomb.com/api/game/3030-16805/", "id": 16805, "name": "Disney/Pixar's Finding Nemo", "site_detail_url": "https://www.giantbomb.com/disneypixars-finding-nemo/3030-16805/"}, {"api_detail_url": "https://www.giantbomb.com/api/game/3030-11882/", "id": 11882, "name": "Disney/Pixar's Monsters Inc.: Wreck Room Arcade: Eight Ball Chaos", "site_detail_url": "https://www.giantbomb.com/disneypixars-monsters-inc-wreck-room-arcade-eight-/3030-11882/"}, {"api_detail_url": "https://www.giantbomb.com/api/game/3030-16286/", "id": 16286, "name": "Disney/Pixar Cars: Radiator Springs Adventures", "site_detail_url": "https://www.giantbomb.com/disneypixar-cars-radiator-springs-adventures/3030-16286/"}, {"api_detail_url": "https://www.giantbomb.com/api/game/3030-12016/", "id": 12016, "name": "Disney/Pixar's Monsters Inc.: Wreck Room Arcade - Bowling for Screams", "site_detail_url": "https://www.giantbomb.com/disneypixars-monsters-inc-wreck-room-arcade-bowlin/3030-12016/"}, {"api_detail_url": "https://www.giantbomb.com/api/game/3030-2721/", "id": 2721, "name": "Disney/Pixar's Monsters Inc.: Wreck Room Arcade: Monster Tag", "site_detail_url": "https://www.giantbomb.com/disneypixars-monsters-inc-wreck-room-arcade-monste/3030-2721/"}, {"api_detail_url": "https://www.giantbomb.com/api/game/3030-9621/", "id": 9621, "name": "Disney/Pixar Toy Story Racer", "site_detail_url": "https://www.giantbomb.com/disneypixar-toy-story-racer/3030-9621/"}, {"api_detail_url": "https://www.giantbomb.com/api/game/3030-12971/", "id": 12971, "name": "Disney/Pixar's Monsters Inc.: Pinball Panic", "site_detail_url": "https://www.giantbomb.com/disneypixars-monsters-inc-pinball-panic/3030-12971/"}, {"api_detail_url": "https://www.giantbomb.com/api/game/3030-8869/", "id": 8869, "name": "Disney/Pixar Cars: Mater-National Championship", "site_detail_url": "https://www.giantbomb.com/disneypixar-cars-mater-national-championship/3030-8869/"}, {"api_detail_url": "https://www.giantbomb.com/api/game/3030-12842/", "id": 12842, "name": "Disney's Toy Story", "site_detail_url": "https://www.giantbomb.com/disneys-toy-story/3030-12842/"}, {"api_detail_url": "https://www.giantbomb.com/api/game/3030-7301/", "id": 7301, "name": "Toy Story 2: Buzz Lightyear to the Rescue!", "site_detail_url": "https://www.giantbomb.com/toy-story-2-buzz-lightyear-to-the-rescue/3030-7301/"}, {"api_detail_url": "https://www.giantbomb.com/api/game/3030-23805/", "id": 23805, "name": "Monsters, Inc. Scream Team", "site_detail_url": "https://www.giantbomb.com/monsters-inc-scream-team/3030-23805/"}, {"api_detail_url": "https://www.giantbomb.com/api/game/3030-6744/", "id": 6744, "name": "Finding Nemo: Escape to the Big Blue", "site_detail_url": "https://www.giantbomb.com/finding-nemo-escape-to-the-big-blue/3030-6744/"}, {"api_detail_url": "https://www.giantbomb.com/api/game/3030-12718/", "id": 12718, "name": "Finding Nemo: Nemo's Underwater World of Fun", "site_detail_url": "https://www.giantbomb.com/finding-nemo-nemos-underwater-world-of-fun/3030-12718/"}, {"api_detail_url": "https://www.giantbomb.com/api/game/3030-21546/", "id": 21546, "name": "Finding Nemo: Nemo's Ocean Discoveries", "site_detail_url": "https://www.giantbomb.com/finding-nemo-nemos-ocean-discoveries/3030-21546/"}, {"api_detail_url": "https://www.giantbomb.com/api/game/3030-1534/", "id": 1534, "name": "The Incredibles: Rise of the Underminer", "site_detail_url": "https://www.giantbomb.com/the-incredibles-rise-of-the-underminer/3030-1534/"}, {"api_detail_url": "https://www.giantbomb.com/api/game/3030-759/", "id": 759, "name": "The Incredibles", "site_detail_url": "https://www.giantbomb.com/the-incredibles/3030-759/"}, {"api_detail_url": "https://www.giantbomb.com/api/game/3030-20327/", "id": 20327, "name": "Ratatouille", "site_detail_url": "https://www.giantbomb.com/ratatouille/3030-20327/"}, {"api_detail_url": "https://www.giantbomb.com/api/game/3030-21778/", "id": 21778, "name": "Ratatouille: Food Frenzy", "site_detail_url": "https://www.giantbomb.com/ratatouille-food-frenzy/3030-21778/"}, {"api_detail_url": "https://www.giantbomb.com/api/game/3030-24264/", "id": 24264, "name": "Ratatouille: Remy's New Recipes", "site_detail_url": "https://www.giantbomb.com/ratatouille-remys-new-recipes/3030-24264/"}, {"api_detail_url": "https://www.giantbomb.com/api/game/3030-20794/", "id": 20794, "name": "Wall-E", "site_detail_url": "https://www.giantbomb.com/wall-e/3030-20794/"}, {"api_detail_url": "https://www.giantbomb.com/api/game/3030-26850/", "id": 26850, "name": "Cars: Race-O-Rama", "site_detail_url": "https://www.giantbomb.com/cars-race-o-rama/3030-26850/"}, {"api_detail_url": "https://www.giantbomb.com/api/game/3030-27295/", "id": 27295, "name": "Up", "site_detail_url": "https://www.giantbomb.com/up/3030-27295/"}, {"api_detail_url": "https://www.giantbomb.com/api/game/3030-27797/", "id": 27797, "name": "Monsters, Inc. Scream Arena", "site_detail_url": "https://www.giantbomb.com/monsters-inc-scream-arena/3030-27797/"}, {"api_detail_url": "https://www.giantbomb.com/api/game/3030-26074/", "id": 26074, "name": "The Incredibles", "site_detail_url": "https://www.giantbomb.com/the-incredibles/3030-26074/"}, {"api_detail_url": "https://www.giantbomb.com/api/game/3030-26054/", "id": 26054, "name": "Cars", "site_detail_url": "https://www.giantbomb.com/cars/3030-26054/"}, {"api_detail_url": "https://www.giantbomb.com/api/game/3030-26055/", "id": 26055, "name": "Cars Supercharged", "site_detail_url": "https://www.giantbomb.com/cars-supercharged/3030-26055/"}, {"api_detail_url": "https://www.giantbomb.com/api/game/3030-26065/", "id": 26065, "name": "Ratatouille", "site_detail_url": "https://www.giantbomb.com/ratatouille/3030-26065/"}, {"api_detail_url": "https://www.giantbomb.com/api/game/3030-21476/", "id": 21476, "name": "Disney/Pixar Toy Story 2: Operation Rescue Woody", "site_detail_url": "https://www.giantbomb.com/disneypixar-toy-story-2-operation-rescue-woody/3030-21476/"}, {"api_detail_url": "https://www.giantbomb.com/api/game/3030-36720/", "id": 36720, "name": "Kinect Rush: A Disney/Pixar Adventure", "site_detail_url": "https://www.giantbomb.com/kinect-rush-a-disneypixar-adventure/3030-36720/"}, {"api_detail_url": "https://www.giantbomb.com/api/game/3030-30039/", "id": 30039, "name": "Toy Story 3: The Video Game", "site_detail_url": "https://www.giantbomb.com/toy-story-3-the-video-game/3030-30039/"}, {"api_detail_url": "https://www.giantbomb.com/api/game/3030-26805/", "id": 26805, "name": "Toy Story Mania!", "site_detail_url": "https://www.giantbomb.com/toy-story-mania/3030-26805/"}, {"api_detail_url": "https://www.giantbomb.com/api/game/3030-27832/", "id": 27832, "name": "Toy Story Activity Center", "site_detail_url": "https://www.giantbomb.com/toy-story-activity-center/3030-27832/"}, {"api_detail_url": "https://www.giantbomb.com/api/game/3030-34172/", "id": 34172, "name": "Cars 2: The Video Game", "site_detail_url": "https://www.giantbomb.com/cars-2-the-video-game/3030-34172/"}, {"api_detail_url": "https://www.giantbomb.com/api/game/3030-21574/", "id": 21574, "name": "Disney/Pixar Ratatouille", "site_detail_url": "https://www.giantbomb.com/disneypixar-ratatouille/3030-21574/"}, {"api_detail_url": "https://www.giantbomb.com/api/game/3030-37742/", "id": 37742, "name": "Disney-Pixar Brave", "site_detail_url": "https://www.giantbomb.com/disney-pixar-brave/3030-37742/"}, {"api_detail_url": "https://www.giantbomb.com/api/game/3030-38679/", "id": 38679, "name": "Up", "site_detail_url": "https://www.giantbomb.com/up/3030-38679/"}, {"api_detail_url": "https://www.giantbomb.com/api/game/3030-26082/", "id": 26082, "name": "Wall-E", "site_detail_url": "https://www.giantbomb.com/wall-e/3030-26082/"}, {"api_detail_url": "https://www.giantbomb.com/api/game/3030-41047/", "id": 41047, "name": "Temple Run: Brave", "site_detail_url": "https://www.giantbomb.com/temple-run-brave/3030-41047/"}, {"api_detail_url": "https://www.giantbomb.com/api/game/3030-26059/", "id": 26059, "name": "Finding Nemo", "site_detail_url": "https://www.giantbomb.com/finding-nemo/3030-26059/"}, {"api_detail_url": "https://www.giantbomb.com/api/game/3030-45374/", "id": 45374, "name": "Toy Story 3", "site_detail_url": "https://www.giantbomb.com/toy-story-3/3030-45374/"}, {"api_detail_url": "https://www.giantbomb.com/api/game/3030-52817/", "id": 52817, "name": "Toy Story 2: Woody Sousaku Daisakusen!!", "site_detail_url": "https://www.giantbomb.com/toy-story-2-woody-sousaku-daisakusen/3030-52817/"}, {"api_detail_url": "https://www.giantbomb.com/api/game/3030-58024/", "id": 58024, "name": "2 Games in 1 Double Pack: The Incredibles + Finding Nemo: The Continuing Adventures", "site_detail_url": "https://www.giantbomb.com/2-games-in-1-double-pack-the-incredibles-finding-n/3030-58024/"}, {"api_detail_url": "https://www.giantbomb.com/api/game/3030-58505/", "id": 58505, "name": "Cars 3: Driven to Win", "site_detail_url": "https://www.giantbomb.com/cars-3-driven-to-win/3030-58505/"}, {"api_detail_url": "https://www.giantbomb.com/api/game/3030-40912/", "id": 40912, "name": "Disney Infinity", "site_detail_url": "https://www.giantbomb.com/disney-infinity/3030-40912/"}, {"api_detail_url": "https://www.giantbomb.com/api/game/3030-46009/", "id": 46009, "name": "Disney Infinity: Marvel Super Heroes", "site_detail_url": "https://www.giantbomb.com/disney-infinity-marvel-super-heroes/3030-46009/"}, {"api_detail_url": "https://www.giantbomb.com/api/game/3030-47753/", "id": 47753, "name": "Disney Infinity 3.0 Edition", "site_detail_url": "https://www.giantbomb.com/disney-infinity-3-0-edition/3030-47753/"}, {"api_detail_url": "https://www.giantbomb.com/api/game/3030-60990/", "id": 60990, "name": "The World of Cars Online", "site_detail_url": "https://www.giantbomb.com/the-world-of-cars-online/3030-60990/"}, {"api_detail_url": "https://www.giantbomb.com/api/game/3030-65286/", "id": 65286, "name": "The Incredibles: When Danger Calls", "site_detail_url": "https://www.giantbomb.com/the-incredibles-when-danger-calls/3030-65286/"}, {"api_detail_url": "https://www.giantbomb.com/api/game/3030-65294/", "id": 65294, "name": "Cars Toon: Mater's Tall Tales", "site_detail_url": "https://www.giantbomb.com/cars-toon-maters-tall-tales/3030-65294/"}, {"api_detail_url": "https://www.giantbomb.com/api/game/3030-65292/", "id": 65292, "name": "Toy Story: Smash It!", "site_detail_url": "https://www.giantbomb.com/toy-story-smash-it/3030-65292/"}, {"api_detail_url": "https://www.giantbomb.com/api/game/3030-65291/", "id": 65291, "name": "Cars: Fast as Lightning", "site_detail_url": "https://www.giantbomb.com/cars-fast-as-lightning/3030-65291/"}, {"api_detail_url": "https://www.giantbomb.com/api/game/3030-65290/", "id": 65290, "name": "Cars: Lightning League", "site_detail_url": "https://www.giantbomb.com/cars-lightning-league/3030-65290/"}, {"api_detail_url": "https://www.giantbomb.com/api/game/3030-16561/", "id": 16561, "name": "A Bug's Life", "site_detail_url": "https://www.giantbomb.com/a-bugs-life/3030-16561/"}, {"api_detail_url": "https://www.giantbomb.com/api/game/3030-50175/", "id": 50175, "name": "Inside Out Thought Bubbles", "site_detail_url": "https://www.giantbomb.com/inside-out-thought-bubbles/3030-50175/"}, {"api_detail_url": "https://www.giantbomb.com/api/game/3030-50548/", "id": 50548, "name": "Disney's Buzz Lightyear 2nd Grade", "site_detail_url": "https://www.giantbomb.com/disneys-buzz-lightyear-2nd-grade/3030-50548/"}, {"api_detail_url": "https://www.giantbomb.com/api/game/3030-67713/", "id": 67713, "name": "LEGO The Incredibles", "site_detail_url": "https://www.giantbomb.com/lego-the-incredibles/3030-67713/"}, {"api_detail_url": "https://www.giantbomb.com/api/game/3030-68893/", "id": 68893, "name": "Disney's Animated Storybook: Toy Story", "site_detail_url": "https://www.giantbomb.com/disneys-animated-storybook-toy-story/3030-68893/"}, {"api_detail_url": "https://www.giantbomb.com/api/game/3030-69123/", "id": 69123, "name": "Cars 2", "site_detail_url": "https://www.giantbomb.com/cars-2/3030-69123/"}, {"api_detail_url": "https://www.giantbomb.com/api/game/3030-70987/", "id": 70987, "name": "Shooting Beena Toy Story 3: Woody to Buzz no Daib\u014dken!", "site_detail_url": "https://www.giantbomb.com/shooting-beena-toy-story-3-woody-to-buzz-no-daibok/3030-70987/"}, {"api_detail_url": "https://www.giantbomb.com/api/game/3030-70980/", "id": 70980, "name": "Cars 2 Racing Beena: Mezase! World Champion!", "site_detail_url": "https://www.giantbomb.com/cars-2-racing-beena-mezase-world-champion/3030-70980/"}, {"api_detail_url": "https://www.giantbomb.com/api/game/3030-45422/", "id": 45422, "name": "Nemo's Reef", "site_detail_url": "https://www.giantbomb.com/nemos-reef/3030-45422/"}, {"api_detail_url": "https://www.giantbomb.com/api/game/3030-71199/", "id": 71199, "name": "Finding Dory: Just Keep Swimming", "site_detail_url": "https://www.giantbomb.com/finding-dory-just-keep-swimming/3030-71199/"}, {"api_detail_url": "https://www.giantbomb.com/api/game/3030-72811/", "id": 72811, "name": "Toy Story Drop!", "site_detail_url": "https://www.giantbomb.com/toy-story-drop/3030-72811/"}, {"api_detail_url": "https://www.giantbomb.com/api/game/3030-77281/", "id": 77281, "name": "Finding Nemo: The Continuing Adventures", "site_detail_url": "https://www.giantbomb.com/finding-nemo-the-continuing-adventures/3030-77281/"}, {"api_detail_url": "https://www.giantbomb.com/api/game/3030-77282/", "id": 77282, "name": "2 Games in 1: Finding Nemo + Finding Nemo: The Continuing Adventures", "site_detail_url": "https://www.giantbomb.com/2-games-in-1-finding-nemo-finding-nemo-the-continu/3030-77282/"}, {"api_detail_url": "https://www.giantbomb.com/api/game/3030-79728/", "id": 79728, "name": "Pixar Pals", "site_detail_url": "https://www.giantbomb.com/pixar-pals/3030-79728/"}, {"api_detail_url": "https://www.giantbomb.com/api/game/3030-83248/", "id": 83248, "name": "Disney's Activity Centre: A Bug's Life", "site_detail_url": "https://www.giantbomb.com/disneys-activity-centre-a-bugs-life/3030-83248/"}, {"api_detail_url": "https://www.giantbomb.com/api/game/3030-85422/", "id": 85422, "name": "Disney Speedstorm", "site_detail_url": "https://www.giantbomb.com/disney-speedstorm/3030-85422/"}, {"api_detail_url": "https://www.giantbomb.com/api/game/3030-21569/", "id": 21569, "name": "Disney/Pixar Cars: Rev It up in Radiator Springs", "site_detail_url": "https://www.giantbomb.com/disneypixar-cars-rev-it-up-in-radiator-springs/3030-21569/"}]}, "version": "1.0"}