{"error": "OK", "limit": 1, "offset": 0, "number_of_page_results": 1, "number_of_total_results": 1, "status_code": 1, "results": {"games": [{"api_detail_url": "https://www.giantbomb.com/api/game/3030-24144/", "id": 24144, "name": "Deathsmiles", "site_detail_url": "https://www.giantbomb.com/deathsmiles/3030-24144/"}, {"api_detail_url": "https://www.giantbomb.com/api/game/3030-27064/", "id": 27064, "name": "Deathsmiles II: Makai no Merry Christmas", "site_detail_url": "https://www.giantbomb.com/deathsmiles-ii-makai-no-merry-christmas/3030-27064/"}, {"api_detail_url": "https://www.giantbomb.com/api/game/3030-34238/", "id": 34238, "name": "Deathsmiles IIX: Makai no Merry Christmas", "site_detail_url": "https://www.giantbomb.com/deathsmiles-iix-makai-no-merry-christmas/3030-34238/"}, {"api_detail_url": "https://www.giantbomb.com/api/game/3030-36049/", "id": 36049, "name": "Deathsmiles Mega Black Label", "site_detail_url": "https://www.giantbomb.com/deathsmiles-mega-black-label/3030-36049/"}, {"api_detail_url": "https://www.giantbomb.com/api/game/3030-80781/", "id": 80781, "name": "Deathsmiles I\uff65II", "site_detail_url": "https://www.giantbomb.com/deathsmiles-iii/3030-80781/"}]}, "version": "1.0"}