{"error": "OK", "limit": 1, "offset": 0, "number_of_page_results": 1, "number_of_total_results": 1, "status_code": 1, "results": {"games": [{"api_detail_url": "https://www.giantbomb.com/api/game/3030-17772/", "id": 17772, "name": "Jewel Quest", "site_detail_url": "https://www.giantbomb.com/jewel-quest/3030-17772/"}, {"api_detail_url": "https://www.giantbomb.com/api/game/3030-29696/", "id": 29696, "name": "Jewel Quest II", "site_detail_url": "https://www.giantbomb.com/jewel-quest-ii/3030-29696/"}, {"api_detail_url": "https://www.giantbomb.com/api/game/3030-29697/", "id": 29697, "name": "Jewel Quest III", "site_detail_url": "https://www.giantbomb.com/jewel-quest-iii/3030-29697/"}, {"api_detail_url": "https://www.giantbomb.com/api/game/3030-29698/", "id": 29698, "name": "Jewel Quest Heritage", "site_detail_url": "https://www.giantbomb.com/jewel-quest-heritage/3030-29698/"}, {"api_detail_url": "https://www.giantbomb.com/api/game/3030-29693/", "id": 29693, "name": "Jewel Quest Solitaire", "site_detail_url": "https://www.giantbomb.com/jewel-quest-solitaire/3030-29693/"}, {"api_detail_url": "https://www.giantbomb.com/api/game/3030-29694/", "id": 29694, "name": "Jewel Quest Solitaire II", "site_detail_url": "https://www.giantbomb.com/jewel-quest-solitaire-ii/3030-29694/"}, {"api_detail_url": "https://www.giantbomb.com/api/game/3030-29695/", "id": 29695, "name": "Jewel Quest Solitaire III", "site_detail_url": "https://www.giantbomb.com/jewel-quest-solitaire-iii/3030-29695/"}, {"api_detail_url": "https://www.giantbomb.com/api/game/3030-34499/", "id": 34499, "name": "Jewel Quest Trilogy", "site_detail_url": "https://www.giantbomb.com/jewel-quest-trilogy/3030-34499/"}, {"api_detail_url": "https://www.giantbomb.com/api/game/3030-65328/", "id": 65328, "name": "Jewel Quest Solitaire Trio", "site_detail_url": "https://www.giantbomb.com/jewel-quest-solitaire-trio/3030-65328/"}, {"api_detail_url": "https://www.giantbomb.com/api/game/3030-75460/", "id": 75460, "name": "Jewel Quest 5: The Sleepless Star", "site_detail_url": "https://www.giantbomb.com/jewel-quest-5-the-sleepless-star/3030-75460/"}, {"api_detail_url": "https://www.giantbomb.com/api/game/3030-75488/", "id": 75488, "name": "Jewel Quest: Mysteries - Trail of the Midnight Heart", "site_detail_url": "https://www.giantbomb.com/jewel-quest-mysteries-trail-of-the-midnight-heart/3030-75488/"}]}, "version": "1.0"}