{"error": "OK", "limit": 1, "offset": 0, "number_of_page_results": 1, "number_of_total_results": 1, "status_code": 1, "results": {"games": [{"api_detail_url": "https://www.giantbomb.com/api/game/3030-18248/", "id": 18248, "name": "Beavis and Butt-head", "site_detail_url": "https://www.giantbomb.com/beavis-and-butt-head/3030-18248/"}, {"api_detail_url": "https://www.giantbomb.com/api/game/3030-1165/", "id": 1165, "name": "Beavis and Butt-head in Virtual Stupidity", "site_detail_url": "https://www.giantbomb.com/beavis-and-butt-head-in-virtual-stupidity/3030-1165/"}, {"api_detail_url": "https://www.giantbomb.com/api/game/3030-11645/", "id": 11645, "name": "Beavis and Butt-head: Little Thingies", "site_detail_url": "https://www.giantbomb.com/beavis-and-butt-head-little-thingies/3030-11645/"}, {"api_detail_url": "https://www.giantbomb.com/api/game/3030-15983/", "id": 15983, "name": "Beavis and Butt-head: Bunghole in One", "site_detail_url": "https://www.giantbomb.com/beavis-and-butt-head-bunghole-in-one/3030-15983/"}, {"api_detail_url": "https://www.giantbomb.com/api/game/3030-13466/", "id": 13466, "name": "Beavis and Butt-head: Do U.", "site_detail_url": "https://www.giantbomb.com/beavis-and-butt-head-do-u/3030-13466/"}, {"api_detail_url": "https://www.giantbomb.com/api/game/3030-34276/", "id": 34276, "name": "MTV's Beavis and Butt-Head: Wiener Takes All", "site_detail_url": "https://www.giantbomb.com/mtvs-beavis-and-butt-head-wiener-takes-all/3030-34276/"}]}, "version": "1.0"}