{"error": "OK", "limit": 1, "offset": 0, "number_of_page_results": 1, "number_of_total_results": 1, "status_code": 1, "results": {"games": [{"api_detail_url": "https://www.giantbomb.com/api/game/3030-240/", "id": 240, "name": "Natural Selection", "site_detail_url": "https://www.giantbomb.com/natural-selection/3030-240/"}, {"api_detail_url": "https://www.giantbomb.com/api/game/3030-24324/", "id": 24324, "name": "Natural Selection II", "site_detail_url": "https://www.giantbomb.com/natural-selection-ii/3030-24324/"}, {"api_detail_url": "https://www.giantbomb.com/api/game/3030-47196/", "id": 47196, "name": "Natural Selection II: Combat", "site_detail_url": "https://www.giantbomb.com/natural-selection-ii-combat/3030-47196/"}]}, "version": "1.0"}