{"error": "OK", "limit": 1, "offset": 0, "number_of_page_results": 1, "number_of_total_results": 1, "status_code": 1, "results": {"games": [{"api_detail_url": "https://www.giantbomb.com/api/game/3030-20649/", "id": 20649, "name": "LostWinds", "site_detail_url": "https://www.giantbomb.com/lostwinds/3030-20649/"}, {"api_detail_url": "https://www.giantbomb.com/api/game/3030-25209/", "id": 25209, "name": "LostWinds: Winter of the Melodias", "site_detail_url": "https://www.giantbomb.com/lostwinds-winter-of-the-melodias/3030-25209/"}]}, "version": "1.0"}