{"error": "OK", "limit": 1, "offset": 0, "number_of_page_results": 1, "number_of_total_results": 1, "status_code": 1, "results": {"games": [{"api_detail_url": "https://www.giantbomb.com/api/game/3030-20575/", "id": 20575, "name": "Samba de Amigo", "site_detail_url": "https://www.giantbomb.com/samba-de-amigo/3030-20575/"}, {"api_detail_url": "https://www.giantbomb.com/api/game/3030-16519/", "id": 16519, "name": "Samba De Amigo", "site_detail_url": "https://www.giantbomb.com/samba-de-amigo/3030-16519/"}, {"api_detail_url": "https://www.giantbomb.com/api/game/3030-5169/", "id": 5169, "name": "Samba de Amigo ver. 2000", "site_detail_url": "https://www.giantbomb.com/samba-de-amigo-ver-2000/3030-5169/"}, {"api_detail_url": "https://www.giantbomb.com/api/game/3030-88434/", "id": 88434, "name": "Samba de Amigo: Party Central", "site_detail_url": "https://www.giantbomb.com/samba-de-amigo-party-central/3030-88434/"}]}, "version": "1.0"}