{"error": "OK", "limit": 1, "offset": 0, "number_of_page_results": 1, "number_of_total_results": 1, "status_code": 1, "results": {"games": [{"api_detail_url": "https://www.giantbomb.com/api/game/3030-22762/", "id": 22762, "name": "Jikkyou Powerful Pro Yakyuu 2001", "site_detail_url": "https://www.giantbomb.com/jikkyou-powerful-pro-yakyuu-2001/3030-22762/"}, {"api_detail_url": "https://www.giantbomb.com/api/game/3030-22758/", "id": 22758, "name": "Jikkyou Powerful Pro Yakyuu 5", "site_detail_url": "https://www.giantbomb.com/jikkyou-powerful-pro-yakyuu-5/3030-22758/"}, {"api_detail_url": "https://www.giantbomb.com/api/game/3030-22761/", "id": 22761, "name": "Jikkyou Powerful Pro Yakyuu 2000", "site_detail_url": "https://www.giantbomb.com/jikkyou-powerful-pro-yakyuu-2000/3030-22761/"}, {"api_detail_url": "https://www.giantbomb.com/api/game/3030-22759/", "id": 22759, "name": "Jikkyou Powerful Pro Yakyuu 6", "site_detail_url": "https://www.giantbomb.com/jikkyou-powerful-pro-yakyuu-6/3030-22759/"}, {"api_detail_url": "https://www.giantbomb.com/api/game/3030-22757/", "id": 22757, "name": "Jikkyou Powerful Pro Yakyuu 4", "site_detail_url": "https://www.giantbomb.com/jikkyou-powerful-pro-yakyuu-4/3030-22757/"}, {"api_detail_url": "https://www.giantbomb.com/api/game/3030-25265/", "id": 25265, "name": "Jikkyou Powerful Pro Yakyuu '94", "site_detail_url": "https://www.giantbomb.com/jikkyou-powerful-pro-yakyuu-94/3030-25265/"}, {"api_detail_url": "https://www.giantbomb.com/api/game/3030-25266/", "id": 25266, "name": "Jikkyou Powerful Pro Yakyuu 2", "site_detail_url": "https://www.giantbomb.com/jikkyou-powerful-pro-yakyuu-2/3030-25266/"}, {"api_detail_url": "https://www.giantbomb.com/api/game/3030-25267/", "id": 25267, "name": "Jikkyou Powerful Pro Yakyuu 3", "site_detail_url": "https://www.giantbomb.com/jikkyou-powerful-pro-yakyuu-3/3030-25267/"}, {"api_detail_url": "https://www.giantbomb.com/api/game/3030-25269/", "id": 25269, "name": "Jikkyou Powerful Pro Yakyuu 7", "site_detail_url": "https://www.giantbomb.com/jikkyou-powerful-pro-yakyuu-7/3030-25269/"}, {"api_detail_url": "https://www.giantbomb.com/api/game/3030-25270/", "id": 25270, "name": "Jikkyou Powerful Pro Yakyuu 8", "site_detail_url": "https://www.giantbomb.com/jikkyou-powerful-pro-yakyuu-8/3030-25270/"}, {"api_detail_url": "https://www.giantbomb.com/api/game/3030-25277/", "id": 25277, "name": "Jikkyou Powerful Pro Yakyuu 15", "site_detail_url": "https://www.giantbomb.com/jikkyou-powerful-pro-yakyuu-15/3030-25277/"}, {"api_detail_url": "https://www.giantbomb.com/api/game/3030-25276/", "id": 25276, "name": "Jikkyou Powerful Pro Yakyuu 14", "site_detail_url": "https://www.giantbomb.com/jikkyou-powerful-pro-yakyuu-14/3030-25276/"}, {"api_detail_url": "https://www.giantbomb.com/api/game/3030-25275/", "id": 25275, "name": "Jikkyou Powerful Pro Yakyuu 13", "site_detail_url": "https://www.giantbomb.com/jikkyou-powerful-pro-yakyuu-13/3030-25275/"}, {"api_detail_url": "https://www.giantbomb.com/api/game/3030-25274/", "id": 25274, "name": "Jikkyou Powerful Pro Yakyuu 12", "site_detail_url": "https://www.giantbomb.com/jikkyou-powerful-pro-yakyuu-12/3030-25274/"}, {"api_detail_url": "https://www.giantbomb.com/api/game/3030-25273/", "id": 25273, "name": "Jikkyou Powerful Pro Yakyuu 11", "site_detail_url": "https://www.giantbomb.com/jikkyou-powerful-pro-yakyuu-11/3030-25273/"}, {"api_detail_url": "https://www.giantbomb.com/api/game/3030-25272/", "id": 25272, "name": "Jikkyou Powerful Pro Yakyuu 10", "site_detail_url": "https://www.giantbomb.com/jikkyou-powerful-pro-yakyuu-10/3030-25272/"}, {"api_detail_url": "https://www.giantbomb.com/api/game/3030-25271/", "id": 25271, "name": "Jikkyou Powerful Pro Yakyuu 9", "site_detail_url": "https://www.giantbomb.com/jikkyou-powerful-pro-yakyuu-9/3030-25271/"}, {"api_detail_url": "https://www.giantbomb.com/api/game/3030-25278/", "id": 25278, "name": "Jikkyou Powerful Major League", "site_detail_url": "https://www.giantbomb.com/jikkyou-powerful-major-league/3030-25278/"}, {"api_detail_url": "https://www.giantbomb.com/api/game/3030-20687/", "id": 20687, "name": "MLB Power Pros 2008", "site_detail_url": "https://www.giantbomb.com/mlb-power-pros-2008/3030-20687/"}, {"api_detail_url": "https://www.giantbomb.com/api/game/3030-20686/", "id": 20686, "name": "MLB Power Pros", "site_detail_url": "https://www.giantbomb.com/mlb-power-pros/3030-20686/"}, {"api_detail_url": "https://www.giantbomb.com/api/game/3030-25356/", "id": 25356, "name": "Jikkyou Powerful Major League 2009", "site_detail_url": "https://www.giantbomb.com/jikkyou-powerful-major-league-2009/3030-25356/"}, {"api_detail_url": "https://www.giantbomb.com/api/game/3030-28477/", "id": 28477, "name": "Power Pro-Kun Pocket 12", "site_detail_url": "https://www.giantbomb.com/power-pro-kun-pocket-12/3030-28477/"}, {"api_detail_url": "https://www.giantbomb.com/api/game/3030-28196/", "id": 28196, "name": "Jikkyou Powerful Pro Yakyuu '96 Kaimaku Han", "site_detail_url": "https://www.giantbomb.com/jikkyou-powerful-pro-yakyuu-96-kaimaku-han/3030-28196/"}, {"api_detail_url": "https://www.giantbomb.com/api/game/3030-28195/", "id": 28195, "name": "Jikkyou Powerful Pro Yakyuu Basic '98", "site_detail_url": "https://www.giantbomb.com/jikkyou-powerful-pro-yakyuu-basic-98/3030-28195/"}, {"api_detail_url": "https://www.giantbomb.com/api/game/3030-36802/", "id": 36802, "name": "Jikkyou Powerful Pro Yakyuu 2010", "site_detail_url": "https://www.giantbomb.com/jikkyou-powerful-pro-yakyuu-2010/3030-36802/"}, {"api_detail_url": "https://www.giantbomb.com/api/game/3030-36756/", "id": 36756, "name": "Jikkyou Powerful Pro Baseball 2011", "site_detail_url": "https://www.giantbomb.com/jikkyou-powerful-pro-baseball-2011/3030-36756/"}, {"api_detail_url": "https://www.giantbomb.com/api/game/3030-37550/", "id": 37550, "name": "Jikkyou Powerful Pro Yakyuu 3 '97-Haru", "site_detail_url": "https://www.giantbomb.com/jikkyou-powerful-pro-yakyuu-3-97-haru/3030-37550/"}, {"api_detail_url": "https://www.giantbomb.com/api/game/3030-37802/", "id": 37802, "name": "Jikkyou Powerful Pro Yakyuu 2011 Ketteiban", "site_detail_url": "https://www.giantbomb.com/jikkyou-powerful-pro-yakyuu-2011-ketteiban/3030-37802/"}, {"api_detail_url": "https://www.giantbomb.com/api/game/3030-29674/", "id": 29674, "name": "Power Pro Success Legends", "site_detail_url": "https://www.giantbomb.com/power-pro-success-legends/3030-29674/"}, {"api_detail_url": "https://www.giantbomb.com/api/game/3030-38619/", "id": 38619, "name": "Jikkyou Powerful Pro Yakyuu 2012", "site_detail_url": "https://www.giantbomb.com/jikkyou-powerful-pro-yakyuu-2012/3030-38619/"}, {"api_detail_url": "https://www.giantbomb.com/api/game/3030-42955/", "id": 42955, "name": "Pawapuro Stadium", "site_detail_url": "https://www.giantbomb.com/pawapuro-stadium/3030-42955/"}, {"api_detail_url": "https://www.giantbomb.com/api/game/3030-43027/", "id": 43027, "name": "Jikkyou Powerful Pro Yakyuu 2013", "site_detail_url": "https://www.giantbomb.com/jikkyou-powerful-pro-yakyuu-2013/3030-43027/"}, {"api_detail_url": "https://www.giantbomb.com/api/game/3030-43097/", "id": 43097, "name": "Power Pro-Kun Pocket", "site_detail_url": "https://www.giantbomb.com/power-pro-kun-pocket/3030-43097/"}, {"api_detail_url": "https://www.giantbomb.com/api/game/3030-43098/", "id": 43098, "name": "Power Pro-Kun Pocket 2", "site_detail_url": "https://www.giantbomb.com/power-pro-kun-pocket-2/3030-43098/"}, {"api_detail_url": "https://www.giantbomb.com/api/game/3030-43099/", "id": 43099, "name": "Power Pro-Kun Pocket 3", "site_detail_url": "https://www.giantbomb.com/power-pro-kun-pocket-3/3030-43099/"}, {"api_detail_url": "https://www.giantbomb.com/api/game/3030-43100/", "id": 43100, "name": "Power Pro-Kun Pocket 1\u20222", "site_detail_url": "https://www.giantbomb.com/power-pro-kun-pocket-1-2/3030-43100/"}, {"api_detail_url": "https://www.giantbomb.com/api/game/3030-43101/", "id": 43101, "name": "Power Pro-Kun Pocket 14", "site_detail_url": "https://www.giantbomb.com/power-pro-kun-pocket-14/3030-43101/"}, {"api_detail_url": "https://www.giantbomb.com/api/game/3030-43102/", "id": 43102, "name": "Power Pro-Kun Pocket 4", "site_detail_url": "https://www.giantbomb.com/power-pro-kun-pocket-4/3030-43102/"}, {"api_detail_url": "https://www.giantbomb.com/api/game/3030-43103/", "id": 43103, "name": "Power Pro-Kun Pocket 5", "site_detail_url": "https://www.giantbomb.com/power-pro-kun-pocket-5/3030-43103/"}, {"api_detail_url": "https://www.giantbomb.com/api/game/3030-47741/", "id": 47741, "name": "Jikkyou Powerful Pro Yakyuu 2014", "site_detail_url": "https://www.giantbomb.com/jikkyou-powerful-pro-yakyuu-2014/3030-47741/"}, {"api_detail_url": "https://www.giantbomb.com/api/game/3030-51026/", "id": 51026, "name": "Jikkyou Powerful Pro Yakyuu 2016", "site_detail_url": "https://www.giantbomb.com/jikkyou-powerful-pro-yakyuu-2016/3030-51026/"}, {"api_detail_url": "https://www.giantbomb.com/api/game/3030-42267/", "id": 42267, "name": "Jikkyou Powerful Pro Yakyuu '95", "site_detail_url": "https://www.giantbomb.com/jikkyou-powerful-pro-yakyuu-95/3030-42267/"}, {"api_detail_url": "https://www.giantbomb.com/api/game/3030-55348/", "id": 55348, "name": "Jikkyou Powerful Pro Yakyuu Heroes", "site_detail_url": "https://www.giantbomb.com/jikkyou-powerful-pro-yakyuu-heroes/3030-55348/"}, {"api_detail_url": "https://www.giantbomb.com/api/game/3030-65606/", "id": 65606, "name": "Jikkyou Powerful Pro Yakyuu 2009", "site_detail_url": "https://www.giantbomb.com/jikkyou-powerful-pro-yakyuu-2009/3030-65606/"}, {"api_detail_url": "https://www.giantbomb.com/api/game/3030-65607/", "id": 65607, "name": "Power Pro-Kun Pocket 11", "site_detail_url": "https://www.giantbomb.com/power-prokun-pocket-11/3030-65607/"}, {"api_detail_url": "https://www.giantbomb.com/api/game/3030-65608/", "id": 65608, "name": "Power Pro-Kun Pocket 10", "site_detail_url": "https://www.giantbomb.com/power-prokun-pocket-10/3030-65608/"}, {"api_detail_url": "https://www.giantbomb.com/api/game/3030-65609/", "id": 65609, "name": "Power Pro-Kun Pocket 9", "site_detail_url": "https://www.giantbomb.com/power-prokun-pocket-9/3030-65609/"}, {"api_detail_url": "https://www.giantbomb.com/api/game/3030-65610/", "id": 65610, "name": "Atsumare! Power Pro-Kun no DS Koushien", "site_detail_url": "https://www.giantbomb.com/atsumare-power-prokun-no-ds-koushien/3030-65610/"}, {"api_detail_url": "https://www.giantbomb.com/api/game/3030-65611/", "id": 65611, "name": "Power Pro-Kun Pocket 8", "site_detail_url": "https://www.giantbomb.com/power-prokun-pocket-8/3030-65611/"}, {"api_detail_url": "https://www.giantbomb.com/api/game/3030-65612/", "id": 65612, "name": "Power Pocket Koushien", "site_detail_url": "https://www.giantbomb.com/power-pocket-koushien/3030-65612/"}, {"api_detail_url": "https://www.giantbomb.com/api/game/3030-65613/", "id": 65613, "name": "Jikkyou Powerful Pro Yakyuu Championship 2017", "site_detail_url": "https://www.giantbomb.com/jikkyou-powerful-pro-yakyuu-championship-2017/3030-65613/"}, {"api_detail_url": "https://www.giantbomb.com/api/game/3030-65614/", "id": 65614, "name": "Jikkyou Powerful Pro Yakyuu 2018", "site_detail_url": "https://www.giantbomb.com/jikkyou-powerful-pro-yakyuu-2018/3030-65614/"}, {"api_detail_url": "https://www.giantbomb.com/api/game/3030-65615/", "id": 65615, "name": "Power Pro-Kun Pocket 13", "site_detail_url": "https://www.giantbomb.com/power-prokun-pocket-13/3030-65615/"}, {"api_detail_url": "https://www.giantbomb.com/api/game/3030-65616/", "id": 65616, "name": "Nettou! Powerful Koushien", "site_detail_url": "https://www.giantbomb.com/nettou-powerful-koushien/3030-65616/"}, {"api_detail_url": "https://www.giantbomb.com/api/game/3030-66818/", "id": 66818, "name": "Jikkyou Powerful Pro Yakyuu: Success Special", "site_detail_url": "https://www.giantbomb.com/jikkyou-powerful-pro-yakyuu-success-special/3030-66818/"}, {"api_detail_url": "https://www.giantbomb.com/api/game/3030-67364/", "id": 67364, "name": "CR Nettou Power Pro-kun: Pachitte Chonmage Tatsujin", "site_detail_url": "https://www.giantbomb.com/cr-nettou-power-prokun-pachitte-chonmage-tatsujin/3030-67364/"}, {"api_detail_url": "https://www.giantbomb.com/api/game/3030-73514/", "id": 73514, "name": "Jikky\u014d Powerful Pro Yakkyu", "site_detail_url": "https://www.giantbomb.com/jikkyo-powerful-pro-yakkyu/3030-73514/"}, {"api_detail_url": "https://www.giantbomb.com/api/game/3030-77745/", "id": 77745, "name": "eBaseball Powerful Pro Yaky\u016b 2020", "site_detail_url": "https://www.giantbomb.com/ebaseball-powerful-pro-yakyu-2020/3030-77745/"}, {"api_detail_url": "https://www.giantbomb.com/api/game/3030-82212/", "id": 82212, "name": "Powerful Golf", "site_detail_url": "https://www.giantbomb.com/powerful-golf/3030-82212/"}, {"api_detail_url": "https://www.giantbomb.com/api/game/3030-83574/", "id": 83574, "name": "Power Pro World", "site_detail_url": "https://www.giantbomb.com/power-pro-world/3030-83574/"}, {"api_detail_url": "https://www.giantbomb.com/api/game/3030-84692/", "id": 84692, "name": "eBaseball Powerful Pro Yaky\u016b 2022", "site_detail_url": "https://www.giantbomb.com/ebaseball-powerful-pro-yakyu-2022/3030-84692/"}, {"api_detail_url": "https://www.giantbomb.com/api/game/3030-83063/", "id": 83063, "name": "Power Pro-Kun Pocket R", "site_detail_url": "https://www.giantbomb.com/power-pro-kun-pocket-r/3030-83063/"}, {"api_detail_url": "https://www.giantbomb.com/api/game/3030-86219/", "id": 86219, "name": "Jikkyou Powerful Pro Yakyuu Portable 2", "site_detail_url": "https://www.giantbomb.com/jikkyou-powerful-pro-yakyuu-portable-2/3030-86219/"}, {"api_detail_url": "https://www.giantbomb.com/api/game/3030-86218/", "id": 86218, "name": "Jikkyou Powerful Pro Yakyuu Portable", "site_detail_url": "https://www.giantbomb.com/jikkyou-powerful-pro-yakyuu-portable/3030-86218/"}, {"api_detail_url": "https://www.giantbomb.com/api/game/3030-86220/", "id": 86220, "name": "Jikkyou Powerful Pro Yakyuu Portable 3", "site_detail_url": "https://www.giantbomb.com/jikkyou-powerful-pro-yakyuu-portable-3/3030-86220/"}, {"api_detail_url": "https://www.giantbomb.com/api/game/3030-86221/", "id": 86221, "name": "Jikkyou Powerful Pro Yakyuu Portable 4", "site_detail_url": "https://www.giantbomb.com/jikkyou-powerful-pro-yakyuu-portable-4/3030-86221/"}, {"api_detail_url": "https://www.giantbomb.com/api/game/3030-88403/", "id": 88403, "name": "WBSC eBaseball: Power Pros", "site_detail_url": "https://www.giantbomb.com/wbsc-ebaseball-power-pros/3030-88403/"}]}, "version": "1.0"}