{"error": "OK", "limit": 1, "offset": 0, "number_of_page_results": 1, "number_of_total_results": 1, "status_code": 1, "results": {"games": [{"api_detail_url": "https://www.giantbomb.com/api/game/3030-13713/", "id": 13713, "name": "Screamer", "site_detail_url": "https://www.giantbomb.com/screamer/3030-13713/"}, {"api_detail_url": "https://www.giantbomb.com/api/game/3030-2825/", "id": 2825, "name": "Screamer 4x4", "site_detail_url": "https://www.giantbomb.com/screamer-4x4/3030-2825/"}, {"api_detail_url": "https://www.giantbomb.com/api/game/3030-12385/", "id": 12385, "name": "Screamer Rally", "site_detail_url": "https://www.giantbomb.com/screamer-rally/3030-12385/"}, {"api_detail_url": "https://www.giantbomb.com/api/game/3030-19376/", "id": 19376, "name": "Screamer 2", "site_detail_url": "https://www.giantbomb.com/screamer-2/3030-19376/"}]}, "version": "1.0"}