{"error": "OK", "limit": 1, "offset": 0, "number_of_page_results": 1, "number_of_total_results": 1, "status_code": 1, "results": {"games": [{"api_detail_url": "https://www.giantbomb.com/api/game/3030-4389/", "id": 4389, "name": "Red Orchestra: Ostfront 41-45", "site_detail_url": "https://www.giantbomb.com/red-orchestra-ostfront-41-45/3030-4389/"}, {"api_detail_url": "https://www.giantbomb.com/api/game/3030-26181/", "id": 26181, "name": "Red Orchestra 2: Heroes of Stalingrad", "site_detail_url": "https://www.giantbomb.com/red-orchestra-2-heroes-of-stalingrad/3030-26181/"}, {"api_detail_url": "https://www.giantbomb.com/api/game/3030-31362/", "id": 31362, "name": "Rising Storm", "site_detail_url": "https://www.giantbomb.com/rising-storm/3030-31362/"}, {"api_detail_url": "https://www.giantbomb.com/api/game/3030-50024/", "id": 50024, "name": "Rising Storm 2: Vietnam", "site_detail_url": "https://www.giantbomb.com/rising-storm-2-vietnam/3030-50024/"}]}, "version": "1.0"}