{"error": "OK", "limit": 1, "offset": 0, "number_of_page_results": 1, "number_of_total_results": 1, "status_code": 1, "results": {"games": [{"api_detail_url": "https://www.giantbomb.com/api/game/3030-24345/", "id": 24345, "name": "Kirarin Revolution: Minna de Odorou Furi Furi Debut!", "site_detail_url": "https://www.giantbomb.com/kirarin-revolution-minna-de-odorou-furi-furi-debut/3030-24345/"}, {"api_detail_url": "https://www.giantbomb.com/api/game/3030-24344/", "id": 24344, "name": "Kirarin Revolution: Kira Kira Idol Audition", "site_detail_url": "https://www.giantbomb.com/kirarin-revolution-kira-kira-idol-audition/3030-24344/"}, {"api_detail_url": "https://www.giantbomb.com/api/game/3030-24347/", "id": 24347, "name": "Kirarin Revolution: Mezase! Idol Queen", "site_detail_url": "https://www.giantbomb.com/kirarin-revolution-mezase-idol-queen/3030-24347/"}, {"api_detail_url": "https://www.giantbomb.com/api/game/3030-24348/", "id": 24348, "name": "Kirarin Revolution: Tsukutte Misechao! Kime Kira Stage", "site_detail_url": "https://www.giantbomb.com/kirarin-revolution-tsukutte-misechao-kime-kira-sta/3030-24348/"}, {"api_detail_url": "https://www.giantbomb.com/api/game/3030-24346/", "id": 24346, "name": "Kirarin Revolution: Naasan to Issho", "site_detail_url": "https://www.giantbomb.com/kirarin-revolution-naasan-to-issho/3030-24346/"}, {"api_detail_url": "https://www.giantbomb.com/api/game/3030-24933/", "id": 24933, "name": "Kirarin Revolution: Atsumete Change! Qurukira Coord", "site_detail_url": "https://www.giantbomb.com/kirarin-revolution-atsumete-change-qurukira-coord/3030-24933/"}]}, "version": "1.0"}