{"error": "OK", "limit": 1, "offset": 0, "number_of_page_results": 1, "number_of_total_results": 1, "status_code": 1, "results": {"games": [{"api_detail_url": "https://www.giantbomb.com/api/game/3030-18538/", "id": 18538, "name": "4x4 Evolution", "site_detail_url": "https://www.giantbomb.com/4x4-evolution/3030-18538/"}, {"api_detail_url": "https://www.giantbomb.com/api/game/3030-11346/", "id": 11346, "name": "4x4 Evo 2", "site_detail_url": "https://www.giantbomb.com/4x4-evo-2/3030-11346/"}]}, "version": "1.0"}