{"error": "OK", "limit": 1, "offset": 0, "number_of_page_results": 1, "number_of_total_results": 1, "status_code": 1, "results": {"games": [{"api_detail_url": "https://www.giantbomb.com/api/game/3030-1950/", "id": 1950, "name": "TinTin: Destination Adventure", "site_detail_url": "https://www.giantbomb.com/tintin-destination-adventure/3030-1950/"}, {"api_detail_url": "https://www.giantbomb.com/api/game/3030-4197/", "id": 4197, "name": "Tintin in Tibet", "site_detail_url": "https://www.giantbomb.com/tintin-in-tibet/3030-4197/"}, {"api_detail_url": "https://www.giantbomb.com/api/game/3030-5569/", "id": 5569, "name": "Tintin on the Moon", "site_detail_url": "https://www.giantbomb.com/tintin-on-the-moon/3030-5569/"}, {"api_detail_url": "https://www.giantbomb.com/api/game/3030-4186/", "id": 4186, "name": "The Adventures of Tintin: Prisoners of the Sun", "site_detail_url": "https://www.giantbomb.com/the-adventures-of-tintin-prisoners-of-the-sun/3030-4186/"}, {"api_detail_url": "https://www.giantbomb.com/api/game/3030-27175/", "id": 27175, "name": "The Adventures of Tintin", "site_detail_url": "https://www.giantbomb.com/the-adventures-of-tintin/3030-27175/"}]}, "version": "1.0"}