{"error": "OK", "limit": 1, "offset": 0, "number_of_page_results": 1, "number_of_total_results": 1, "status_code": 1, "results": {"games": [{"api_detail_url": "https://www.giantbomb.com/api/game/3030-23171/", "id": 23171, "name": "Cricket 07", "site_detail_url": "https://www.giantbomb.com/cricket-07/3030-23171/"}, {"api_detail_url": "https://www.giantbomb.com/api/game/3030-4431/", "id": 4431, "name": "Cricket 97", "site_detail_url": "https://www.giantbomb.com/cricket-97/3030-4431/"}, {"api_detail_url": "https://www.giantbomb.com/api/game/3030-12363/", "id": 12363, "name": "Cricket 2000", "site_detail_url": "https://www.giantbomb.com/cricket-2000/3030-12363/"}, {"api_detail_url": "https://www.giantbomb.com/api/game/3030-12329/", "id": 12329, "name": "Cricket 2004", "site_detail_url": "https://www.giantbomb.com/cricket-2004/3030-12329/"}, {"api_detail_url": "https://www.giantbomb.com/api/game/3030-13032/", "id": 13032, "name": "Cricket 2005", "site_detail_url": "https://www.giantbomb.com/cricket-2005/3030-13032/"}, {"api_detail_url": "https://www.giantbomb.com/api/game/3030-34865/", "id": 34865, "name": "Cricket 2002", "site_detail_url": "https://www.giantbomb.com/cricket-2002/3030-34865/"}, {"api_detail_url": "https://www.giantbomb.com/api/game/3030-19048/", "id": 19048, "name": "Cricket World Cup 99", "site_detail_url": "https://www.giantbomb.com/cricket-world-cup-99/3030-19048/"}, {"api_detail_url": "https://www.giantbomb.com/api/game/3030-19318/", "id": 19318, "name": "Cricket 96", "site_detail_url": "https://www.giantbomb.com/cricket-96/3030-19318/"}, {"api_detail_url": "https://www.giantbomb.com/api/game/3030-25475/", "id": 25475, "name": "Cricket 97: Ashes Tour Edition", "site_detail_url": "https://www.giantbomb.com/cricket-97-ashes-tour-edition/3030-25475/"}]}, "version": "1.0"}