{"error": "OK", "limit": 1, "offset": 0, "number_of_page_results": 1, "number_of_total_results": 1, "status_code": 1, "results": {"games": [{"api_detail_url": "https://www.giantbomb.com/api/game/3030-16236/", "id": 16236, "name": "TV Sports: Boxing", "site_detail_url": "https://www.giantbomb.com/tv-sports-boxing/3030-16236/"}, {"api_detail_url": "https://www.giantbomb.com/api/game/3030-4869/", "id": 4869, "name": "TV Sports Basketball", "site_detail_url": "https://www.giantbomb.com/tv-sports-basketball/3030-4869/"}, {"api_detail_url": "https://www.giantbomb.com/api/game/3030-15363/", "id": 15363, "name": "TV Sports: Football", "site_detail_url": "https://www.giantbomb.com/tv-sports-football/3030-15363/"}, {"api_detail_url": "https://www.giantbomb.com/api/game/3030-26553/", "id": 26553, "name": "TV Sports Hockey", "site_detail_url": "https://www.giantbomb.com/tv-sports-hockey/3030-26553/"}, {"api_detail_url": "https://www.giantbomb.com/api/game/3030-38255/", "id": 38255, "name": "Bo Jackson Baseball", "site_detail_url": "https://www.giantbomb.com/bo-jackson-baseball/3030-38255/"}]}, "version": "1.0"}