{"error": "OK", "limit": 1, "offset": 0, "number_of_page_results": 1, "number_of_total_results": 1, "status_code": 1, "results": {"games": [{"api_detail_url": "https://www.giantbomb.com/api/game/3030-3805/", "id": 3805, "name": "Legend of the River King", "site_detail_url": "https://www.giantbomb.com/legend-of-the-river-king/3030-3805/"}, {"api_detail_url": "https://www.giantbomb.com/api/game/3030-18654/", "id": 18654, "name": "Legend of the River King 2", "site_detail_url": "https://www.giantbomb.com/legend-of-the-river-king-2/3030-18654/"}, {"api_detail_url": "https://www.giantbomb.com/api/game/3030-21338/", "id": 21338, "name": "River King Mystic Valley", "site_detail_url": "https://www.giantbomb.com/river-king-mystic-valley/3030-21338/"}, {"api_detail_url": "https://www.giantbomb.com/api/game/3030-24703/", "id": 24703, "name": "River King A Wonderful Journey", "site_detail_url": "https://www.giantbomb.com/river-king-a-wonderful-journey/3030-24703/"}, {"api_detail_url": "https://www.giantbomb.com/api/game/3030-28246/", "id": 28246, "name": "Kawa no Nushi Tsuri 2", "site_detail_url": "https://www.giantbomb.com/kawa-no-nushi-tsuri-2/3030-28246/"}, {"api_detail_url": "https://www.giantbomb.com/api/game/3030-45940/", "id": 45940, "name": "Kawa no Nushi Tsuri", "site_detail_url": "https://www.giantbomb.com/kawa-no-nushi-tsuri/3030-45940/"}, {"api_detail_url": "https://www.giantbomb.com/api/game/3030-45941/", "id": 45941, "name": "Kawa no Nushi Tsuri 3&4", "site_detail_url": "https://www.giantbomb.com/kawa-no-nushi-tsuri-34/3030-45941/"}, {"api_detail_url": "https://www.giantbomb.com/api/game/3030-45942/", "id": 45942, "name": "Kawa no Nushi Tsuri 5: Fushigi no Mori Kawa", "site_detail_url": "https://www.giantbomb.com/kawa-no-nushi-tsuri-5-fushigi-no-mori-kawa/3030-45942/"}, {"api_detail_url": "https://www.giantbomb.com/api/game/3030-45943/", "id": 45943, "name": "Kawa no Nushi Tsuri: Hikyou o Motomete", "site_detail_url": "https://www.giantbomb.com/kawa-no-nushi-tsuri-hikyou-o-motomete/3030-45943/"}, {"api_detail_url": "https://www.giantbomb.com/api/game/3030-45944/", "id": 45944, "name": "Kawa no Nushi Tsuri: Shizenha", "site_detail_url": "https://www.giantbomb.com/kawa-no-nushi-tsuri-shizenha/3030-45944/"}]}, "version": "1.0"}