{"error": "OK", "limit": 1, "offset": 0, "number_of_page_results": 1, "number_of_total_results": 1, "status_code": 1, "results": {"games": [{"api_detail_url": "https://www.giantbomb.com/api/game/3030-20120/", "id": 20120, "name": "Advanced Ski Simulator", "site_detail_url": "https://www.giantbomb.com/advanced-ski-simulator/3030-20120/"}, {"api_detail_url": "https://www.giantbomb.com/api/game/3030-13854/", "id": 13854, "name": "BMX Simulator", "site_detail_url": "https://www.giantbomb.com/bmx-simulator/3030-13854/"}, {"api_detail_url": "https://www.giantbomb.com/api/game/3030-10408/", "id": 10408, "name": "ATV Simulator", "site_detail_url": "https://www.giantbomb.com/atv-simulator/3030-10408/"}, {"api_detail_url": "https://www.giantbomb.com/api/game/3030-7463/", "id": 7463, "name": "Pro Boxing Simulator", "site_detail_url": "https://www.giantbomb.com/pro-boxing-simulator/3030-7463/"}, {"api_detail_url": "https://www.giantbomb.com/api/game/3030-14175/", "id": 14175, "name": "Pro Skateboard Simulator", "site_detail_url": "https://www.giantbomb.com/pro-skateboard-simulator/3030-14175/"}, {"api_detail_url": "https://www.giantbomb.com/api/game/3030-19844/", "id": 19844, "name": "Advanced Pinball Simulator", "site_detail_url": "https://www.giantbomb.com/advanced-pinball-simulator/3030-19844/"}, {"api_detail_url": "https://www.giantbomb.com/api/game/3030-3425/", "id": 3425, "name": "International Rugby Simulator", "site_detail_url": "https://www.giantbomb.com/international-rugby-simulator/3030-3425/"}, {"api_detail_url": "https://www.giantbomb.com/api/game/3030-20152/", "id": 20152, "name": "Super Tank Simulator", "site_detail_url": "https://www.giantbomb.com/super-tank-simulator/3030-20152/"}, {"api_detail_url": "https://www.giantbomb.com/api/game/3030-5615/", "id": 5615, "name": "Grand Prix Simulator", "site_detail_url": "https://www.giantbomb.com/grand-prix-simulator/3030-5615/"}, {"api_detail_url": "https://www.giantbomb.com/api/game/3030-13201/", "id": 13201, "name": "Grand Prix Simulator 2", "site_detail_url": "https://www.giantbomb.com/grand-prix-simulator-2/3030-13201/"}, {"api_detail_url": "https://www.giantbomb.com/api/game/3030-13496/", "id": 13496, "name": "Pro Powerboat Simulator", "site_detail_url": "https://www.giantbomb.com/pro-powerboat-simulator/3030-13496/"}, {"api_detail_url": "https://www.giantbomb.com/api/game/3030-17332/", "id": 17332, "name": "Pro Tennis Simulator", "site_detail_url": "https://www.giantbomb.com/pro-tennis-simulator/3030-17332/"}, {"api_detail_url": "https://www.giantbomb.com/api/game/3030-23799/", "id": 23799, "name": "Professional Ski Simulator", "site_detail_url": "https://www.giantbomb.com/professional-ski-simulator/3030-23799/"}, {"api_detail_url": "https://www.giantbomb.com/api/game/3030-23758/", "id": 23758, "name": "Fruit Machine Simulator 2", "site_detail_url": "https://www.giantbomb.com/fruit-machine-simulator-2/3030-23758/"}, {"api_detail_url": "https://www.giantbomb.com/api/game/3030-62359/", "id": 62359, "name": "Advanced Rugby Simulator", "site_detail_url": "https://www.giantbomb.com/advanced-rugby-simulator/3030-62359/"}, {"api_detail_url": "https://www.giantbomb.com/api/game/3030-81057/", "id": 81057, "name": "Pub Trivia Simulator", "site_detail_url": "https://www.giantbomb.com/pub-trivia-simulator/3030-81057/"}, {"api_detail_url": "https://www.giantbomb.com/api/game/3030-75465/", "id": 75465, "name": "BMX Simulator 2", "site_detail_url": "https://www.giantbomb.com/bmx-simulator-2/3030-75465/"}, {"api_detail_url": "https://www.giantbomb.com/api/game/3030-23415/", "id": 23415, "name": "Jet Bike Simulator", "site_detail_url": "https://www.giantbomb.com/jet-bike-simulator/3030-23415/"}, {"api_detail_url": "https://www.giantbomb.com/api/game/3030-23606/", "id": 23606, "name": "Fruit Machine Simulator", "site_detail_url": "https://www.giantbomb.com/fruit-machine-simulator/3030-23606/"}, {"api_detail_url": "https://www.giantbomb.com/api/game/3030-88692/", "id": 88692, "name": "Arcade Flight Simulator", "site_detail_url": "https://www.giantbomb.com/arcade-flight-simulator/3030-88692/"}, {"api_detail_url": "https://www.giantbomb.com/api/game/3030-88695/", "id": 88695, "name": "Tournament Snooker", "site_detail_url": "https://www.giantbomb.com/tournament-snooker/3030-88695/"}]}, "version": "1.0"}