{"error": "OK", "limit": 1, "offset": 0, "number_of_page_results": 1, "number_of_total_results": 1, "status_code": 1, "results": {"games": [{"api_detail_url": "https://www.giantbomb.com/api/game/3030-24669/", "id": 24669, "name": "In the Groove 2", "site_detail_url": "https://www.giantbomb.com/in-the-groove-2/3030-24669/"}, {"api_detail_url": "https://www.giantbomb.com/api/game/3030-23832/", "id": 23832, "name": "In the Groove", "site_detail_url": "https://www.giantbomb.com/in-the-groove/3030-23832/"}]}, "version": "1.0"}