{"error": "OK", "limit": 1, "offset": 0, "number_of_page_results": 1, "number_of_total_results": 1, "status_code": 1, "results": {"games": [{"api_detail_url": "https://www.giantbomb.com/api/game/3030-17089/", "id": 17089, "name": "Dragon Knight", "site_detail_url": "https://www.giantbomb.com/dragon-knight/3030-17089/"}, {"api_detail_url": "https://www.giantbomb.com/api/game/3030-4293/", "id": 4293, "name": "Dragon Knight II", "site_detail_url": "https://www.giantbomb.com/dragon-knight-ii/3030-4293/"}, {"api_detail_url": "https://www.giantbomb.com/api/game/3030-5953/", "id": 5953, "name": "Dragon Knight 4", "site_detail_url": "https://www.giantbomb.com/dragon-knight-4/3030-5953/"}, {"api_detail_url": "https://www.giantbomb.com/api/game/3030-7815/", "id": 7815, "name": "Knights of Xentar", "site_detail_url": "https://www.giantbomb.com/knights-of-xentar/3030-7815/"}, {"api_detail_url": "https://www.giantbomb.com/api/game/3030-60958/", "id": 60958, "name": "Dragon Knight & Graffiti", "site_detail_url": "https://www.giantbomb.com/dragon-knight-and-graffiti/3030-60958/"}]}, "version": "1.0"}