{"error": "OK", "limit": 1, "offset": 0, "number_of_page_results": 1, "number_of_total_results": 1, "status_code": 1, "results": {"games": [{"api_detail_url": "https://www.giantbomb.com/api/game/3030-6011/", "id": 6011, "name": "Densha de Go! EX", "site_detail_url": "https://www.giantbomb.com/densha-de-go-ex/3030-6011/"}, {"api_detail_url": "https://www.giantbomb.com/api/game/3030-6616/", "id": 6616, "name": "Densha de Go! Nagoya Railroad", "site_detail_url": "https://www.giantbomb.com/densha-de-go-nagoya-railroad/3030-6616/"}, {"api_detail_url": "https://www.giantbomb.com/api/game/3030-7590/", "id": 7590, "name": "Densha de Go!", "site_detail_url": "https://www.giantbomb.com/densha-de-go/3030-7590/"}, {"api_detail_url": "https://www.giantbomb.com/api/game/3030-15597/", "id": 15597, "name": "Densha de Go! 2 3000", "site_detail_url": "https://www.giantbomb.com/densha-de-go-2-3000/3030-15597/"}, {"api_detail_url": "https://www.giantbomb.com/api/game/3030-18862/", "id": 18862, "name": "Densha de Go! 2", "site_detail_url": "https://www.giantbomb.com/densha-de-go-2/3030-18862/"}, {"api_detail_url": "https://www.giantbomb.com/api/game/3030-22832/", "id": 22832, "name": "Densha de Go! 64", "site_detail_url": "https://www.giantbomb.com/densha-de-go-64/3030-22832/"}, {"api_detail_url": "https://www.giantbomb.com/api/game/3030-31111/", "id": 31111, "name": "Densha de Go! Tokubetsu-hen: Fukkatsu Shouwa no Yamanotesen", "site_detail_url": "https://www.giantbomb.com/densha-de-go-tokubetsu-hen-fukkatsu-shouwa-no-yama/3030-31111/"}, {"api_detail_url": "https://www.giantbomb.com/api/game/3030-41883/", "id": 41883, "name": "Densha de Go! Ryojouhen", "site_detail_url": "https://www.giantbomb.com/densha-de-go-ryojouhen/3030-41883/"}, {"api_detail_url": "https://www.giantbomb.com/api/game/3030-41881/", "id": 41881, "name": "Densha de Go! Shinkansen Sanyou Shinkansen-hen", "site_detail_url": "https://www.giantbomb.com/densha-de-go-shinkansen-sanyou-shinkansen-hen/3030-41881/"}, {"api_detail_url": "https://www.giantbomb.com/api/game/3030-41882/", "id": 41882, "name": "Densha de Go! Final", "site_detail_url": "https://www.giantbomb.com/densha-de-go-final/3030-41882/"}, {"api_detail_url": "https://www.giantbomb.com/api/game/3030-41890/", "id": 41890, "name": "Densha de GO! Professional", "site_detail_url": "https://www.giantbomb.com/densha-de-go-professional/3030-41890/"}, {"api_detail_url": "https://www.giantbomb.com/api/game/3030-41895/", "id": 41895, "name": "Densha de Go! Professional 2", "site_detail_url": "https://www.giantbomb.com/densha-de-go-professional-2/3030-41895/"}, {"api_detail_url": "https://www.giantbomb.com/api/game/3030-41889/", "id": 41889, "name": "Densha de Go! 3 Tsuukinhen", "site_detail_url": "https://www.giantbomb.com/densha-de-go-3-tsuukinhen/3030-41889/"}, {"api_detail_url": "https://www.giantbomb.com/api/game/3030-36691/", "id": 36691, "name": "Densha de Go! 2", "site_detail_url": "https://www.giantbomb.com/densha-de-go-2/3030-36691/"}, {"api_detail_url": "https://www.giantbomb.com/api/game/3030-36690/", "id": 36690, "name": "Densha de Go!", "site_detail_url": "https://www.giantbomb.com/densha-de-go/3030-36690/"}, {"api_detail_url": "https://www.giantbomb.com/api/game/3030-40484/", "id": 40484, "name": "Densha de Go! Pocket", "site_detail_url": "https://www.giantbomb.com/densha-de-go-pocket/3030-40484/"}, {"api_detail_url": "https://www.giantbomb.com/api/game/3030-34346/", "id": 34346, "name": "Train Simulator + Densha de Go!: T\u014dky\u014d Ky\u016bk\u014d-hen", "site_detail_url": "https://www.giantbomb.com/train-simulator-densha-de-go-tokyo-kyuko-hen/3030-34346/"}, {"api_detail_url": "https://www.giantbomb.com/api/game/3030-22426/", "id": 22426, "name": "Mobile Train Simulator + Densha de Go!: T\u014dky\u014d Ky\u016bk\u014d-hen", "site_detail_url": "https://www.giantbomb.com/mobile-train-simulator-densha-de-go-tokyo-kyuko-he/3030-22426/"}, {"api_detail_url": "https://www.giantbomb.com/api/game/3030-81450/", "id": 81450, "name": "Densha de Go Hashirou Yamanote-Sen", "site_detail_url": "https://www.giantbomb.com/densha-de-go-hashirou-yamanote-sen/3030-81450/"}, {"api_detail_url": "https://www.giantbomb.com/api/game/3030-81609/", "id": 81609, "name": "Densha de Go!! Hashir\u014d Yamanote-sen", "site_detail_url": "https://www.giantbomb.com/densha-de-go-hashiro-yamanote-sen/3030-81609/"}, {"api_detail_url": "https://www.giantbomb.com/api/game/3030-81611/", "id": 81611, "name": "Densha de Go!!", "site_detail_url": "https://www.giantbomb.com/densha-de-go/3030-81611/"}, {"api_detail_url": "https://www.giantbomb.com/api/game/3030-81612/", "id": 81612, "name": "Densha de Go!! Kids", "site_detail_url": "https://www.giantbomb.com/densha-de-go-kids/3030-81612/"}, {"api_detail_url": "https://www.giantbomb.com/api/game/3030-41845/", "id": 41845, "name": "Kisha de Go!", "site_detail_url": "https://www.giantbomb.com/kisha-de-go/3030-41845/"}, {"api_detail_url": "https://www.giantbomb.com/api/game/3030-86997/", "id": 86997, "name": "Card de Renketsu! Densha de Go!", "site_detail_url": "https://www.giantbomb.com/card-de-renketsu-densha-de-go/3030-86997/"}]}, "version": "1.0"}