{"error": "OK", "limit": 1, "offset": 0, "number_of_page_results": 1, "number_of_total_results": 1, "status_code": 1, "results": {"games": [{"api_detail_url": "https://www.giantbomb.com/api/game/3030-23467/", "id": 23467, "name": "Hiiro no Kakera", "site_detail_url": "https://www.giantbomb.com/hiiro-no-kakera/3030-23467/"}, {"api_detail_url": "https://www.giantbomb.com/api/game/3030-23967/", "id": 23967, "name": "Hiiro no Kakera DS", "site_detail_url": "https://www.giantbomb.com/hiiro-no-kakera-ds/3030-23967/"}, {"api_detail_url": "https://www.giantbomb.com/api/game/3030-23968/", "id": 23968, "name": "Hiiro no Kakera: Ano Sora no Shita de", "site_detail_url": "https://www.giantbomb.com/hiiro-no-kakera-ano-sora-no-shita-de/3030-23968/"}, {"api_detail_url": "https://www.giantbomb.com/api/game/3030-36758/", "id": 36758, "name": "Hiiro no Kakera Aizouban ~Akaneiro no Tsuioku~", "site_detail_url": "https://www.giantbomb.com/hiiro-no-kakera-aizouban-akaneiro-no-tsuioku/3030-36758/"}]}, "version": "1.0"}