{"error": "OK", "limit": 1, "offset": 0, "number_of_page_results": 1, "number_of_total_results": 1, "status_code": 1, "results": {"games": [{"api_detail_url": "https://www.giantbomb.com/api/game/3030-21776/", "id": 21776, "name": "Roogoo", "site_detail_url": "https://www.giantbomb.com/roogoo/3030-21776/"}, {"api_detail_url": "https://www.giantbomb.com/api/game/3030-25867/", "id": 25867, "name": "Roogoo: Twisted Towers", "site_detail_url": "https://www.giantbomb.com/roogoo-twisted-towers/3030-25867/"}, {"api_detail_url": "https://www.giantbomb.com/api/game/3030-25868/", "id": 25868, "name": "Roogoo Attack", "site_detail_url": "https://www.giantbomb.com/roogoo-attack/3030-25868/"}]}, "version": "1.0"}