{"error": "OK", "limit": 1, "offset": 0, "number_of_page_results": 1, "number_of_total_results": 1, "status_code": 1, "results": {"games": [{"api_detail_url": "https://www.giantbomb.com/api/game/3030-23839/", "id": 23839, "name": "Devil Kings", "site_detail_url": "https://www.giantbomb.com/devil-kings/3030-23839/"}, {"api_detail_url": "https://www.giantbomb.com/api/game/3030-23885/", "id": 23885, "name": "Sengoku Basara 2 Heroes", "site_detail_url": "https://www.giantbomb.com/sengoku-basara-2-heroes/3030-23885/"}, {"api_detail_url": "https://www.giantbomb.com/api/game/3030-23886/", "id": 23886, "name": "Sengoku Basara 2", "site_detail_url": "https://www.giantbomb.com/sengoku-basara-2/3030-23886/"}, {"api_detail_url": "https://www.giantbomb.com/api/game/3030-21367/", "id": 21367, "name": "Sengoku Basara X", "site_detail_url": "https://www.giantbomb.com/sengoku-basara-x/3030-21367/"}, {"api_detail_url": "https://www.giantbomb.com/api/game/3030-23946/", "id": 23946, "name": "Sengoku Basara: Battle Heroes", "site_detail_url": "https://www.giantbomb.com/sengoku-basara-battle-heroes/3030-23946/"}, {"api_detail_url": "https://www.giantbomb.com/api/game/3030-27210/", "id": 27210, "name": "Sengoku Basara: Samurai Heroes", "site_detail_url": "https://www.giantbomb.com/sengoku-basara-samurai-heroes/3030-27210/"}, {"api_detail_url": "https://www.giantbomb.com/api/game/3030-35701/", "id": 35701, "name": "Sengoku Basara Chronicle Heroes", "site_detail_url": "https://www.giantbomb.com/sengoku-basara-chronicle-heroes/3030-35701/"}, {"api_detail_url": "https://www.giantbomb.com/api/game/3030-37103/", "id": 37103, "name": "Sengoku Basara 3 Utage", "site_detail_url": "https://www.giantbomb.com/sengoku-basara-3-utage/3030-37103/"}, {"api_detail_url": "https://www.giantbomb.com/api/game/3030-38478/", "id": 38478, "name": "Sengoku Basara HD Collection", "site_detail_url": "https://www.giantbomb.com/sengoku-basara-hd-collection/3030-38478/"}, {"api_detail_url": "https://www.giantbomb.com/api/game/3030-42108/", "id": 42108, "name": "Sengoku Basara 4", "site_detail_url": "https://www.giantbomb.com/sengoku-basara-4/3030-42108/"}, {"api_detail_url": "https://www.giantbomb.com/api/game/3030-48619/", "id": 48619, "name": "Sengoku Basara 4 Sumeragi", "site_detail_url": "https://www.giantbomb.com/sengoku-basara-4-sumeragi/3030-48619/"}, {"api_detail_url": "https://www.giantbomb.com/api/game/3030-51932/", "id": 51932, "name": "Sengoku Basara: Sanada Yukimura-Den", "site_detail_url": "https://www.giantbomb.com/sengoku-basara-sanada-yukimura-den/3030-51932/"}]}, "version": "1.0"}