{"error": "OK", "limit": 1, "offset": 0, "number_of_page_results": 1, "number_of_total_results": 1, "status_code": 1, "results": {"games": [{"api_detail_url": "https://www.giantbomb.com/api/game/3030-20602/", "id": 20602, "name": "LittleBigPlanet", "site_detail_url": "https://www.giantbomb.com/littlebigplanet/3030-20602/"}, {"api_detail_url": "https://www.giantbomb.com/api/game/3030-25422/", "id": 25422, "name": "LittleBigPlanet", "site_detail_url": "https://www.giantbomb.com/littlebigplanet/3030-25422/"}, {"api_detail_url": "https://www.giantbomb.com/api/game/3030-33204/", "id": 33204, "name": "Sackboy's Prehistoric Moves", "site_detail_url": "https://www.giantbomb.com/sackboys-prehistoric-moves/3030-33204/"}, {"api_detail_url": "https://www.giantbomb.com/api/game/3030-35562/", "id": 35562, "name": "LittleBigPlanet PS Vita", "site_detail_url": "https://www.giantbomb.com/littlebigplanet-ps-vita/3030-35562/"}, {"api_detail_url": "https://www.giantbomb.com/api/game/3030-43635/", "id": 43635, "name": "LittleBigPlanet HUB", "site_detail_url": "https://www.giantbomb.com/littlebigplanet-hub/3030-43635/"}, {"api_detail_url": "https://www.giantbomb.com/api/game/3030-46567/", "id": 46567, "name": "LittleBigPlanet 3", "site_detail_url": "https://www.giantbomb.com/littlebigplanet-3/3030-46567/"}, {"api_detail_url": "https://www.giantbomb.com/api/game/3030-47781/", "id": 47781, "name": "Run SackBoy! Run!", "site_detail_url": "https://www.giantbomb.com/run-sackboy-run/3030-47781/"}, {"api_detail_url": "https://www.giantbomb.com/api/game/3030-31214/", "id": 31214, "name": "LittleBigPlanet 2", "site_detail_url": "https://www.giantbomb.com/littlebigplanet-2/3030-31214/"}, {"api_detail_url": "https://www.giantbomb.com/api/game/3030-37441/", "id": 37441, "name": "LittleBigPlanet Karting", "site_detail_url": "https://www.giantbomb.com/littlebigplanet-karting/3030-37441/"}, {"api_detail_url": "https://www.giantbomb.com/api/game/3030-78956/", "id": 78956, "name": "Sackboy: A Big Adventure", "site_detail_url": "https://www.giantbomb.com/sackboy-a-big-adventure/3030-78956/"}, {"api_detail_url": "https://www.giantbomb.com/api/game/3030-88763/", "id": 88763, "name": "Ultimate Sackboy", "site_detail_url": "https://www.giantbomb.com/ultimate-sackboy/3030-88763/"}]}, "version": "1.0"}