{"error": "OK", "limit": 1, "offset": 0, "number_of_page_results": 1, "number_of_total_results": 1, "status_code": 1, "results": {"games": [{"api_detail_url": "https://www.giantbomb.com/api/game/3030-7045/", "id": 7045, "name": "Tengai Makyou: Daiyon no Mokushiroku: The Apocalypse IV", "site_detail_url": "https://www.giantbomb.com/tengai-makyou-daiyon-no-mokushiroku-the-apocalypse/3030-7045/"}, {"api_detail_url": "https://www.giantbomb.com/api/game/3030-5171/", "id": 5171, "name": "Tengai Makyou III: Namida", "site_detail_url": "https://www.giantbomb.com/tengai-makyou-iii-namida/3030-5171/"}, {"api_detail_url": "https://www.giantbomb.com/api/game/3030-4303/", "id": 4303, "name": "Tengai Makyou: Fuun Kabuki Den", "site_detail_url": "https://www.giantbomb.com/tengai-makyou-fuun-kabuki-den/3030-4303/"}, {"api_detail_url": "https://www.giantbomb.com/api/game/3030-23450/", "id": 23450, "name": "Tengai Makyou: Ziria", "site_detail_url": "https://www.giantbomb.com/tengai-makyou-ziria/3030-23450/"}, {"api_detail_url": "https://www.giantbomb.com/api/game/3030-3928/", "id": 3928, "name": "Tengai Makyou II: Manjimaru", "site_detail_url": "https://www.giantbomb.com/tengai-makyou-ii-manjimaru/3030-3928/"}, {"api_detail_url": "https://www.giantbomb.com/api/game/3030-4832/", "id": 4832, "name": "Kabuki Klash", "site_detail_url": "https://www.giantbomb.com/kabuki-klash/3030-4832/"}, {"api_detail_url": "https://www.giantbomb.com/api/game/3030-15375/", "id": 15375, "name": "Tengai Makyou Zero", "site_detail_url": "https://www.giantbomb.com/tengai-makyou-zero/3030-15375/"}, {"api_detail_url": "https://www.giantbomb.com/api/game/3030-28102/", "id": 28102, "name": "Kabuki Ittou Ryoudan", "site_detail_url": "https://www.giantbomb.com/kabuki-ittou-ryoudan/3030-28102/"}, {"api_detail_url": "https://www.giantbomb.com/api/game/3030-28104/", "id": 28104, "name": "Tengai Makyou: Karakuri Kakutoden", "site_detail_url": "https://www.giantbomb.com/tengai-makyou-karakuri-kakutoden/3030-28104/"}, {"api_detail_url": "https://www.giantbomb.com/api/game/3030-4977/", "id": 4977, "name": "Oriental Blue: Ao no Tengai", "site_detail_url": "https://www.giantbomb.com/oriental-blue-ao-no-tengai/3030-4977/"}, {"api_detail_url": "https://www.giantbomb.com/api/game/3030-40195/", "id": 40195, "name": "Same Game + Tengai Makyou Zero Jikei", "site_detail_url": "https://www.giantbomb.com/same-game-tengai-makyou-zero-jikei/3030-40195/"}, {"api_detail_url": "https://www.giantbomb.com/api/game/3030-43943/", "id": 43943, "name": "Tengai Makyou Ziria: Harukanaru Jipang", "site_detail_url": "https://www.giantbomb.com/tengai-makyou-ziria-harukanaru-jipang/3030-43943/"}, {"api_detail_url": "https://www.giantbomb.com/api/game/3030-43947/", "id": 43947, "name": "Tengai Makyou Collection", "site_detail_url": "https://www.giantbomb.com/tengai-makyou-collection/3030-43947/"}, {"api_detail_url": "https://www.giantbomb.com/api/game/3030-43971/", "id": 43971, "name": "Tengai Makyou Jipang 7", "site_detail_url": "https://www.giantbomb.com/tengai-makyou-jipang-7/3030-43971/"}, {"api_detail_url": "https://www.giantbomb.com/api/game/3030-44005/", "id": 44005, "name": "Tengai Makyou: Deden no Den", "site_detail_url": "https://www.giantbomb.com/tengai-makyou-deden-no-den/3030-44005/"}]}, "version": "1.0"}