{"error": "OK", "limit": 1, "offset": 0, "number_of_page_results": 1, "number_of_total_results": 1, "status_code": 1, "results": {"games": [{"api_detail_url": "https://www.giantbomb.com/api/game/3030-10487/", "id": 10487, "name": "Brandish", "site_detail_url": "https://www.giantbomb.com/brandish/3030-10487/"}, {"api_detail_url": "https://www.giantbomb.com/api/game/3030-17087/", "id": 17087, "name": "Brandish 2: The Planet Buster", "site_detail_url": "https://www.giantbomb.com/brandish-2-the-planet-buster/3030-17087/"}, {"api_detail_url": "https://www.giantbomb.com/api/game/3030-25293/", "id": 25293, "name": "Brandish: The Dark Revenant", "site_detail_url": "https://www.giantbomb.com/brandish-the-dark-revenant/3030-25293/"}, {"api_detail_url": "https://www.giantbomb.com/api/game/3030-27505/", "id": 27505, "name": "Brandish 3: Spirit of Balcan", "site_detail_url": "https://www.giantbomb.com/brandish-3-spirit-of-balcan/3030-27505/"}, {"api_detail_url": "https://www.giantbomb.com/api/game/3030-27506/", "id": 27506, "name": "Brandish VT", "site_detail_url": "https://www.giantbomb.com/brandish-vt/3030-27506/"}, {"api_detail_url": "https://www.giantbomb.com/api/game/3030-69306/", "id": 69306, "name": "Brandish 4: Nemureru Kami no Tou", "site_detail_url": "https://www.giantbomb.com/brandish-4-nemureru-kami-no-tou/3030-69306/"}]}, "version": "1.0"}