{"error": "OK", "limit": 1, "offset": 0, "number_of_page_results": 1, "number_of_total_results": 1, "status_code": 1, "results": {"games": [{"api_detail_url": "https://www.giantbomb.com/api/game/3030-20846/", "id": 20846, "name": "Kidz Sports Basketball", "site_detail_url": "https://www.giantbomb.com/kidz-sports-basketball/3030-20846/"}, {"api_detail_url": "https://www.giantbomb.com/api/game/3030-27547/", "id": 27547, "name": "Kidz Sports: Ice Hockey", "site_detail_url": "https://www.giantbomb.com/kidz-sports-ice-hockey/3030-27547/"}, {"api_detail_url": "https://www.giantbomb.com/api/game/3030-27548/", "id": 27548, "name": "Kidz Sports: International Soccer", "site_detail_url": "https://www.giantbomb.com/kidz-sports-international-soccer/3030-27548/"}, {"api_detail_url": "https://www.giantbomb.com/api/game/3030-27549/", "id": 27549, "name": "Kidz Sports: Baseball", "site_detail_url": "https://www.giantbomb.com/kidz-sports-baseball/3030-27549/"}, {"api_detail_url": "https://www.giantbomb.com/api/game/3030-29458/", "id": 29458, "name": "Crazy Mini Golf 2", "site_detail_url": "https://www.giantbomb.com/crazy-mini-golf-2/3030-29458/"}, {"api_detail_url": "https://www.giantbomb.com/api/game/3030-26761/", "id": 26761, "name": "Kidz Sports: Crazy Golf", "site_detail_url": "https://www.giantbomb.com/kidz-sports-crazy-golf/3030-26761/"}]}, "version": "1.0"}