{"error": "OK", "limit": 1, "offset": 0, "number_of_page_results": 1, "number_of_total_results": 1, "status_code": 1, "results": {"games": [{"api_detail_url": "https://www.giantbomb.com/api/game/3030-21777/", "id": 21777, "name": "LifeSigns:  Surgical Unit", "site_detail_url": "https://www.giantbomb.com/lifesigns-surgical-unit/3030-21777/"}, {"api_detail_url": "https://www.giantbomb.com/api/game/3030-25628/", "id": 25628, "name": "Kenshuui Tendo Dokuta", "site_detail_url": "https://www.giantbomb.com/kenshuui-tendo-dokuta/3030-25628/"}]}, "version": "1.0"}