{"error": "OK", "limit": 1, "offset": 0, "number_of_page_results": 1, "number_of_total_results": 1, "status_code": 1, "results": {"games": [{"api_detail_url": "https://www.giantbomb.com/api/game/3030-4586/", "id": 4586, "name": "Jump Start Adventures 4th Grade", "site_detail_url": "https://www.giantbomb.com/jump-start-adventures-4th-grade/3030-4586/"}, {"api_detail_url": "https://www.giantbomb.com/api/game/3030-12258/", "id": 12258, "name": "Jump Start 2nd Grade", "site_detail_url": "https://www.giantbomb.com/jump-start-2nd-grade/3030-12258/"}, {"api_detail_url": "https://www.giantbomb.com/api/game/3030-2548/", "id": 2548, "name": "Jump Start Adventures 5th Grade", "site_detail_url": "https://www.giantbomb.com/jump-start-adventures-5th-grade/3030-2548/"}, {"api_detail_url": "https://www.giantbomb.com/api/game/3030-10691/", "id": 10691, "name": "Jump Start Adventures 3rd Grade", "site_detail_url": "https://www.giantbomb.com/jump-start-adventures-3rd-grade/3030-10691/"}, {"api_detail_url": "https://www.giantbomb.com/api/game/3030-4754/", "id": 4754, "name": "Jump Start: Animal Adventures", "site_detail_url": "https://www.giantbomb.com/jump-start-animal-adventures/3030-4754/"}, {"api_detail_url": "https://www.giantbomb.com/api/game/3030-5533/", "id": 5533, "name": "Jump Start 1st Grade", "site_detail_url": "https://www.giantbomb.com/jump-start-1st-grade/3030-5533/"}, {"api_detail_url": "https://www.giantbomb.com/api/game/3030-6401/", "id": 6401, "name": "Jump Start Music", "site_detail_url": "https://www.giantbomb.com/jump-start-music/3030-6401/"}, {"api_detail_url": "https://www.giantbomb.com/api/game/3030-8705/", "id": 8705, "name": "Jump Start Spelling", "site_detail_url": "https://www.giantbomb.com/jump-start-spelling/3030-8705/"}, {"api_detail_url": "https://www.giantbomb.com/api/game/3030-16841/", "id": 16841, "name": "Jump Start: Dino Adventure", "site_detail_url": "https://www.giantbomb.com/jump-start-dino-adventure/3030-16841/"}, {"api_detail_url": "https://www.giantbomb.com/api/game/3030-29043/", "id": 29043, "name": "JumpStart Wildlife Safari Field Trip", "site_detail_url": "https://www.giantbomb.com/jumpstart-wildlife-safari-field-trip/3030-29043/"}, {"api_detail_url": "https://www.giantbomb.com/api/game/3030-28059/", "id": 28059, "name": "JumpStart Pet Rescue", "site_detail_url": "https://www.giantbomb.com/jumpstart-pet-rescue/3030-28059/"}, {"api_detail_url": "https://www.giantbomb.com/api/game/3030-29237/", "id": 29237, "name": "JumpStart Escape from Adventure Island", "site_detail_url": "https://www.giantbomb.com/jumpstart-escape-from-adventure-island/3030-29237/"}, {"api_detail_url": "https://www.giantbomb.com/api/game/3030-30909/", "id": 30909, "name": "JumpStart Advanced Preschool: StoryLand", "site_detail_url": "https://www.giantbomb.com/jumpstart-advanced-preschool-storyland/3030-30909/"}, {"api_detail_url": "https://www.giantbomb.com/api/game/3030-30910/", "id": 30910, "name": "JumpStart Advanced Preschool", "site_detail_url": "https://www.giantbomb.com/jumpstart-advanced-preschool/3030-30910/"}, {"api_detail_url": "https://www.giantbomb.com/api/game/3030-34315/", "id": 34315, "name": "JumpStart ABC's", "site_detail_url": "https://www.giantbomb.com/jumpstart-abcs/3030-34315/"}, {"api_detail_url": "https://www.giantbomb.com/api/game/3030-32179/", "id": 32179, "name": "JumpStart Get Moving: Family Fitness featuring Brooke Burke Sports Edition", "site_detail_url": "https://www.giantbomb.com/jumpstart-get-moving-family-fitness-featuring-broo/3030-32179/"}, {"api_detail_url": "https://www.giantbomb.com/api/game/3030-14203/", "id": 14203, "name": "Jump Start Typing", "site_detail_url": "https://www.giantbomb.com/jump-start-typing/3030-14203/"}]}, "version": "1.0"}