{"error": "OK", "limit": 1, "offset": 0, "number_of_page_results": 1, "number_of_total_results": 1, "status_code": 1, "results": {"games": [{"api_detail_url": "https://www.giantbomb.com/api/game/3030-1487/", "id": 1487, "name": "Xevious", "site_detail_url": "https://www.giantbomb.com/xevious/3030-1487/"}, {"api_detail_url": "https://www.giantbomb.com/api/game/3030-9597/", "id": 9597, "name": "Xevious 3D/G", "site_detail_url": "https://www.giantbomb.com/xevious-3dg/3030-9597/"}, {"api_detail_url": "https://www.giantbomb.com/api/game/3030-13357/", "id": 13357, "name": "Xevious: Fardraut Saga", "site_detail_url": "https://www.giantbomb.com/xevious-fardraut-saga/3030-13357/"}, {"api_detail_url": "https://www.giantbomb.com/api/game/3030-597/", "id": 597, "name": "Super Xevious", "site_detail_url": "https://www.giantbomb.com/super-xevious/3030-597/"}, {"api_detail_url": "https://www.giantbomb.com/api/game/3030-28512/", "id": 28512, "name": "Tiny Xevious", "site_detail_url": "https://www.giantbomb.com/tiny-xevious/3030-28512/"}, {"api_detail_url": "https://www.giantbomb.com/api/game/3030-62178/", "id": 62178, "name": "Solvalou", "site_detail_url": "https://www.giantbomb.com/solvalou/3030-62178/"}, {"api_detail_url": "https://www.giantbomb.com/api/game/3030-21893/", "id": 21893, "name": "Grobda", "site_detail_url": "https://www.giantbomb.com/grobda/3030-21893/"}, {"api_detail_url": "https://www.giantbomb.com/api/game/3030-81537/", "id": 81537, "name": "Super Xevious: GAMP no Nazou", "site_detail_url": "https://www.giantbomb.com/super-xevious-gamp-no-nazou/3030-81537/"}, {"api_detail_url": "https://www.giantbomb.com/api/game/3030-83598/", "id": 83598, "name": "Sprite \u00d7 Xevious", "site_detail_url": "https://www.giantbomb.com/sprite-x-xevious/3030-83598/"}]}, "version": "1.0"}