{"error": "OK", "limit": 1, "offset": 0, "number_of_page_results": 1, "number_of_total_results": 1, "status_code": 1, "results": {"games": [{"api_detail_url": "https://www.giantbomb.com/api/game/3030-10473/", "id": 10473, "name": "The Witcher", "site_detail_url": "https://www.giantbomb.com/the-witcher/3030-10473/"}, {"api_detail_url": "https://www.giantbomb.com/api/game/3030-28178/", "id": 28178, "name": "The Witcher 2: Assassins of Kings", "site_detail_url": "https://www.giantbomb.com/the-witcher-2-assassins-of-kings/3030-28178/"}, {"api_detail_url": "https://www.giantbomb.com/api/game/3030-46866/", "id": 46866, "name": "The Witcher: Battle Arena", "site_detail_url": "https://www.giantbomb.com/the-witcher-battle-arena/3030-46866/"}, {"api_detail_url": "https://www.giantbomb.com/api/game/3030-47239/", "id": 47239, "name": "The Witcher Adventure Game", "site_detail_url": "https://www.giantbomb.com/the-witcher-adventure-game/3030-47239/"}, {"api_detail_url": "https://www.giantbomb.com/api/game/3030-24674/", "id": 24674, "name": "The Witcher: Rise of the White Wolf", "site_detail_url": "https://www.giantbomb.com/the-witcher-rise-of-the-white-wolf/3030-24674/"}, {"api_detail_url": "https://www.giantbomb.com/api/game/3030-54166/", "id": 54166, "name": "Gwent: The Witcher Card Game", "site_detail_url": "https://www.giantbomb.com/gwent-the-witcher-card-game/3030-54166/"}, {"api_detail_url": "https://www.giantbomb.com/api/game/3030-41484/", "id": 41484, "name": "The Witcher 3: Wild Hunt", "site_detail_url": "https://www.giantbomb.com/the-witcher-3-wild-hunt/3030-41484/"}, {"api_detail_url": "https://www.giantbomb.com/api/game/3030-70325/", "id": 70325, "name": "Thronebreaker: The Witcher Tales", "site_detail_url": "https://www.giantbomb.com/thronebreaker-the-witcher-tales/3030-70325/"}, {"api_detail_url": "https://www.giantbomb.com/api/game/3030-82403/", "id": 82403, "name": "The Witcher: Monster Slayer", "site_detail_url": "https://www.giantbomb.com/the-witcher-monster-slayer/3030-82403/"}, {"api_detail_url": "https://www.giantbomb.com/api/game/3030-85768/", "id": 85768, "name": "Project Polaris (working title)", "site_detail_url": "https://www.giantbomb.com/project-polaris-working-title/3030-85768/"}, {"api_detail_url": "https://www.giantbomb.com/api/game/3030-86774/", "id": 86774, "name": "Gwent: Rogue Mage", "site_detail_url": "https://www.giantbomb.com/gwent-rogue-mage/3030-86774/"}, {"api_detail_url": "https://www.giantbomb.com/api/game/3030-87560/", "id": 87560, "name": "Project Sirius (Working Title)", "site_detail_url": "https://www.giantbomb.com/project-sirius-working-title/3030-87560/"}, {"api_detail_url": "https://www.giantbomb.com/api/game/3030-87561/", "id": 87561, "name": "The Witcher Remake", "site_detail_url": "https://www.giantbomb.com/the-witcher-remake/3030-87561/"}]}, "version": "1.0"}