{"error": "OK", "limit": 1, "offset": 0, "number_of_page_results": 1, "number_of_total_results": 1, "status_code": 1, "results": {"games": [{"api_detail_url": "https://www.giantbomb.com/api/game/3030-26613/", "id": 26613, "name": "Famicom Tantei Club: Kieta Koukeisha", "site_detail_url": "https://www.giantbomb.com/famicom-tantei-club-kieta-koukeisha/3030-26613/"}, {"api_detail_url": "https://www.giantbomb.com/api/game/3030-5758/", "id": 5758, "name": "Famicom Tantei Club Part II: Ushiro ni Tatsu Shoujo", "site_detail_url": "https://www.giantbomb.com/famicom-tantei-club-part-ii-ushiro-ni-tatsu-shoujo/3030-5758/"}, {"api_detail_url": "https://www.giantbomb.com/api/game/3030-26634/", "id": 26634, "name": "BS Tantei Club: Yuki ni Kieta Kako", "site_detail_url": "https://www.giantbomb.com/bs-tantei-club-yuki-ni-kieta-kako/3030-26634/"}, {"api_detail_url": "https://www.giantbomb.com/api/game/3030-81826/", "id": 81826, "name": "Famicom Detective Club: The Missing Heir", "site_detail_url": "https://www.giantbomb.com/famicom-detective-club-the-missing-heir/3030-81826/"}, {"api_detail_url": "https://www.giantbomb.com/api/game/3030-81827/", "id": 81827, "name": "Famicom Detective Club: The Girl Who Stands Behind", "site_detail_url": "https://www.giantbomb.com/famicom-detective-club-the-girl-who-stands-behind/3030-81827/"}]}, "version": "1.0"}