{"error": "OK", "limit": 1, "offset": 0, "number_of_page_results": 1, "number_of_total_results": 1, "status_code": 1, "results": {"games": [{"api_detail_url": "https://www.giantbomb.com/api/game/3030-20362/", "id": 20362, "name": "Atlantis: The Lost Tales", "site_detail_url": "https://www.giantbomb.com/atlantis-the-lost-tales/3030-20362/"}, {"api_detail_url": "https://www.giantbomb.com/api/game/3030-22871/", "id": 22871, "name": "Beyond Atlantis II", "site_detail_url": "https://www.giantbomb.com/beyond-atlantis-ii/3030-22871/"}, {"api_detail_url": "https://www.giantbomb.com/api/game/3030-17457/", "id": 17457, "name": "The Secrets of Atlantis: The Sacred Legacy", "site_detail_url": "https://www.giantbomb.com/the-secrets-of-atlantis-the-sacred-legacy/3030-17457/"}, {"api_detail_url": "https://www.giantbomb.com/api/game/3030-20054/", "id": 20054, "name": "Atlantis Evolution", "site_detail_url": "https://www.giantbomb.com/atlantis-evolution/3030-20054/"}, {"api_detail_url": "https://www.giantbomb.com/api/game/3030-4118/", "id": 4118, "name": "Beyond Atlantis", "site_detail_url": "https://www.giantbomb.com/beyond-atlantis/3030-4118/"}]}, "version": "1.0"}