{"error": "OK", "limit": 1, "offset": 0, "number_of_page_results": 1, "number_of_total_results": 1, "status_code": 1, "results": {"games": [{"api_detail_url": "https://www.giantbomb.com/api/game/3030-17102/", "id": 17102, "name": "Majin Tensei", "site_detail_url": "https://www.giantbomb.com/majin-tensei/3030-17102/"}, {"api_detail_url": "https://www.giantbomb.com/api/game/3030-5461/", "id": 5461, "name": "Majin Tensei II: Spiral Nemesis", "site_detail_url": "https://www.giantbomb.com/majin-tensei-ii-spiral-nemesis/3030-5461/"}, {"api_detail_url": "https://www.giantbomb.com/api/game/3030-10586/", "id": 10586, "name": "Ronde", "site_detail_url": "https://www.giantbomb.com/ronde/3030-10586/"}]}, "version": "1.0"}