{"error": "OK", "limit": 1, "offset": 0, "number_of_page_results": 1, "number_of_total_results": 1, "status_code": 1, "results": {"games": [{"api_detail_url": "https://www.giantbomb.com/api/game/3030-26776/", "id": 26776, "name": "Tales of Monkey Island Chapter 1: Launch of the Screaming Narwhal", "site_detail_url": "https://www.giantbomb.com/tales-of-monkey-island-chapter-1-launch-of-the-scr/3030-26776/"}, {"api_detail_url": "https://www.giantbomb.com/api/game/3030-26777/", "id": 26777, "name": "Tales of Monkey Island Chapter 2: The Siege of Spinner Cay", "site_detail_url": "https://www.giantbomb.com/tales-of-monkey-island-chapter-2-the-siege-of-spin/3030-26777/"}, {"api_detail_url": "https://www.giantbomb.com/api/game/3030-26778/", "id": 26778, "name": "Tales of Monkey Island Chapter 3: Lair of the Leviathan", "site_detail_url": "https://www.giantbomb.com/tales-of-monkey-island-chapter-3-lair-of-the-levia/3030-26778/"}, {"api_detail_url": "https://www.giantbomb.com/api/game/3030-26779/", "id": 26779, "name": "Tales of Monkey Island Chapter 4: The Trial and Execution of Guybrush Threepwood", "site_detail_url": "https://www.giantbomb.com/tales-of-monkey-island-chapter-4-the-trial-and-exe/3030-26779/"}, {"api_detail_url": "https://www.giantbomb.com/api/game/3030-26780/", "id": 26780, "name": "Tales of Monkey Island Chapter 5: Rise of the Pirate God", "site_detail_url": "https://www.giantbomb.com/tales-of-monkey-island-chapter-5-rise-of-the-pirat/3030-26780/"}, {"api_detail_url": "https://www.giantbomb.com/api/game/3030-32796/", "id": 32796, "name": "Tales of Monkey Island", "site_detail_url": "https://www.giantbomb.com/tales-of-monkey-island/3030-32796/"}]}, "version": "1.0"}