{"error": "OK", "limit": 1, "offset": 0, "number_of_page_results": 1, "number_of_total_results": 1, "status_code": 1, "results": {"games": [{"api_detail_url": "https://www.giantbomb.com/api/game/3030-9170/", "id": 9170, "name": "Dementium: The Ward", "site_detail_url": "https://www.giantbomb.com/dementium-the-ward/3030-9170/"}, {"api_detail_url": "https://www.giantbomb.com/api/game/3030-26708/", "id": 26708, "name": "Dementium II", "site_detail_url": "https://www.giantbomb.com/dementium-ii/3030-26708/"}, {"api_detail_url": "https://www.giantbomb.com/api/game/3030-49074/", "id": 49074, "name": "Dementium Remastered", "site_detail_url": "https://www.giantbomb.com/dementium-remastered/3030-49074/"}, {"api_detail_url": "https://www.giantbomb.com/api/game/3030-52432/", "id": 52432, "name": "Dementium II Remastered", "site_detail_url": "https://www.giantbomb.com/dementium-ii-remastered/3030-52432/"}]}, "version": "1.0"}