{"error": "OK", "limit": 1, "offset": 0, "number_of_page_results": 1, "number_of_total_results": 1, "status_code": 1, "results": {"games": [{"api_detail_url": "https://www.giantbomb.com/api/game/3030-22009/", "id": 22009, "name": "Alien Syndrome", "site_detail_url": "https://www.giantbomb.com/alien-syndrome/3030-22009/"}, {"api_detail_url": "https://www.giantbomb.com/api/game/3030-2191/", "id": 2191, "name": "SEGA AGES 2500 Vol.14: Alien Syndrome", "site_detail_url": "https://www.giantbomb.com/sega-ages-2500-vol14-alien-syndrome/3030-2191/"}, {"api_detail_url": "https://www.giantbomb.com/api/game/3030-1143/", "id": 1143, "name": "Alien Syndrome", "site_detail_url": "https://www.giantbomb.com/alien-syndrome/3030-1143/"}]}, "version": "1.0"}