{"error": "OK", "limit": 1, "offset": 0, "number_of_page_results": 1, "number_of_total_results": 1, "status_code": 1, "results": {"games": [{"api_detail_url": "https://www.giantbomb.com/api/game/3030-5534/", "id": 5534, "name": "Luminous Arc", "site_detail_url": "https://www.giantbomb.com/luminous-arc/3030-5534/"}, {"api_detail_url": "https://www.giantbomb.com/api/game/3030-21163/", "id": 21163, "name": "Luminous Arc 2", "site_detail_url": "https://www.giantbomb.com/luminous-arc-2/3030-21163/"}, {"api_detail_url": "https://www.giantbomb.com/api/game/3030-27680/", "id": 27680, "name": "Luminous Arc 3", "site_detail_url": "https://www.giantbomb.com/luminous-arc-3/3030-27680/"}, {"api_detail_url": "https://www.giantbomb.com/api/game/3030-47720/", "id": 47720, "name": "Luminous Arc Infinity", "site_detail_url": "https://www.giantbomb.com/luminous-arc-infinity/3030-47720/"}]}, "version": "1.0"}