{"error": "OK", "limit": 1, "offset": 0, "number_of_page_results": 1, "number_of_total_results": 1, "status_code": 1, "results": {"games": [{"api_detail_url": "https://www.giantbomb.com/api/game/3030-13389/", "id": 13389, "name": "Battle Isle", "site_detail_url": "https://www.giantbomb.com/battle-isle/3030-13389/"}, {"api_detail_url": "https://www.giantbomb.com/api/game/3030-11235/", "id": 11235, "name": "Battle Isle 2220: Shadow of the Emperor", "site_detail_url": "https://www.giantbomb.com/battle-isle-2220-shadow-of-the-emperor/3030-11235/"}, {"api_detail_url": "https://www.giantbomb.com/api/game/3030-7591/", "id": 7591, "name": "Battle Isle 2", "site_detail_url": "https://www.giantbomb.com/battle-isle-2/3030-7591/"}, {"api_detail_url": "https://www.giantbomb.com/api/game/3030-4942/", "id": 4942, "name": "Battle Isle: The Andosia War", "site_detail_url": "https://www.giantbomb.com/battle-isle-the-andosia-war/3030-4942/"}, {"api_detail_url": "https://www.giantbomb.com/api/game/3030-10939/", "id": 10939, "name": "Battle Isle '93 - The Moon of Chromos", "site_detail_url": "https://www.giantbomb.com/battle-isle-93-the-moon-of-chromos/3030-10939/"}, {"api_detail_url": "https://www.giantbomb.com/api/game/3030-19176/", "id": 19176, "name": "Battle Isle Platinum", "site_detail_url": "https://www.giantbomb.com/battle-isle-platinum/3030-19176/"}, {"api_detail_url": "https://www.giantbomb.com/api/game/3030-4129/", "id": 4129, "name": "Battle Isle Data Disk I", "site_detail_url": "https://www.giantbomb.com/battle-isle-data-disk-i/3030-4129/"}, {"api_detail_url": "https://www.giantbomb.com/api/game/3030-13566/", "id": 13566, "name": "Battle Isle 2 Scenery CD: Titan's Legacy", "site_detail_url": "https://www.giantbomb.com/battle-isle-2-scenery-cd-titans-legacy/3030-13566/"}, {"api_detail_url": "https://www.giantbomb.com/api/game/3030-17327/", "id": 17327, "name": "Incubation: Time Is Running Out", "site_detail_url": "https://www.giantbomb.com/incubation-time-is-running-out/3030-17327/"}, {"api_detail_url": "https://www.giantbomb.com/api/game/3030-19555/", "id": 19555, "name": "Incubation: The Wilderness Missions", "site_detail_url": "https://www.giantbomb.com/incubation-the-wilderness-missions/3030-19555/"}, {"api_detail_url": "https://www.giantbomb.com/api/game/3030-16855/", "id": 16855, "name": "Incubation: Hidden Worlds", "site_detail_url": "https://www.giantbomb.com/incubation-hidden-worlds/3030-16855/"}]}, "version": "1.0"}