{"error": "OK", "limit": 1, "offset": 0, "number_of_page_results": 1, "number_of_total_results": 1, "status_code": 1, "results": {"games": [{"api_detail_url": "https://www.giantbomb.com/api/game/3030-17852/", "id": 17852, "name": "The Oregon Trail", "site_detail_url": "https://www.giantbomb.com/the-oregon-trail/3030-17852/"}, {"api_detail_url": "https://www.giantbomb.com/api/game/3030-25366/", "id": 25366, "name": "The Oregon Trail", "site_detail_url": "https://www.giantbomb.com/the-oregon-trail/3030-25366/"}, {"api_detail_url": "https://www.giantbomb.com/api/game/3030-3871/", "id": 3871, "name": "Oregon Trail II", "site_detail_url": "https://www.giantbomb.com/oregon-trail-ii/3030-3871/"}, {"api_detail_url": "https://www.giantbomb.com/api/game/3030-19237/", "id": 19237, "name": "The Oregon Trail: 3rd Edition", "site_detail_url": "https://www.giantbomb.com/the-oregon-trail-3rd-edition/3030-19237/"}, {"api_detail_url": "https://www.giantbomb.com/api/game/3030-26408/", "id": 26408, "name": "The Oregon Trail: 5th Edition", "site_detail_url": "https://www.giantbomb.com/the-oregon-trail-5th-edition/3030-26408/"}, {"api_detail_url": "https://www.giantbomb.com/api/game/3030-26919/", "id": 26919, "name": "The Oregon Trail, 4th Edition", "site_detail_url": "https://www.giantbomb.com/the-oregon-trail-4th-edition/3030-26919/"}, {"api_detail_url": "https://www.giantbomb.com/api/game/3030-42201/", "id": 42201, "name": "The Oregon Trail: American Settler", "site_detail_url": "https://www.giantbomb.com/the-oregon-trail-american-settler/3030-42201/"}, {"api_detail_url": "https://www.giantbomb.com/api/game/3030-64575/", "id": 64575, "name": "The Oregon Trail Deluxe", "site_detail_url": "https://www.giantbomb.com/the-oregon-trail-deluxe/3030-64575/"}, {"api_detail_url": "https://www.giantbomb.com/api/game/3030-84375/", "id": 84375, "name": "The Oregon Trail", "site_detail_url": "https://www.giantbomb.com/the-oregon-trail/3030-84375/"}]}, "version": "1.0"}