{"error": "OK", "limit": 1, "offset": 0, "number_of_page_results": 1, "number_of_total_results": 1, "status_code": 1, "results": {"games": [{"api_detail_url": "https://www.giantbomb.com/api/game/3030-15345/", "id": 15345, "name": "Super Solvers: Spellbound!", "site_detail_url": "https://www.giantbomb.com/super-solvers-spellbound/3030-15345/"}, {"api_detail_url": "https://www.giantbomb.com/api/game/3030-9356/", "id": 9356, "name": "Super Solvers Mission: T.H.I.N.K.", "site_detail_url": "https://www.giantbomb.com/super-solvers-mission-think/3030-9356/"}, {"api_detail_url": "https://www.giantbomb.com/api/game/3030-9077/", "id": 9077, "name": "Super Solvers: Midnight Rescue!", "site_detail_url": "https://www.giantbomb.com/super-solvers-midnight-rescue/3030-9077/"}, {"api_detail_url": "https://www.giantbomb.com/api/game/3030-5330/", "id": 5330, "name": "Super Solvers: Gizmos & Gadgets", "site_detail_url": "https://www.giantbomb.com/super-solvers-gizmos-gadgets/3030-5330/"}, {"api_detail_url": "https://www.giantbomb.com/api/game/3030-12291/", "id": 12291, "name": "Super Solvers: OutNumbered!", "site_detail_url": "https://www.giantbomb.com/super-solvers-outnumbered/3030-12291/"}, {"api_detail_url": "https://www.giantbomb.com/api/game/3030-6209/", "id": 6209, "name": "Super Solvers: Challenge of the Ancient Empires!", "site_detail_url": "https://www.giantbomb.com/super-solvers-challenge-of-the-ancient-empires/3030-6209/"}, {"api_detail_url": "https://www.giantbomb.com/api/game/3030-17135/", "id": 17135, "name": "Super Solvers: Treasure Mountain!", "site_detail_url": "https://www.giantbomb.com/super-solvers-treasure-mountain/3030-17135/"}, {"api_detail_url": "https://www.giantbomb.com/api/game/3030-18328/", "id": 18328, "name": "Operation Neptune", "site_detail_url": "https://www.giantbomb.com/operation-neptune/3030-18328/"}, {"api_detail_url": "https://www.giantbomb.com/api/game/3030-8463/", "id": 8463, "name": "Treasure MathStorm!", "site_detail_url": "https://www.giantbomb.com/treasure-mathstorm/3030-8463/"}]}, "version": "1.0"}