{"error": "OK", "limit": 1, "offset": 0, "number_of_page_results": 1, "number_of_total_results": 1, "status_code": 1, "results": {"games": [{"api_detail_url": "https://www.giantbomb.com/api/game/3030-21685/", "id": 21685, "name": "Inazuma Eleven", "site_detail_url": "https://www.giantbomb.com/inazuma-eleven/3030-21685/"}, {"api_detail_url": "https://www.giantbomb.com/api/game/3030-25889/", "id": 25889, "name": "Inazuma Eleven 2: FireStorm/Blizzard", "site_detail_url": "https://www.giantbomb.com/inazuma-eleven-2-firestorm-blizzard/3030-25889/"}, {"api_detail_url": "https://www.giantbomb.com/api/game/3030-30031/", "id": 30031, "name": "Inazuma Eleven 3: Sekai e no Chousen", "site_detail_url": "https://www.giantbomb.com/inazuma-eleven-3-sekai-e-no-chousen/3030-30031/"}, {"api_detail_url": "https://www.giantbomb.com/api/game/3030-31464/", "id": 31464, "name": "Inazuma Eleven Strikers", "site_detail_url": "https://www.giantbomb.com/inazuma-eleven-strikers/3030-31464/"}, {"api_detail_url": "https://www.giantbomb.com/api/game/3030-33788/", "id": 33788, "name": "Inazuma Eleven GO", "site_detail_url": "https://www.giantbomb.com/inazuma-eleven-go/3030-33788/"}, {"api_detail_url": "https://www.giantbomb.com/api/game/3030-42068/", "id": 42068, "name": "Inazuma Eleven 1\uff652\uff653!! Endou Mamoru Densetsu", "site_detail_url": "https://www.giantbomb.com/inazuma-eleven-1deob2deob3-endou-mamoru-densetsu/3030-42068/"}, {"api_detail_url": "https://www.giantbomb.com/api/game/3030-42069/", "id": 42069, "name": "Inazuma Eleven Strikers 2012 Xtreme", "site_detail_url": "https://www.giantbomb.com/inazuma-eleven-strikers-2012-xtreme/3030-42069/"}, {"api_detail_url": "https://www.giantbomb.com/api/game/3030-42070/", "id": 42070, "name": "Inazuma Eleven GO Strikers 2013", "site_detail_url": "https://www.giantbomb.com/inazuma-eleven-go-strikers-2013/3030-42070/"}, {"api_detail_url": "https://www.giantbomb.com/api/game/3030-44275/", "id": 44275, "name": "Inazuma Eleven GO: Galaxy", "site_detail_url": "https://www.giantbomb.com/inazuma-eleven-go-galaxy/3030-44275/"}, {"api_detail_url": "https://www.giantbomb.com/api/game/3030-44274/", "id": 44274, "name": "Inazuma Eleven GO Chrono Stones", "site_detail_url": "https://www.giantbomb.com/inazuma-eleven-go-chrono-stones/3030-44274/"}, {"api_detail_url": "https://www.giantbomb.com/api/game/3030-46625/", "id": 46625, "name": "Line Puzzle de Inazuma Eleven", "site_detail_url": "https://www.giantbomb.com/line-puzzle-de-inazuma-eleven/3030-46625/"}, {"api_detail_url": "https://www.giantbomb.com/api/game/3030-62256/", "id": 62256, "name": "Inazuma Eleven: Ares no Tenbin", "site_detail_url": "https://www.giantbomb.com/inazuma-eleven-ares-no-tenbin/3030-62256/"}]}, "version": "1.0"}