{"error": "OK", "limit": 1, "offset": 0, "number_of_page_results": 1, "number_of_total_results": 1, "status_code": 1, "results": {"games": [{"api_detail_url": "https://www.giantbomb.com/api/game/3030-2333/", "id": 2333, "name": "Dark Seed", "site_detail_url": "https://www.giantbomb.com/dark-seed/3030-2333/"}, {"api_detail_url": "https://www.giantbomb.com/api/game/3030-16020/", "id": 16020, "name": "Dark Seed II", "site_detail_url": "https://www.giantbomb.com/dark-seed-ii/3030-16020/"}]}, "version": "1.0"}