{"error": "OK", "limit": 1, "offset": 0, "number_of_page_results": 1, "number_of_total_results": 1, "status_code": 1, "results": {"games": [{"api_detail_url": "https://www.giantbomb.com/api/game/3030-25622/", "id": 25622, "name": "Mount & Blade: Warband", "site_detail_url": "https://www.giantbomb.com/mount-blade-warband/3030-25622/"}, {"api_detail_url": "https://www.giantbomb.com/api/game/3030-21192/", "id": 21192, "name": "Mount & Blade", "site_detail_url": "https://www.giantbomb.com/mount-blade/3030-21192/"}, {"api_detail_url": "https://www.giantbomb.com/api/game/3030-34889/", "id": 34889, "name": "Mount and Blade: With Fire & Sword", "site_detail_url": "https://www.giantbomb.com/mount-and-blade-with-fire-sword/3030-34889/"}, {"api_detail_url": "https://www.giantbomb.com/api/game/3030-37997/", "id": 37997, "name": "Mount & Blade Warband: Napoleonic Wars", "site_detail_url": "https://www.giantbomb.com/mount-blade-warband-napoleonic-wars/3030-37997/"}, {"api_detail_url": "https://www.giantbomb.com/api/game/3030-39861/", "id": 39861, "name": "Mount & Blade II: Bannerlord", "site_detail_url": "https://www.giantbomb.com/mount-blade-ii-bannerlord/3030-39861/"}, {"api_detail_url": "https://www.giantbomb.com/api/game/3030-48061/", "id": 48061, "name": "Mount & Blade Warband: Viking Conquest", "site_detail_url": "https://www.giantbomb.com/mount-blade-warband-viking-conquest/3030-48061/"}]}, "version": "1.0"}