{"error": "OK", "limit": 1, "offset": 0, "number_of_page_results": 1, "number_of_total_results": 1, "status_code": 1, "results": {"games": [{"api_detail_url": "https://www.giantbomb.com/api/game/3030-6163/", "id": 6163, "name": "Cooking Mama", "site_detail_url": "https://www.giantbomb.com/cooking-mama/3030-6163/"}, {"api_detail_url": "https://www.giantbomb.com/api/game/3030-7604/", "id": 7604, "name": "Cooking Mama 2: Dinner with Friends", "site_detail_url": "https://www.giantbomb.com/cooking-mama-2-dinner-with-friends/3030-7604/"}, {"api_detail_url": "https://www.giantbomb.com/api/game/3030-3685/", "id": 3685, "name": "Cooking Mama: Cook Off", "site_detail_url": "https://www.giantbomb.com/cooking-mama-cook-off/3030-3685/"}, {"api_detail_url": "https://www.giantbomb.com/api/game/3030-21824/", "id": 21824, "name": "Cooking Mama: World Kitchen", "site_detail_url": "https://www.giantbomb.com/cooking-mama-world-kitchen/3030-21824/"}, {"api_detail_url": "https://www.giantbomb.com/api/game/3030-25518/", "id": 25518, "name": "Gardening Mama", "site_detail_url": "https://www.giantbomb.com/gardening-mama/3030-25518/"}, {"api_detail_url": "https://www.giantbomb.com/api/game/3030-26385/", "id": 26385, "name": "Cooking Mama 3: Shop and Chop", "site_detail_url": "https://www.giantbomb.com/cooking-mama-3-shop-and-chop/3030-26385/"}, {"api_detail_url": "https://www.giantbomb.com/api/game/3030-30379/", "id": 30379, "name": "Crafting Mama", "site_detail_url": "https://www.giantbomb.com/crafting-mama/3030-30379/"}, {"api_detail_url": "https://www.giantbomb.com/api/game/3030-31589/", "id": 31589, "name": "Babysitting Mama", "site_detail_url": "https://www.giantbomb.com/babysitting-mama/3030-31589/"}, {"api_detail_url": "https://www.giantbomb.com/api/game/3030-34934/", "id": 34934, "name": "Cooking Mama 4: Kitchen Magic", "site_detail_url": "https://www.giantbomb.com/cooking-mama-4-kitchen-magic/3030-34934/"}, {"api_detail_url": "https://www.giantbomb.com/api/game/3030-36962/", "id": 36962, "name": "Camping Mama: Outdoor Adventures", "site_detail_url": "https://www.giantbomb.com/camping-mama-outdoor-adventures/3030-36962/"}, {"api_detail_url": "https://www.giantbomb.com/api/game/3030-46063/", "id": 46063, "name": "Cooking Mama 5: Bon App\u00e9tit!", "site_detail_url": "https://www.giantbomb.com/cooking-mama-5-bon-appetit/3030-46063/"}, {"api_detail_url": "https://www.giantbomb.com/api/game/3030-47692/", "id": 47692, "name": "Cooking Mama: Sweet Shop", "site_detail_url": "https://www.giantbomb.com/cooking-mama-sweet-shop/3030-47692/"}, {"api_detail_url": "https://www.giantbomb.com/api/game/3030-58883/", "id": 58883, "name": "Mama's Combo Pack Volume 1", "site_detail_url": "https://www.giantbomb.com/mamas-combo-pack-volume-1/3030-58883/"}, {"api_detail_url": "https://www.giantbomb.com/api/game/3030-58884/", "id": 58884, "name": "Mama's 2-Pack", "site_detail_url": "https://www.giantbomb.com/mamas-2pack/3030-58884/"}, {"api_detail_url": "https://www.giantbomb.com/api/game/3030-58885/", "id": 58885, "name": "Mama's Combo Pack Volume 2", "site_detail_url": "https://www.giantbomb.com/mamas-combo-pack-volume-2/3030-58885/"}, {"api_detail_url": "https://www.giantbomb.com/api/game/3030-58886/", "id": 58886, "name": "Cooking Mama World: Combo Pack Volume 1", "site_detail_url": "https://www.giantbomb.com/cooking-mama-world-combo-pack-volume-1/3030-58886/"}, {"api_detail_url": "https://www.giantbomb.com/api/game/3030-58887/", "id": 58887, "name": "Cooking Mama World: Combo Pack Volume 2", "site_detail_url": "https://www.giantbomb.com/cooking-mama-world-combo-pack-volume-2/3030-58887/"}, {"api_detail_url": "https://www.giantbomb.com/api/game/3030-49078/", "id": 49078, "name": "Gardening Mama 2: Forest Friends", "site_detail_url": "https://www.giantbomb.com/gardening-mama-2-forest-friends/3030-49078/"}, {"api_detail_url": "https://www.giantbomb.com/api/game/3030-77900/", "id": 77900, "name": "Cooking Mama: Cookstar", "site_detail_url": "https://www.giantbomb.com/cooking-mama-cookstar/3030-77900/"}, {"api_detail_url": "https://www.giantbomb.com/api/game/3030-86305/", "id": 86305, "name": "Cooking Mama: Cuisine!", "site_detail_url": "https://www.giantbomb.com/cooking-mama-cuisine/3030-86305/"}]}, "version": "1.0"}