{"error": "OK", "limit": 1, "offset": 0, "number_of_page_results": 1, "number_of_total_results": 1, "status_code": 1, "results": {"games": [{"api_detail_url": "https://www.giantbomb.com/api/game/3030-6652/", "id": 6652, "name": "Pigs in Space", "site_detail_url": "https://www.giantbomb.com/pigs-in-space/3030-6652/"}, {"api_detail_url": "https://www.giantbomb.com/api/game/3030-13679/", "id": 13679, "name": "Muppet RaceMania", "site_detail_url": "https://www.giantbomb.com/muppet-racemania/3030-13679/"}, {"api_detail_url": "https://www.giantbomb.com/api/game/3030-4195/", "id": 4195, "name": "Muppet Pinball Mayhem", "site_detail_url": "https://www.giantbomb.com/muppet-pinball-mayhem/3030-4195/"}, {"api_detail_url": "https://www.giantbomb.com/api/game/3030-4225/", "id": 4225, "name": "Muppet Treasure Island", "site_detail_url": "https://www.giantbomb.com/muppet-treasure-island/3030-4225/"}, {"api_detail_url": "https://www.giantbomb.com/api/game/3030-17084/", "id": 17084, "name": "Jim Henson's Muppets Party Cruise", "site_detail_url": "https://www.giantbomb.com/jim-hensons-muppets-party-cruise/3030-17084/"}, {"api_detail_url": "https://www.giantbomb.com/api/game/3030-12574/", "id": 12574, "name": "Spy Muppets: License To Croak", "site_detail_url": "https://www.giantbomb.com/spy-muppets-license-to-croak/3030-12574/"}, {"api_detail_url": "https://www.giantbomb.com/api/game/3030-10580/", "id": 10580, "name": "The Muppets: On with the Show", "site_detail_url": "https://www.giantbomb.com/the-muppets-on-with-the-show/3030-10580/"}, {"api_detail_url": "https://www.giantbomb.com/api/game/3030-11483/", "id": 11483, "name": "Jim Henson's Muppet Adventure No. 1: Chaos at the Carnival", "site_detail_url": "https://www.giantbomb.com/jim-hensons-muppet-adventure-no-1-chaos-at-the-car/3030-11483/"}, {"api_detail_url": "https://www.giantbomb.com/api/game/3030-30498/", "id": 30498, "name": "Muppets on the Go", "site_detail_url": "https://www.giantbomb.com/muppets-on-the-go/3030-30498/"}, {"api_detail_url": "https://www.giantbomb.com/api/game/3030-32894/", "id": 32894, "name": "The Muppet CD-ROM: Muppets Inside", "site_detail_url": "https://www.giantbomb.com/the-muppet-cd-rom-muppets-inside/3030-32894/"}, {"api_detail_url": "https://www.giantbomb.com/api/game/3030-32229/", "id": 32229, "name": "Muppet Monster Adventure", "site_detail_url": "https://www.giantbomb.com/muppet-monster-adventure/3030-32229/"}, {"api_detail_url": "https://www.giantbomb.com/api/game/3030-37234/", "id": 37234, "name": "Jim Henson's The Muppets", "site_detail_url": "https://www.giantbomb.com/jim-hensons-the-muppets/3030-37234/"}, {"api_detail_url": "https://www.giantbomb.com/api/game/3030-38654/", "id": 38654, "name": "The Great Gonzo in WordRider", "site_detail_url": "https://www.giantbomb.com/the-great-gonzo-in-wordrider/3030-38654/"}, {"api_detail_url": "https://www.giantbomb.com/api/game/3030-38653/", "id": 38653, "name": "Kermit's Electronic StoryMaker", "site_detail_url": "https://www.giantbomb.com/kermits-electronic-storymaker/3030-38653/"}, {"api_detail_url": "https://www.giantbomb.com/api/game/3030-39293/", "id": 39293, "name": "Tap Tap Muppets", "site_detail_url": "https://www.giantbomb.com/tap-tap-muppets/3030-39293/"}, {"api_detail_url": "https://www.giantbomb.com/api/game/3030-47397/", "id": 47397, "name": "The Muppets Movie Adventures", "site_detail_url": "https://www.giantbomb.com/the-muppets-movie-adventures/3030-47397/"}, {"api_detail_url": "https://www.giantbomb.com/api/game/3030-52158/", "id": 52158, "name": "Muppet Studios Presents: You're the Director", "site_detail_url": "https://www.giantbomb.com/muppet-studios-presents-youre-the-director/3030-52158/"}, {"api_detail_url": "https://www.giantbomb.com/api/game/3030-52153/", "id": 52153, "name": "Muppet Madness", "site_detail_url": "https://www.giantbomb.com/muppet-madness/3030-52153/"}, {"api_detail_url": "https://www.giantbomb.com/api/game/3030-78430/", "id": 78430, "name": "Welcome Aboard: A Muppet Cruise to Computer Literacy", "site_detail_url": "https://www.giantbomb.com/welcome-aboard-a-muppet-cruise-to-computer-literac/3030-78430/"}]}, "version": "1.0"}