{"error": "OK", "limit": 1, "offset": 0, "number_of_page_results": 1, "number_of_total_results": 1, "status_code": 1, "results": {"games": [{"api_detail_url": "https://www.giantbomb.com/api/game/3030-6455/", "id": 6455, "name": "F-1 World Grand Prix", "site_detail_url": "https://www.giantbomb.com/f-1-world-grand-prix/3030-6455/"}, {"api_detail_url": "https://www.giantbomb.com/api/game/3030-13102/", "id": 13102, "name": "F-1 World Grand Prix II", "site_detail_url": "https://www.giantbomb.com/f-1-world-grand-prix-ii/3030-13102/"}, {"api_detail_url": "https://www.giantbomb.com/api/game/3030-13825/", "id": 13825, "name": "F1 World Grand Prix 2000", "site_detail_url": "https://www.giantbomb.com/f1-world-grand-prix-2000/3030-13825/"}, {"api_detail_url": "https://www.giantbomb.com/api/game/3030-37252/", "id": 37252, "name": "F-1 Grand Prix Part II", "site_detail_url": "https://www.giantbomb.com/f-1-grand-prix-part-ii/3030-37252/"}, {"api_detail_url": "https://www.giantbomb.com/api/game/3030-37175/", "id": 37175, "name": "F-1 Grand Prix Part III", "site_detail_url": "https://www.giantbomb.com/f-1-grand-prix-part-iii/3030-37175/"}, {"api_detail_url": "https://www.giantbomb.com/api/game/3030-37355/", "id": 37355, "name": "F-1 Grand Prix", "site_detail_url": "https://www.giantbomb.com/f-1-grand-prix/3030-37355/"}, {"api_detail_url": "https://www.giantbomb.com/api/game/3030-37413/", "id": 37413, "name": "SD F-1 Grand Prix", "site_detail_url": "https://www.giantbomb.com/sd-f-1-grand-prix/3030-37413/"}]}, "version": "1.0"}