{"error": "OK", "limit": 1, "offset": 0, "number_of_page_results": 1, "number_of_total_results": 1, "status_code": 1, "results": {"games": [{"api_detail_url": "https://www.giantbomb.com/api/game/3030-23133/", "id": 23133, "name": "Super Family Tennis", "site_detail_url": "https://www.giantbomb.com/super-family-tennis/3030-23133/"}, {"api_detail_url": "https://www.giantbomb.com/api/game/3030-23940/", "id": 23940, "name": "Family Tennis", "site_detail_url": "https://www.giantbomb.com/family-tennis/3030-23940/"}, {"api_detail_url": "https://www.giantbomb.com/api/game/3030-23941/", "id": 23941, "name": "Family Tennis Advance", "site_detail_url": "https://www.giantbomb.com/family-tennis-advance/3030-23941/"}]}, "version": "1.0"}