{"error": "OK", "limit": 1, "offset": 0, "number_of_page_results": 1, "number_of_total_results": 1, "status_code": 1, "results": {"games": [{"api_detail_url": "https://www.giantbomb.com/api/game/3030-890/", "id": 890, "name": "Devil May Cry 3: Dante's Awakening", "site_detail_url": "https://www.giantbomb.com/devil-may-cry-3-dantes-awakening/3030-890/"}, {"api_detail_url": "https://www.giantbomb.com/api/game/3030-6681/", "id": 6681, "name": "Devil May Cry 4", "site_detail_url": "https://www.giantbomb.com/devil-may-cry-4/3030-6681/"}, {"api_detail_url": "https://www.giantbomb.com/api/game/3030-16741/", "id": 16741, "name": "Devil May Cry 2", "site_detail_url": "https://www.giantbomb.com/devil-may-cry-2/3030-16741/"}, {"api_detail_url": "https://www.giantbomb.com/api/game/3030-32686/", "id": 32686, "name": "DmC Devil May Cry", "site_detail_url": "https://www.giantbomb.com/dmc-devil-may-cry/3030-32686/"}, {"api_detail_url": "https://www.giantbomb.com/api/game/3030-36707/", "id": 36707, "name": "Devil May Cry HD Collection", "site_detail_url": "https://www.giantbomb.com/devil-may-cry-hd-collection/3030-36707/"}, {"api_detail_url": "https://www.giantbomb.com/api/game/3030-45075/", "id": 45075, "name": "Pachi-Slot Devil May Cry 4", "site_detail_url": "https://www.giantbomb.com/pachislot-devil-may-cry-4/3030-45075/"}, {"api_detail_url": "https://www.giantbomb.com/api/game/3030-13072/", "id": 13072, "name": "Devil May Cry", "site_detail_url": "https://www.giantbomb.com/devil-may-cry/3030-13072/"}, {"api_detail_url": "https://www.giantbomb.com/api/game/3030-48692/", "id": 48692, "name": "Devil May Cry 3: Special Edition", "site_detail_url": "https://www.giantbomb.com/devil-may-cry-3-special-edition/3030-48692/"}, {"api_detail_url": "https://www.giantbomb.com/api/game/3030-48824/", "id": 48824, "name": "Devil May Cry 4 refrain", "site_detail_url": "https://www.giantbomb.com/devil-may-cry-4-refrain/3030-48824/"}, {"api_detail_url": "https://www.giantbomb.com/api/game/3030-48439/", "id": 48439, "name": "Devil May Cry 4: Special Edition", "site_detail_url": "https://www.giantbomb.com/devil-may-cry-4-special-edition/3030-48439/"}, {"api_detail_url": "https://www.giantbomb.com/api/game/3030-68910/", "id": 68910, "name": "Devil May Cry 5", "site_detail_url": "https://www.giantbomb.com/devil-may-cry-5/3030-68910/"}, {"api_detail_url": "https://www.giantbomb.com/api/game/3030-79796/", "id": 79796, "name": "Devil May Cry: Pinnacle of Combat", "site_detail_url": "https://www.giantbomb.com/devil-may-cry-pinnacle-of-combat/3030-79796/"}]}, "version": "1.0"}