{"error": "OK", "limit": 1, "offset": 0, "number_of_page_results": 1, "number_of_total_results": 1, "status_code": 1, "results": {"games": [{"api_detail_url": "https://www.giantbomb.com/api/game/3030-7666/", "id": 7666, "name": "Pro Rugby Manager", "site_detail_url": "https://www.giantbomb.com/pro-rugby-manager/3030-7666/"}, {"api_detail_url": "https://www.giantbomb.com/api/game/3030-27246/", "id": 27246, "name": "Pro Rugby Manager 2", "site_detail_url": "https://www.giantbomb.com/pro-rugby-manager-2/3030-27246/"}]}, "version": "1.0"}