{"error": "OK", "limit": 1, "offset": 0, "number_of_page_results": 1, "number_of_total_results": 1, "status_code": 1, "results": {"games": [{"api_detail_url": "https://www.giantbomb.com/api/game/3030-22885/", "id": 22885, "name": "Robocalypse", "site_detail_url": "https://www.giantbomb.com/robocalypse/3030-22885/"}, {"api_detail_url": "https://www.giantbomb.com/api/game/3030-25789/", "id": 25789, "name": "Robocalypse: Beaver Defense", "site_detail_url": "https://www.giantbomb.com/robocalypse-beaver-defense/3030-25789/"}]}, "version": "1.0"}