{"error": "OK", "limit": 1, "offset": 0, "number_of_page_results": 1, "number_of_total_results": 1, "status_code": 1, "results": {"games": [{"api_detail_url": "https://www.giantbomb.com/api/game/3030-17831/", "id": 17831, "name": "Metal Max", "site_detail_url": "https://www.giantbomb.com/metal-max/3030-17831/"}, {"api_detail_url": "https://www.giantbomb.com/api/game/3030-11899/", "id": 11899, "name": "Metal Max 2", "site_detail_url": "https://www.giantbomb.com/metal-max-2/3030-11899/"}, {"api_detail_url": "https://www.giantbomb.com/api/game/3030-6911/", "id": 6911, "name": "Metal Max Returns", "site_detail_url": "https://www.giantbomb.com/metal-max-returns/3030-6911/"}, {"api_detail_url": "https://www.giantbomb.com/api/game/3030-6639/", "id": 6639, "name": "Metal Saga", "site_detail_url": "https://www.giantbomb.com/metal-saga/3030-6639/"}, {"api_detail_url": "https://www.giantbomb.com/api/game/3030-30081/", "id": 30081, "name": "Metal Saga: Hagane no Kisetsu", "site_detail_url": "https://www.giantbomb.com/metal-saga-hagane-no-kisetsu/3030-30081/"}, {"api_detail_url": "https://www.giantbomb.com/api/game/3030-30297/", "id": 30297, "name": "Metal Max 3", "site_detail_url": "https://www.giantbomb.com/metal-max-3/3030-30297/"}, {"api_detail_url": "https://www.giantbomb.com/api/game/3030-35849/", "id": 35849, "name": "Metal Max 2 Reloaded", "site_detail_url": "https://www.giantbomb.com/metal-max-2-reloaded/3030-35849/"}, {"api_detail_url": "https://www.giantbomb.com/api/game/3030-43185/", "id": 43185, "name": "Metal Max 4: Moonlight Diva", "site_detail_url": "https://www.giantbomb.com/metal-max-4-moonlight-diva/3030-43185/"}, {"api_detail_url": "https://www.giantbomb.com/api/game/3030-62283/", "id": 62283, "name": "Metal Max Xeno", "site_detail_url": "https://www.giantbomb.com/metal-max-xeno/3030-62283/"}, {"api_detail_url": "https://www.giantbomb.com/api/game/3030-80543/", "id": 80543, "name": "Metal Max Xeno Reborn", "site_detail_url": "https://www.giantbomb.com/metal-max-xeno-reborn/3030-80543/"}, {"api_detail_url": "https://www.giantbomb.com/api/game/3030-85763/", "id": 85763, "name": "Metal Dogs", "site_detail_url": "https://www.giantbomb.com/metal-dogs/3030-85763/"}]}, "version": "1.0"}