{"error": "OK", "limit": 1, "offset": 0, "number_of_page_results": 1, "number_of_total_results": 1, "status_code": 1, "results": {"games": [{"api_detail_url": "https://www.giantbomb.com/api/game/3030-30669/", "id": 30669, "name": "Mirror's Edge", "site_detail_url": "https://www.giantbomb.com/mirrors-edge/3030-30669/"}, {"api_detail_url": "https://www.giantbomb.com/api/game/3030-34928/", "id": 34928, "name": "Mirror's Edge 2D", "site_detail_url": "https://www.giantbomb.com/mirrors-edge-2d/3030-34928/"}, {"api_detail_url": "https://www.giantbomb.com/api/game/3030-27028/", "id": 27028, "name": "Mirror's Edge Catalyst", "site_detail_url": "https://www.giantbomb.com/mirror-s-edge-catalyst/3030-27028/"}, {"api_detail_url": "https://www.giantbomb.com/api/game/3030-21213/", "id": 21213, "name": "Mirror's Edge", "site_detail_url": "https://www.giantbomb.com/mirrors-edge/3030-21213/"}]}, "version": "1.0"}