{"error": "OK", "limit": 1, "offset": 0, "number_of_page_results": 1, "number_of_total_results": 1, "status_code": 1, "results": {"games": [{"api_detail_url": "https://www.giantbomb.com/api/game/3030-15529/", "id": 15529, "name": "CellFactor: Revolution", "site_detail_url": "https://www.giantbomb.com/cellfactor-revolution/3030-15529/"}, {"api_detail_url": "https://www.giantbomb.com/api/game/3030-24876/", "id": 24876, "name": "CellFactor: Psychokinetic Wars", "site_detail_url": "https://www.giantbomb.com/cellfactor-psychokinetic-wars/3030-24876/"}]}, "version": "1.0"}