{"error": "OK", "limit": 1, "offset": 0, "number_of_page_results": 1, "number_of_total_results": 1, "status_code": 1, "results": {"games": [{"api_detail_url": "https://www.giantbomb.com/api/game/3030-2681/", "id": 2681, "name": "American McGee's Alice", "site_detail_url": "https://www.giantbomb.com/american-mcgees-alice/3030-2681/"}, {"api_detail_url": "https://www.giantbomb.com/api/game/3030-25371/", "id": 25371, "name": "Alice: Madness Returns", "site_detail_url": "https://www.giantbomb.com/alice-madness-returns/3030-25371/"}, {"api_detail_url": "https://www.giantbomb.com/api/game/3030-42742/", "id": 42742, "name": "Alice: Otherlands", "site_detail_url": "https://www.giantbomb.com/alice-otherlands/3030-42742/"}]}, "version": "1.0"}