{"error": "OK", "limit": 1, "offset": 0, "number_of_page_results": 1, "number_of_total_results": 1, "status_code": 1, "results": {"games": [{"api_detail_url": "https://www.giantbomb.com/api/game/3030-24064/", "id": 24064, "name": "Let's Catch", "site_detail_url": "https://www.giantbomb.com/lets-catch/3030-24064/"}, {"api_detail_url": "https://www.giantbomb.com/api/game/3030-24047/", "id": 24047, "name": "Let's Tap", "site_detail_url": "https://www.giantbomb.com/lets-tap/3030-24047/"}, {"api_detail_url": "https://www.giantbomb.com/api/game/3030-57926/", "id": 57926, "name": "Let's Tap: Tap Runner", "site_detail_url": "https://www.giantbomb.com/lets-tap-tap-runner/3030-57926/"}]}, "version": "1.0"}