{"error": "OK", "limit": 1, "offset": 0, "number_of_page_results": 1, "number_of_total_results": 1, "status_code": 1, "results": {"games": [{"api_detail_url": "https://www.giantbomb.com/api/game/3030-25002/", "id": 25002, "name": "Let's Play Mums", "site_detail_url": "https://www.giantbomb.com/lets-play-mums/3030-25002/"}, {"api_detail_url": "https://www.giantbomb.com/api/game/3030-25003/", "id": 25003, "name": "Dreamer Series: Teacher", "site_detail_url": "https://www.giantbomb.com/dreamer-series-teacher/3030-25003/"}, {"api_detail_url": "https://www.giantbomb.com/api/game/3030-25004/", "id": 25004, "name": "Dreamer: Shop Owner", "site_detail_url": "https://www.giantbomb.com/dreamer-shop-owner/3030-25004/"}, {"api_detail_url": "https://www.giantbomb.com/api/game/3030-25006/", "id": 25006, "name": "Let's Play Pet Hospital", "site_detail_url": "https://www.giantbomb.com/lets-play-pet-hospital/3030-25006/"}, {"api_detail_url": "https://www.giantbomb.com/api/game/3030-25007/", "id": 25007, "name": "Let's Play Fashion Designer", "site_detail_url": "https://www.giantbomb.com/lets-play-fashion-designer/3030-25007/"}, {"api_detail_url": "https://www.giantbomb.com/api/game/3030-25008/", "id": 25008, "name": "Let's Play Firemen", "site_detail_url": "https://www.giantbomb.com/lets-play-firemen/3030-25008/"}, {"api_detail_url": "https://www.giantbomb.com/api/game/3030-24659/", "id": 24659, "name": "Dreamer Series: Puppy Trainer", "site_detail_url": "https://www.giantbomb.com/dreamer-series-puppy-trainer/3030-24659/"}, {"api_detail_url": "https://www.giantbomb.com/api/game/3030-25816/", "id": 25816, "name": "Dreamer Series: Pop Star", "site_detail_url": "https://www.giantbomb.com/dreamer-series-pop-star/3030-25816/"}, {"api_detail_url": "https://www.giantbomb.com/api/game/3030-25817/", "id": 25817, "name": "Dreamer Series: Top Model", "site_detail_url": "https://www.giantbomb.com/dreamer-series-top-model/3030-25817/"}, {"api_detail_url": "https://www.giantbomb.com/api/game/3030-32236/", "id": 32236, "name": "Dreamer Series: Horse Trainer", "site_detail_url": "https://www.giantbomb.com/dreamer-series-horse-trainer/3030-32236/"}, {"api_detail_url": "https://www.giantbomb.com/api/game/3030-32233/", "id": 32233, "name": "Dreamer Series: Babysitter", "site_detail_url": "https://www.giantbomb.com/dreamer-series-babysitter/3030-32233/"}, {"api_detail_url": "https://www.giantbomb.com/api/game/3030-29572/", "id": 29572, "name": "Dreamer: Zoo Keeper", "site_detail_url": "https://www.giantbomb.com/dreamer-zoo-keeper/3030-29572/"}]}, "version": "1.0"}