{"error": "OK", "limit": 1, "offset": 0, "number_of_page_results": 1, "number_of_total_results": 1, "status_code": 1, "results": {"games": [{"api_detail_url": "https://www.giantbomb.com/api/game/3030-22322/", "id": 22322, "name": "Professor Layton and the Diabolical Box", "site_detail_url": "https://www.giantbomb.com/professor-layton-and-the-diabolical-box/3030-22322/"}, {"api_detail_url": "https://www.giantbomb.com/api/game/3030-22336/", "id": 22336, "name": "Professor Layton and the Unwound Future", "site_detail_url": "https://www.giantbomb.com/professor-layton-and-the-unwound-future/3030-22336/"}, {"api_detail_url": "https://www.giantbomb.com/api/game/3030-29298/", "id": 29298, "name": "Professor Layton and the Miracle Mask", "site_detail_url": "https://www.giantbomb.com/professor-layton-and-the-miracle-mask/3030-29298/"}, {"api_detail_url": "https://www.giantbomb.com/api/game/3030-29299/", "id": 29299, "name": "Professor Layton and the Last Specter", "site_detail_url": "https://www.giantbomb.com/professor-layton-and-the-last-specter/3030-29299/"}, {"api_detail_url": "https://www.giantbomb.com/api/game/3030-32927/", "id": 32927, "name": "Professor Layton vs. Phoenix Wright: Ace Attorney", "site_detail_url": "https://www.giantbomb.com/professor-layton-vs-phoenix-wright-ace-attorney/3030-32927/"}, {"api_detail_url": "https://www.giantbomb.com/api/game/3030-32987/", "id": 32987, "name": "Layton Brothers: Mystery Room", "site_detail_url": "https://www.giantbomb.com/layton-brothers-mystery-room/3030-32987/"}, {"api_detail_url": "https://www.giantbomb.com/api/game/3030-39570/", "id": 39570, "name": "Professor Layton and the Azran Legacy", "site_detail_url": "https://www.giantbomb.com/professor-layton-and-the-azran-legacy/3030-39570/"}, {"api_detail_url": "https://www.giantbomb.com/api/game/3030-11865/", "id": 11865, "name": "Professor Layton and the Curious Village", "site_detail_url": "https://www.giantbomb.com/professor-layton-and-the-curious-village/3030-11865/"}, {"api_detail_url": "https://www.giantbomb.com/api/game/3030-51796/", "id": 51796, "name": "Layton 7", "site_detail_url": "https://www.giantbomb.com/layton-7/3030-51796/"}, {"api_detail_url": "https://www.giantbomb.com/api/game/3030-54762/", "id": 54762, "name": "Layton\u2019s Mystery Journey: Katrielle and the Millionaires\u2019 Conspiracy", "site_detail_url": "https://www.giantbomb.com/laytons-mystery-journey-katrielle-and-the-milliona/3030-54762/"}, {"api_detail_url": "https://www.giantbomb.com/api/game/3030-88441/", "id": 88441, "name": "Professor Layton and The New World of Steam", "site_detail_url": "https://www.giantbomb.com/professor-layton-and-the-new-world-of-steam/3030-88441/"}]}, "version": "1.0"}