{"error": "OK", "limit": 1, "offset": 0, "number_of_page_results": 1, "number_of_total_results": 1, "status_code": 1, "results": {"games": [{"api_detail_url": "https://www.giantbomb.com/api/game/3030-8600/", "id": 8600, "name": "Xenosaga: Episode III - Also Sprach Zarathustra", "site_detail_url": "https://www.giantbomb.com/xenosaga-episode-iii-also-sprach-zarathustra/3030-8600/"}, {"api_detail_url": "https://www.giantbomb.com/api/game/3030-11093/", "id": 11093, "name": "Xenosaga: Episode II - Jenseits von Gut und B\u00f6se", "site_detail_url": "https://www.giantbomb.com/xenosaga-episode-ii-jenseits-von-gut-und-bose/3030-11093/"}, {"api_detail_url": "https://www.giantbomb.com/api/game/3030-11881/", "id": 11881, "name": "Xenosaga I+II", "site_detail_url": "https://www.giantbomb.com/xenosaga-iii/3030-11881/"}, {"api_detail_url": "https://www.giantbomb.com/api/game/3030-20336/", "id": 20336, "name": "Xenosaga: Episode I - Der Wille zur Macht", "site_detail_url": "https://www.giantbomb.com/xenosaga-episode-i-der-wille-zur-macht/3030-20336/"}, {"api_detail_url": "https://www.giantbomb.com/api/game/3030-46191/", "id": 46191, "name": "Xenosaga Freaks", "site_detail_url": "https://www.giantbomb.com/xenosaga-freaks/3030-46191/"}]}, "version": "1.0"}