{"error": "OK", "limit": 1, "offset": 0, "number_of_page_results": 1, "number_of_total_results": 1, "status_code": 1, "results": {"games": [{"api_detail_url": "https://www.giantbomb.com/api/game/3030-13974/", "id": 13974, "name": "Pok\u00e9mon Mystery Dungeon: Blue/Red Rescue Team", "site_detail_url": "https://www.giantbomb.com/pokemon-mystery-dungeon-bluered-rescue-team/3030-13974/"}, {"api_detail_url": "https://www.giantbomb.com/api/game/3030-21294/", "id": 21294, "name": "Pok\u00e9mon Mystery Dungeon: Explorers of Darkness/Time", "site_detail_url": "https://www.giantbomb.com/pokemon-mystery-dungeon-explorers-of-darknesstime/3030-21294/"}, {"api_detail_url": "https://www.giantbomb.com/api/game/3030-25074/", "id": 25074, "name": "Pok\u00e9mon Mystery Dungeon: Explorers of Sky", "site_detail_url": "https://www.giantbomb.com/pokemon-mystery-dungeon-explorers-of-sky/3030-25074/"}, {"api_detail_url": "https://www.giantbomb.com/api/game/3030-37471/", "id": 37471, "name": "Pok\u00e9mon Fushigi no Dungeon: Ikuzo! Arashi/Mezase! Hikari/Susume! Honoo no Boukendan", "site_detail_url": "https://www.giantbomb.com/pokemon-fushigi-no-dungeon-ikuzo-arashimezase-hika/3030-37471/"}, {"api_detail_url": "https://www.giantbomb.com/api/game/3030-39762/", "id": 39762, "name": "Pok\u00e9mon Mystery Dungeon: Gates to Infinity", "site_detail_url": "https://www.giantbomb.com/pokemon-mystery-dungeon-gates-to-infinity/3030-39762/"}, {"api_detail_url": "https://www.giantbomb.com/api/game/3030-49725/", "id": 49725, "name": "Pok\u00e9mon Super Mystery Dungeon", "site_detail_url": "https://www.giantbomb.com/pokemon-super-mystery-dungeon/3030-49725/"}, {"api_detail_url": "https://www.giantbomb.com/api/game/3030-77146/", "id": 77146, "name": "Pok\u00e9mon Mystery Dungeon: Rescue Team DX", "site_detail_url": "https://www.giantbomb.com/pokemon-mystery-dungeon-rescue-team-dx/3030-77146/"}]}, "version": "1.0"}