{"error": "OK", "limit": 1, "offset": 0, "number_of_page_results": 1, "number_of_total_results": 1, "status_code": 1, "results": {"games": [{"api_detail_url": "https://www.giantbomb.com/api/game/3030-18970/", "id": 18970, "name": "Animorphs", "site_detail_url": "https://www.giantbomb.com/animorphs/3030-18970/"}, {"api_detail_url": "https://www.giantbomb.com/api/game/3030-9114/", "id": 9114, "name": "Animorphs: Shattered Reality", "site_detail_url": "https://www.giantbomb.com/animorphs-shattered-reality/3030-9114/"}, {"api_detail_url": "https://www.giantbomb.com/api/game/3030-12882/", "id": 12882, "name": "Animorphs: Know the Secret", "site_detail_url": "https://www.giantbomb.com/animorphs-know-the-secret/3030-12882/"}]}, "version": "1.0"}