{"error": "OK", "limit": 1, "offset": 0, "number_of_page_results": 1, "number_of_total_results": 1, "status_code": 1, "results": {"games": [{"api_detail_url": "https://www.giantbomb.com/api/game/3030-14726/", "id": 14726, "name": "NASCAR Racing", "site_detail_url": "https://www.giantbomb.com/nascar-racing/3030-14726/"}, {"api_detail_url": "https://www.giantbomb.com/api/game/3030-2461/", "id": 2461, "name": "NASCAR Racing 2", "site_detail_url": "https://www.giantbomb.com/nascar-racing-2/3030-2461/"}, {"api_detail_url": "https://www.giantbomb.com/api/game/3030-927/", "id": 927, "name": "NASCAR Racing 3", "site_detail_url": "https://www.giantbomb.com/nascar-racing-3/3030-927/"}, {"api_detail_url": "https://www.giantbomb.com/api/game/3030-2611/", "id": 2611, "name": "NASCAR Racing 4", "site_detail_url": "https://www.giantbomb.com/nascar-racing-4/3030-2611/"}, {"api_detail_url": "https://www.giantbomb.com/api/game/3030-21724/", "id": 21724, "name": "NASCAR Racing 2002 Season", "site_detail_url": "https://www.giantbomb.com/nascar-racing-2002-season/3030-21724/"}, {"api_detail_url": "https://www.giantbomb.com/api/game/3030-5856/", "id": 5856, "name": "NASCAR Racing 2003 Season", "site_detail_url": "https://www.giantbomb.com/nascar-racing-2003-season/3030-5856/"}, {"api_detail_url": "https://www.giantbomb.com/api/game/3030-11823/", "id": 11823, "name": "NASCAR Racing - 1999 Edition", "site_detail_url": "https://www.giantbomb.com/nascar-racing-1999-edition/3030-11823/"}, {"api_detail_url": "https://www.giantbomb.com/api/game/3030-19981/", "id": 19981, "name": "NASCAR Legends", "site_detail_url": "https://www.giantbomb.com/nascar-legends/3030-19981/"}]}, "version": "1.0"}