{"error": "OK", "limit": 1, "offset": 0, "number_of_page_results": 1, "number_of_total_results": 1, "status_code": 1, "results": {"games": [{"api_detail_url": "https://www.giantbomb.com/api/game/3030-14447/", "id": 14447, "name": "EVE Online", "site_detail_url": "https://www.giantbomb.com/eve-online/3030-14447/"}, {"api_detail_url": "https://www.giantbomb.com/api/game/3030-27863/", "id": 27863, "name": "Dust 514", "site_detail_url": "https://www.giantbomb.com/dust-514/3030-27863/"}, {"api_detail_url": "https://www.giantbomb.com/api/game/3030-38612/", "id": 38612, "name": "Dust 514: Neocom", "site_detail_url": "https://www.giantbomb.com/dust-514-neocom/3030-38612/"}, {"api_detail_url": "https://www.giantbomb.com/api/game/3030-43609/", "id": 43609, "name": "EVE: Valkyrie", "site_detail_url": "https://www.giantbomb.com/eve-valkyrie/3030-43609/"}, {"api_detail_url": "https://www.giantbomb.com/api/game/3030-46215/", "id": 46215, "name": "Project Legion", "site_detail_url": "https://www.giantbomb.com/project-legion/3030-46215/"}, {"api_detail_url": "https://www.giantbomb.com/api/game/3030-50507/", "id": 50507, "name": "Gunjack", "site_detail_url": "https://www.giantbomb.com/gunjack/3030-50507/"}, {"api_detail_url": "https://www.giantbomb.com/api/game/3030-53879/", "id": 53879, "name": "Gunjack Next (working title)", "site_detail_url": "https://www.giantbomb.com/gunjack-next-working-title/3030-53879/"}, {"api_detail_url": "https://www.giantbomb.com/api/game/3030-68443/", "id": 68443, "name": "EVE: War of Ascension", "site_detail_url": "https://www.giantbomb.com/eve-war-of-ascension/3030-68443/"}, {"api_detail_url": "https://www.giantbomb.com/api/game/3030-76242/", "id": 76242, "name": "Eve: Echoes", "site_detail_url": "https://www.giantbomb.com/eve-echoes/3030-76242/"}]}, "version": "1.0"}