{"error": "OK", "limit": 1, "offset": 0, "number_of_page_results": 1, "number_of_total_results": 1, "status_code": 1, "results": {"games": [{"api_detail_url": "https://www.giantbomb.com/api/game/3030-21979/", "id": 21979, "name": "The Cheetah Girls: Passport for Stardom", "site_detail_url": "https://www.giantbomb.com/the-cheetah-girls-passport-for-stardom/3030-21979/"}, {"api_detail_url": "https://www.giantbomb.com/api/game/3030-27900/", "id": 27900, "name": "The Cheetah Girls: Pop Star Sensations", "site_detail_url": "https://www.giantbomb.com/the-cheetah-girls-pop-star-sensations/3030-27900/"}]}, "version": "1.0"}