{"error": "OK", "limit": 1, "offset": 0, "number_of_page_results": 1, "number_of_total_results": 1, "status_code": 1, "results": {"games": [{"api_detail_url": "https://www.giantbomb.com/api/game/3030-2133/", "id": 2133, "name": "Call of Duty 4: Modern Warfare", "site_detail_url": "https://www.giantbomb.com/call-of-duty-4-modern-warfare/3030-2133/"}, {"api_detail_url": "https://www.giantbomb.com/api/game/3030-25636/", "id": 25636, "name": "Call of Duty 4: Modern Warfare", "site_detail_url": "https://www.giantbomb.com/call-of-duty-4-modern-warfare/3030-25636/"}, {"api_detail_url": "https://www.giantbomb.com/api/game/3030-27664/", "id": 27664, "name": "Call of Duty: Modern Warfare: Mobilized", "site_detail_url": "https://www.giantbomb.com/call-of-duty-modern-warfare-mobilized/3030-27664/"}, {"api_detail_url": "https://www.giantbomb.com/api/game/3030-29221/", "id": 29221, "name": "Call of Duty: Modern Warfare Reflex Edition", "site_detail_url": "https://www.giantbomb.com/call-of-duty-modern-warfare-reflex-edition/3030-29221/"}, {"api_detail_url": "https://www.giantbomb.com/api/game/3030-35129/", "id": 35129, "name": "Call of Duty: Modern Warfare 3", "site_detail_url": "https://www.giantbomb.com/call-of-duty-modern-warfare-3/3030-35129/"}, {"api_detail_url": "https://www.giantbomb.com/api/game/3030-24713/", "id": 24713, "name": "Call of Duty: Modern Warfare 2", "site_detail_url": "https://www.giantbomb.com/call-of-duty-modern-warfare-2/3030-24713/"}, {"api_detail_url": "https://www.giantbomb.com/api/game/3030-73517/", "id": 73517, "name": "Call of Duty: Modern Warfare", "site_detail_url": "https://www.giantbomb.com/call-of-duty-modern-warfare/3030-73517/"}, {"api_detail_url": "https://www.giantbomb.com/api/game/3030-77550/", "id": 77550, "name": "Call of Duty: Warzone", "site_detail_url": "https://www.giantbomb.com/call-of-duty-warzone/3030-77550/"}, {"api_detail_url": "https://www.giantbomb.com/api/game/3030-87347/", "id": 87347, "name": "Call of Duty: Warzone Mobile", "site_detail_url": "https://www.giantbomb.com/call-of-duty-warzone-mobile/3030-87347/"}, {"api_detail_url": "https://www.giantbomb.com/api/game/3030-87424/", "id": 87424, "name": "Call of Duty: Warzone 2.0", "site_detail_url": "https://www.giantbomb.com/call-of-duty-warzone-20/3030-87424/"}, {"api_detail_url": "https://www.giantbomb.com/api/game/3030-85447/", "id": 85447, "name": "Call of Duty: Modern Warfare II", "site_detail_url": "https://www.giantbomb.com/call-of-duty-modern-warfare-ii/3030-85447/"}]}, "version": "1.0"}