{"error": "OK", "limit": 1, "offset": 0, "number_of_page_results": 1, "number_of_total_results": 1, "status_code": 1, "results": {"games": [{"api_detail_url": "https://www.giantbomb.com/api/game/3030-23882/", "id": 23882, "name": "DJ Hero", "site_detail_url": "https://www.giantbomb.com/dj-hero/3030-23882/"}, {"api_detail_url": "https://www.giantbomb.com/api/game/3030-26367/", "id": 26367, "name": "Band Hero", "site_detail_url": "https://www.giantbomb.com/band-hero/3030-26367/"}, {"api_detail_url": "https://www.giantbomb.com/api/game/3030-22562/", "id": 22562, "name": "Guitar Hero: Metallica", "site_detail_url": "https://www.giantbomb.com/guitar-hero-metallica/3030-22562/"}, {"api_detail_url": "https://www.giantbomb.com/api/game/3030-25521/", "id": 25521, "name": "Guitar Hero: Smash Hits", "site_detail_url": "https://www.giantbomb.com/guitar-hero-smash-hits/3030-25521/"}, {"api_detail_url": "https://www.giantbomb.com/api/game/3030-6311/", "id": 6311, "name": "Guitar Hero", "site_detail_url": "https://www.giantbomb.com/guitar-hero/3030-6311/"}, {"api_detail_url": "https://www.giantbomb.com/api/game/3030-14916/", "id": 14916, "name": "Guitar Hero II", "site_detail_url": "https://www.giantbomb.com/guitar-hero-ii/3030-14916/"}, {"api_detail_url": "https://www.giantbomb.com/api/game/3030-4031/", "id": 4031, "name": "Guitar Hero III: Legends of Rock", "site_detail_url": "https://www.giantbomb.com/guitar-hero-iii-legends-of-rock/3030-4031/"}, {"api_detail_url": "https://www.giantbomb.com/api/game/3030-20673/", "id": 20673, "name": "Guitar Hero World Tour", "site_detail_url": "https://www.giantbomb.com/guitar-hero-world-tour/3030-20673/"}, {"api_detail_url": "https://www.giantbomb.com/api/game/3030-24711/", "id": 24711, "name": "Guitar Hero 5", "site_detail_url": "https://www.giantbomb.com/guitar-hero-5/3030-24711/"}, {"api_detail_url": "https://www.giantbomb.com/api/game/3030-21102/", "id": 21102, "name": "Guitar Hero On Tour: Decades", "site_detail_url": "https://www.giantbomb.com/guitar-hero-on-tour-decades/3030-21102/"}, {"api_detail_url": "https://www.giantbomb.com/api/game/3030-24920/", "id": 24920, "name": "Guitar Hero On Tour: Modern Hits", "site_detail_url": "https://www.giantbomb.com/guitar-hero-on-tour-modern-hits/3030-24920/"}, {"api_detail_url": "https://www.giantbomb.com/api/game/3030-20639/", "id": 20639, "name": "Guitar Hero: On Tour", "site_detail_url": "https://www.giantbomb.com/guitar-hero-on-tour/3030-20639/"}, {"api_detail_url": "https://www.giantbomb.com/api/game/3030-25536/", "id": 25536, "name": "Guitar Hero: Van Halen", "site_detail_url": "https://www.giantbomb.com/guitar-hero-van-halen/3030-25536/"}, {"api_detail_url": "https://www.giantbomb.com/api/game/3030-12241/", "id": 12241, "name": "Guitar Hero Encore: Rocks the 80s", "site_detail_url": "https://www.giantbomb.com/guitar-hero-encore-rocks-the-80s/3030-12241/"}, {"api_detail_url": "https://www.giantbomb.com/api/game/3030-29778/", "id": 29778, "name": "DJ Hero 2", "site_detail_url": "https://www.giantbomb.com/dj-hero-2/3030-29778/"}, {"api_detail_url": "https://www.giantbomb.com/api/game/3030-30014/", "id": 30014, "name": "Guitar Hero: Warriors of Rock", "site_detail_url": "https://www.giantbomb.com/guitar-hero-warriors-of-rock/3030-30014/"}, {"api_detail_url": "https://www.giantbomb.com/api/game/3030-31632/", "id": 31632, "name": "Guitar Hero", "site_detail_url": "https://www.giantbomb.com/guitar-hero/3030-31632/"}, {"api_detail_url": "https://www.giantbomb.com/api/game/3030-27138/", "id": 27138, "name": "Guitar Hero Arcade", "site_detail_url": "https://www.giantbomb.com/guitar-hero-arcade/3030-27138/"}, {"api_detail_url": "https://www.giantbomb.com/api/game/3030-49459/", "id": 49459, "name": "Guitar Hero Live", "site_detail_url": "https://www.giantbomb.com/guitar-hero-live/3030-49459/"}]}, "version": "1.0"}