{"error": "OK", "limit": 1, "offset": 0, "number_of_page_results": 1, "number_of_total_results": 1, "status_code": 1, "results": {"games": [{"api_detail_url": "https://www.giantbomb.com/api/game/3030-25383/", "id": 25383, "name": "School Days", "site_detail_url": "https://www.giantbomb.com/school-days/3030-25383/"}, {"api_detail_url": "https://www.giantbomb.com/api/game/3030-25398/", "id": 25398, "name": "Cross Days", "site_detail_url": "https://www.giantbomb.com/cross-days/3030-25398/"}, {"api_detail_url": "https://www.giantbomb.com/api/game/3030-25397/", "id": 25397, "name": "Summer Days", "site_detail_url": "https://www.giantbomb.com/summer-days/3030-25397/"}, {"api_detail_url": "https://www.giantbomb.com/api/game/3030-76773/", "id": 76773, "name": "Shiny Days", "site_detail_url": "https://www.giantbomb.com/shiny-days/3030-76773/"}]}, "version": "1.0"}