{"error": "OK", "limit": 1, "offset": 0, "number_of_page_results": 1, "number_of_total_results": 1, "status_code": 1, "results": {"games": [{"api_detail_url": "https://www.giantbomb.com/api/game/3030-27744/", "id": 27744, "name": "Gladiator Begins", "site_detail_url": "https://www.giantbomb.com/gladiator-begins/3030-27744/"}, {"api_detail_url": "https://www.giantbomb.com/api/game/3030-582/", "id": 582, "name": "Colosseum: Road to Freedom", "site_detail_url": "https://www.giantbomb.com/colosseum-road-to-freedom/3030-582/"}, {"api_detail_url": "https://www.giantbomb.com/api/game/3030-36593/", "id": 36593, "name": "Clan of Champions", "site_detail_url": "https://www.giantbomb.com/clan-of-champions/3030-36593/"}, {"api_detail_url": "https://www.giantbomb.com/api/game/3030-76241/", "id": 76241, "name": "Gladiator X", "site_detail_url": "https://www.giantbomb.com/gladiator-x/3030-76241/"}]}, "version": "1.0"}