{"error": "OK", "limit": 1, "offset": 0, "number_of_page_results": 1, "number_of_total_results": 1, "status_code": 1, "results": {"games": [{"api_detail_url": "https://www.giantbomb.com/api/game/3030-295/", "id": 295, "name": "The Legend of Kyrandia", "site_detail_url": "https://www.giantbomb.com/the-legend-of-kyrandia/3030-295/"}, {"api_detail_url": "https://www.giantbomb.com/api/game/3030-14164/", "id": 14164, "name": "The Legend of Kyrandia: Malcolm's Revenge", "site_detail_url": "https://www.giantbomb.com/the-legend-of-kyrandia-malcolms-revenge/3030-14164/"}, {"api_detail_url": "https://www.giantbomb.com/api/game/3030-14732/", "id": 14732, "name": "The Legend of Kyrandia: Hand of Fate", "site_detail_url": "https://www.giantbomb.com/the-legend-of-kyrandia-hand-of-fate/3030-14732/"}]}, "version": "1.0"}