{"error": "OK", "limit": 1, "offset": 0, "number_of_page_results": 1, "number_of_total_results": 1, "status_code": 1, "results": {"games": [{"api_detail_url": "https://www.giantbomb.com/api/game/3030-2295/", "id": 2295, "name": "Domokun no Fushigi Terebi", "site_detail_url": "https://www.giantbomb.com/domokun-no-fushigi-terebi/3030-2295/"}, {"api_detail_url": "https://www.giantbomb.com/api/game/3030-26899/", "id": 26899, "name": "Pro-Putt Domo", "site_detail_url": "https://www.giantbomb.com/pro-putt-domo/3030-26899/"}, {"api_detail_url": "https://www.giantbomb.com/api/game/3030-26898/", "id": 26898, "name": "Rock-n-Roll Domo", "site_detail_url": "https://www.giantbomb.com/rock-n-roll-domo/3030-26898/"}, {"api_detail_url": "https://www.giantbomb.com/api/game/3030-26897/", "id": 26897, "name": "Hard-Hat Domo", "site_detail_url": "https://www.giantbomb.com/hard-hat-domo/3030-26897/"}, {"api_detail_url": "https://www.giantbomb.com/api/game/3030-26896/", "id": 26896, "name": "White-Water Domo", "site_detail_url": "https://www.giantbomb.com/white-water-domo/3030-26896/"}, {"api_detail_url": "https://www.giantbomb.com/api/game/3030-26895/", "id": 26895, "name": "Crash-Course Domo", "site_detail_url": "https://www.giantbomb.com/crash-course-domo/3030-26895/"}, {"api_detail_url": "https://www.giantbomb.com/api/game/3030-41237/", "id": 41237, "name": "Domo: The Journey", "site_detail_url": "https://www.giantbomb.com/domo-the-journey/3030-41237/"}, {"api_detail_url": "https://www.giantbomb.com/api/game/3030-42863/", "id": 42863, "name": "Domo Jump", "site_detail_url": "https://www.giantbomb.com/domo-jump/3030-42863/"}, {"api_detail_url": "https://www.giantbomb.com/api/game/3030-56798/", "id": 56798, "name": "Domo-kun Angry Smashfest!", "site_detail_url": "https://www.giantbomb.com/domo-kun-angry-smashfest/3030-56798/"}]}, "version": "1.0"}