{"error": "OK", "limit": 1, "offset": 0, "number_of_page_results": 1, "number_of_total_results": 1, "status_code": 1, "results": {"games": [{"api_detail_url": "https://www.giantbomb.com/api/game/3030-20632/", "id": 20632, "name": "Deca Sports", "site_detail_url": "https://www.giantbomb.com/deca-sports/3030-20632/"}, {"api_detail_url": "https://www.giantbomb.com/api/game/3030-25861/", "id": 25861, "name": "Deca Sports 2", "site_detail_url": "https://www.giantbomb.com/deca-sports-2/3030-25861/"}, {"api_detail_url": "https://www.giantbomb.com/api/game/3030-29716/", "id": 29716, "name": "Deca Sports DS", "site_detail_url": "https://www.giantbomb.com/deca-sports-ds/3030-29716/"}, {"api_detail_url": "https://www.giantbomb.com/api/game/3030-30634/", "id": 30634, "name": "Deca Sports 3", "site_detail_url": "https://www.giantbomb.com/deca-sports-3/3030-30634/"}, {"api_detail_url": "https://www.giantbomb.com/api/game/3030-31802/", "id": 31802, "name": "Deca Sports Freedom", "site_detail_url": "https://www.giantbomb.com/deca-sports-freedom/3030-31802/"}, {"api_detail_url": "https://www.giantbomb.com/api/game/3030-33900/", "id": 33900, "name": "Deca Sports Extreme", "site_detail_url": "https://www.giantbomb.com/deca-sports-extreme/3030-33900/"}]}, "version": "1.0"}