{"error": "OK", "limit": 1, "offset": 0, "number_of_page_results": 1, "number_of_total_results": 1, "status_code": 1, "results": {"games": [{"api_detail_url": "https://www.giantbomb.com/api/game/3030-21449/", "id": 21449, "name": "Eyeshield 21", "site_detail_url": "https://www.giantbomb.com/eyeshield-21/3030-21449/"}, {"api_detail_url": "https://www.giantbomb.com/api/game/3030-21602/", "id": 21602, "name": "Eyeshield 21: Field no Saikyou Senshi Tachi", "site_detail_url": "https://www.giantbomb.com/eyeshield-21-field-no-saikyou-senshi-tachi/3030-21602/"}, {"api_detail_url": "https://www.giantbomb.com/api/game/3030-51914/", "id": 51914, "name": "Eyeshield 21: DevilBats DevilDays", "site_detail_url": "https://www.giantbomb.com/eyeshield-21-devilbats-devildays/3030-51914/"}, {"api_detail_url": "https://www.giantbomb.com/api/game/3030-54429/", "id": 54429, "name": "Eyeshield 21: Portable Edition", "site_detail_url": "https://www.giantbomb.com/eyeshield-21-portable-edition/3030-54429/"}, {"api_detail_url": "https://www.giantbomb.com/api/game/3030-54430/", "id": 54430, "name": "Eyeshield 21: AmeFoot Yarouze! Ya! Ha!", "site_detail_url": "https://www.giantbomb.com/eyeshield-21-amefoot-yarouze-ya-ha/3030-54430/"}]}, "version": "1.0"}