{"error": "OK", "limit": 1, "offset": 0, "number_of_page_results": 1, "number_of_total_results": 1, "status_code": 1, "results": {"games": [{"api_detail_url": "https://www.giantbomb.com/api/game/3030-13551/", "id": 13551, "name": "Akira", "site_detail_url": "https://www.giantbomb.com/akira/3030-13551/"}, {"api_detail_url": "https://www.giantbomb.com/api/game/3030-24088/", "id": 24088, "name": "Akira Psycho Ball", "site_detail_url": "https://www.giantbomb.com/akira-psycho-ball/3030-24088/"}, {"api_detail_url": "https://www.giantbomb.com/api/game/3030-26040/", "id": 26040, "name": "Akira", "site_detail_url": "https://www.giantbomb.com/akira/3030-26040/"}]}, "version": "1.0"}