{"error": "OK", "limit": 1, "offset": 0, "number_of_page_results": 1, "number_of_total_results": 1, "status_code": 1, "results": {"games": [{"api_detail_url": "https://www.giantbomb.com/api/game/3030-21950/", "id": 21950, "name": "Scene It? Box Office Smash", "site_detail_url": "https://www.giantbomb.com/scene-it-box-office-smash/3030-21950/"}, {"api_detail_url": "https://www.giantbomb.com/api/game/3030-3069/", "id": 3069, "name": "Scene It? Lights, Camera, Action", "site_detail_url": "https://www.giantbomb.com/scene-it-lights-camera-action/3030-3069/"}, {"api_detail_url": "https://www.giantbomb.com/api/game/3030-28917/", "id": 28917, "name": "Scene It? Bright Lights! Big Screen!", "site_detail_url": "https://www.giantbomb.com/scene-it-bright-lights-big-screen/3030-28917/"}, {"api_detail_url": "https://www.giantbomb.com/api/game/3030-28864/", "id": 28864, "name": "Scene It? Twilight", "site_detail_url": "https://www.giantbomb.com/scene-it-twilight/3030-28864/"}, {"api_detail_url": "https://www.giantbomb.com/api/game/3030-33639/", "id": 33639, "name": "Scene It? Harry Potter", "site_detail_url": "https://www.giantbomb.com/scene-it-harry-potter/3030-33639/"}, {"api_detail_url": "https://www.giantbomb.com/api/game/3030-33640/", "id": 33640, "name": "Scene It? Comedy Movies", "site_detail_url": "https://www.giantbomb.com/scene-it-comedy-movies/3030-33640/"}, {"api_detail_url": "https://www.giantbomb.com/api/game/3030-36970/", "id": 36970, "name": "Scene It? Movie Night: Mega Movies", "site_detail_url": "https://www.giantbomb.com/scene-it-movie-night-mega-movies/3030-36970/"}]}, "version": "1.0"}