{"error": "OK", "limit": 1, "offset": 0, "number_of_page_results": 1, "number_of_total_results": 1, "status_code": 1, "results": {"games": [{"api_detail_url": "https://www.giantbomb.com/api/game/3030-8406/", "id": 8406, "name": "Game Party", "site_detail_url": "https://www.giantbomb.com/game-party/3030-8406/"}, {"api_detail_url": "https://www.giantbomb.com/api/game/3030-24254/", "id": 24254, "name": "Game Party 2", "site_detail_url": "https://www.giantbomb.com/game-party-2/3030-24254/"}, {"api_detail_url": "https://www.giantbomb.com/api/game/3030-27825/", "id": 27825, "name": "Game Party 3", "site_detail_url": "https://www.giantbomb.com/game-party-3/3030-27825/"}, {"api_detail_url": "https://www.giantbomb.com/api/game/3030-32661/", "id": 32661, "name": "Game Party: In Motion", "site_detail_url": "https://www.giantbomb.com/game-party-in-motion/3030-32661/"}, {"api_detail_url": "https://www.giantbomb.com/api/game/3030-39277/", "id": 39277, "name": "Game Party Champions", "site_detail_url": "https://www.giantbomb.com/game-party-champions/3030-39277/"}, {"api_detail_url": "https://www.giantbomb.com/api/game/3030-70807/", "id": 70807, "name": "Party Arcade", "site_detail_url": "https://www.giantbomb.com/party-arcade/3030-70807/"}]}, "version": "1.0"}