{"error": "OK", "limit": 1, "offset": 0, "number_of_page_results": 1, "number_of_total_results": 1, "status_code": 1, "results": {"games": [{"api_detail_url": "https://www.giantbomb.com/api/game/3030-533/", "id": 533, "name": "Conan", "site_detail_url": "https://www.giantbomb.com/conan/3030-533/"}, {"api_detail_url": "https://www.giantbomb.com/api/game/3030-10141/", "id": 10141, "name": "Conan: The Cimmerian", "site_detail_url": "https://www.giantbomb.com/conan-the-cimmerian/3030-10141/"}, {"api_detail_url": "https://www.giantbomb.com/api/game/3030-9641/", "id": 9641, "name": "Age of Conan: Hyborian Adventures", "site_detail_url": "https://www.giantbomb.com/age-of-conan-hyborian-adventures/3030-9641/"}, {"api_detail_url": "https://www.giantbomb.com/api/game/3030-21210/", "id": 21210, "name": "Conan", "site_detail_url": "https://www.giantbomb.com/conan/3030-21210/"}, {"api_detail_url": "https://www.giantbomb.com/api/game/3030-27876/", "id": 27876, "name": "Age of Conan: Rise of the Godslayer", "site_detail_url": "https://www.giantbomb.com/age-of-conan-rise-of-the-godslayer/3030-27876/"}, {"api_detail_url": "https://www.giantbomb.com/api/game/3030-54974/", "id": 54974, "name": "Conan Exiles", "site_detail_url": "https://www.giantbomb.com/conan-exiles/3030-54974/"}, {"api_detail_url": "https://www.giantbomb.com/api/game/3030-73784/", "id": 73784, "name": "Conan Chop Chop", "site_detail_url": "https://www.giantbomb.com/conan-chop-chop/3030-73784/"}, {"api_detail_url": "https://www.giantbomb.com/api/game/3030-80404/", "id": 80404, "name": "Conan", "site_detail_url": "https://www.giantbomb.com/conan/3030-80404/"}]}, "version": "1.0"}