{"error": "OK", "limit": 1, "offset": 0, "number_of_page_results": 1, "number_of_total_results": 1, "status_code": 1, "results": {"games": [{"api_detail_url": "https://www.giantbomb.com/api/game/3030-11234/", "id": 11234, "name": "Eye of the Beholder", "site_detail_url": "https://www.giantbomb.com/eye-of-the-beholder/3030-11234/"}, {"api_detail_url": "https://www.giantbomb.com/api/game/3030-1500/", "id": 1500, "name": "Eye of the Beholder II: The Legend of Darkmoon", "site_detail_url": "https://www.giantbomb.com/eye-of-the-beholder-ii-the-legend-of-darkmoon/3030-1500/"}, {"api_detail_url": "https://www.giantbomb.com/api/game/3030-14326/", "id": 14326, "name": "Eye of the Beholder III: Assault on Myth Drannor", "site_detail_url": "https://www.giantbomb.com/eye-of-the-beholder-iii-assault-on-myth-drannor/3030-14326/"}, {"api_detail_url": "https://www.giantbomb.com/api/game/3030-18058/", "id": 18058, "name": "Dungeons & Dragons: Eye of the Beholder", "site_detail_url": "https://www.giantbomb.com/dungeons-dragons-eye-of-the-beholder/3030-18058/"}]}, "version": "1.0"}