{"error": "OK", "limit": 1, "offset": 0, "number_of_page_results": 1, "number_of_total_results": 1, "status_code": 1, "results": {"games": [{"api_detail_url": "https://www.giantbomb.com/api/game/3030-26913/", "id": 26913, "name": "Watchmen: The End is Nigh Part 2", "site_detail_url": "https://www.giantbomb.com/watchmen-the-end-is-nigh-part-2/3030-26913/"}, {"api_detail_url": "https://www.giantbomb.com/api/game/3030-57136/", "id": 57136, "name": "Watchmen: Justice is Coming", "site_detail_url": "https://www.giantbomb.com/watchmen-justice-is-coming/3030-57136/"}, {"api_detail_url": "https://www.giantbomb.com/api/game/3030-21847/", "id": 21847, "name": "Watchmen: The End is Nigh", "site_detail_url": "https://www.giantbomb.com/watchmen-the-end-is-nigh/3030-21847/"}]}, "version": "1.0"}