{"error": "OK", "limit": 1, "offset": 0, "number_of_page_results": 1, "number_of_total_results": 1, "status_code": 1, "results": {"games": [{"api_detail_url": "https://www.giantbomb.com/api/game/3030-23024/", "id": 23024, "name": "The Hardy Boys: The Hidden Theft", "site_detail_url": "https://www.giantbomb.com/the-hardy-boys-the-hidden-theft/3030-23024/"}, {"api_detail_url": "https://www.giantbomb.com/api/game/3030-27448/", "id": 27448, "name": "The Hardy Boys: Treasure on the Tracks", "site_detail_url": "https://www.giantbomb.com/the-hardy-boys-treasure-on-the-tracks/3030-27448/"}, {"api_detail_url": "https://www.giantbomb.com/api/game/3030-32926/", "id": 32926, "name": "The Hardy Boys: The Perfect Crime", "site_detail_url": "https://www.giantbomb.com/the-hardy-boys-the-perfect-crime/3030-32926/"}]}, "version": "1.0"}