{"error": "OK", "limit": 1, "offset": 0, "number_of_page_results": 1, "number_of_total_results": 1, "status_code": 1, "results": {"games": [{"api_detail_url": "https://www.giantbomb.com/api/game/3030-4996/", "id": 4996, "name": "Barbarian", "site_detail_url": "https://www.giantbomb.com/barbarian/3030-4996/"}, {"api_detail_url": "https://www.giantbomb.com/api/game/3030-1447/", "id": 1447, "name": "Barbarian II", "site_detail_url": "https://www.giantbomb.com/barbarian-ii/3030-1447/"}]}, "version": "1.0"}