{"error": "OK", "limit": 1, "offset": 0, "number_of_page_results": 1, "number_of_total_results": 1, "status_code": 1, "results": {"games": [{"api_detail_url": "https://www.giantbomb.com/api/game/3030-15473/", "id": 15473, "name": "Metroid Prime", "site_detail_url": "https://www.giantbomb.com/metroid-prime/3030-15473/"}, {"api_detail_url": "https://www.giantbomb.com/api/game/3030-1597/", "id": 1597, "name": "Metroid Prime 2: Echoes", "site_detail_url": "https://www.giantbomb.com/metroid-prime-2-echoes/3030-1597/"}, {"api_detail_url": "https://www.giantbomb.com/api/game/3030-4725/", "id": 4725, "name": "Metroid Prime 3: Corruption", "site_detail_url": "https://www.giantbomb.com/metroid-prime-3-corruption/3030-4725/"}, {"api_detail_url": "https://www.giantbomb.com/api/game/3030-6215/", "id": 6215, "name": "Metroid Prime: Hunters", "site_detail_url": "https://www.giantbomb.com/metroid-prime-hunters/3030-6215/"}, {"api_detail_url": "https://www.giantbomb.com/api/game/3030-5436/", "id": 5436, "name": "Metroid Prime Pinball", "site_detail_url": "https://www.giantbomb.com/metroid-prime-pinball/3030-5436/"}, {"api_detail_url": "https://www.giantbomb.com/api/game/3030-26559/", "id": 26559, "name": "Metroid Prime Trilogy", "site_detail_url": "https://www.giantbomb.com/metroid-prime-trilogy/3030-26559/"}, {"api_detail_url": "https://www.giantbomb.com/api/game/3030-49959/", "id": 49959, "name": "Metroid Prime: Federation Force", "site_detail_url": "https://www.giantbomb.com/metroid-prime-federation-force/3030-49959/"}, {"api_detail_url": "https://www.giantbomb.com/api/game/3030-54729/", "id": 54729, "name": "Metroid Prime: Blast Ball", "site_detail_url": "https://www.giantbomb.com/metroid-prime-blast-ball/3030-54729/"}, {"api_detail_url": "https://www.giantbomb.com/api/game/3030-59939/", "id": 59939, "name": "Metroid Prime 4", "site_detail_url": "https://www.giantbomb.com/metroid-prime-4/3030-59939/"}]}, "version": "1.0"}