{"error": "OK", "limit": 1, "offset": 0, "number_of_page_results": 1, "number_of_total_results": 1, "status_code": 1, "results": {"games": [{"api_detail_url": "https://www.giantbomb.com/api/game/3030-7712/", "id": 7712, "name": "Red Steel", "site_detail_url": "https://www.giantbomb.com/red-steel/3030-7712/"}, {"api_detail_url": "https://www.giantbomb.com/api/game/3030-22361/", "id": 22361, "name": "Red Steel 2", "site_detail_url": "https://www.giantbomb.com/red-steel-2/3030-22361/"}]}, "version": "1.0"}