{"error": "OK", "limit": 1, "offset": 0, "number_of_page_results": 1, "number_of_total_results": 1, "status_code": 1, "results": {"games": [{"api_detail_url": "https://www.giantbomb.com/api/game/3030-25927/", "id": 25927, "name": "Crazy Chicken: Star Karts", "site_detail_url": "https://www.giantbomb.com/crazy-chicken-star-karts/3030-25927/"}, {"api_detail_url": "https://www.giantbomb.com/api/game/3030-25926/", "id": 25926, "name": "Crazy Chicken: Atlantis Quest", "site_detail_url": "https://www.giantbomb.com/crazy-chicken-atlantis-quest/3030-25926/"}, {"api_detail_url": "https://www.giantbomb.com/api/game/3030-14432/", "id": 14432, "name": "Crazy Chicken: Heart of Tibet", "site_detail_url": "https://www.giantbomb.com/crazy-chicken-heart-of-tibet/3030-14432/"}, {"api_detail_url": "https://www.giantbomb.com/api/game/3030-25968/", "id": 25968, "name": "Crazy Chicken Pirates", "site_detail_url": "https://www.giantbomb.com/crazy-chicken-pirates/3030-25968/"}, {"api_detail_url": "https://www.giantbomb.com/api/game/3030-25969/", "id": 25969, "name": "Crazy Chicken Kart Thunder", "site_detail_url": "https://www.giantbomb.com/crazy-chicken-kart-thunder/3030-25969/"}, {"api_detail_url": "https://www.giantbomb.com/api/game/3030-25970/", "id": 25970, "name": "Crazy Chicken Kart 2", "site_detail_url": "https://www.giantbomb.com/crazy-chicken-kart-2/3030-25970/"}, {"api_detail_url": "https://www.giantbomb.com/api/game/3030-25971/", "id": 25971, "name": "Chicken Hunter: License to Grill", "site_detail_url": "https://www.giantbomb.com/chicken-hunter-license-to-grill/3030-25971/"}, {"api_detail_url": "https://www.giantbomb.com/api/game/3030-25972/", "id": 25972, "name": "Crazy Chicken: Jewel of Darkness", "site_detail_url": "https://www.giantbomb.com/crazy-chicken-jewel-of-darkness/3030-25972/"}, {"api_detail_url": "https://www.giantbomb.com/api/game/3030-25973/", "id": 25973, "name": "Crazy Chicken: Approaching", "site_detail_url": "https://www.giantbomb.com/crazy-chicken-approaching/3030-25973/"}, {"api_detail_url": "https://www.giantbomb.com/api/game/3030-25974/", "id": 25974, "name": "Crazy Chicken: Soccer", "site_detail_url": "https://www.giantbomb.com/crazy-chicken-soccer/3030-25974/"}, {"api_detail_url": "https://www.giantbomb.com/api/game/3030-25975/", "id": 25975, "name": "Crazy Chicken: The Good, The Egg, and the Ugly", "site_detail_url": "https://www.giantbomb.com/crazy-chicken-the-good-the-egg-and-the-ugly/3030-25975/"}, {"api_detail_url": "https://www.giantbomb.com/api/game/3030-25976/", "id": 25976, "name": "Crazy Chicken: X", "site_detail_url": "https://www.giantbomb.com/crazy-chicken-x/3030-25976/"}, {"api_detail_url": "https://www.giantbomb.com/api/game/3030-25977/", "id": 25977, "name": "Crazy Chicken: Kart 3", "site_detail_url": "https://www.giantbomb.com/crazy-chicken-kart-3/3030-25977/"}, {"api_detail_url": "https://www.giantbomb.com/api/game/3030-26588/", "id": 26588, "name": "Crazy Chicken: Pharaoh's Treasure", "site_detail_url": "https://www.giantbomb.com/crazy-chicken-pharaohs-treasure/3030-26588/"}, {"api_detail_url": "https://www.giantbomb.com/api/game/3030-38465/", "id": 38465, "name": "Crazy Chicken Tales", "site_detail_url": "https://www.giantbomb.com/crazy-chicken-tales/3030-38465/"}, {"api_detail_url": "https://www.giantbomb.com/api/game/3030-2797/", "id": 2797, "name": "Crazy Chicken: Wanted", "site_detail_url": "https://www.giantbomb.com/crazy-chicken-wanted/3030-2797/"}, {"api_detail_url": "https://www.giantbomb.com/api/game/3030-17493/", "id": 17493, "name": "Moorhuhn Kart Extra", "site_detail_url": "https://www.giantbomb.com/moorhuhn-kart-extra/3030-17493/"}, {"api_detail_url": "https://www.giantbomb.com/api/game/3030-6741/", "id": 6741, "name": "Crazy Chicken Pinball Vol. 1", "site_detail_url": "https://www.giantbomb.com/crazy-chicken-pinball-vol-1/3030-6741/"}, {"api_detail_url": "https://www.giantbomb.com/api/game/3030-10823/", "id": 10823, "name": "Moorhuhn Invasion", "site_detail_url": "https://www.giantbomb.com/moorhuhn-invasion/3030-10823/"}, {"api_detail_url": "https://www.giantbomb.com/api/game/3030-14100/", "id": 14100, "name": "Moorhuhn: Der Fluch des Goldes", "site_detail_url": "https://www.giantbomb.com/moorhuhn-der-fluch-des-goldes/3030-14100/"}, {"api_detail_url": "https://www.giantbomb.com/api/game/3030-4098/", "id": 4098, "name": "Moorhuhn: Jump'n Run - Schatzj\u00e4ger", "site_detail_url": "https://www.giantbomb.com/moorhuhn-jumpn-run-schatzjager/3030-4098/"}, {"api_detail_url": "https://www.giantbomb.com/api/game/3030-12197/", "id": 12197, "name": "Moorhuhn Action: Im Anflug", "site_detail_url": "https://www.giantbomb.com/moorhuhn-action-im-anflug/3030-12197/"}, {"api_detail_url": "https://www.giantbomb.com/api/game/3030-14862/", "id": 14862, "name": "Moorhuhn Remake", "site_detail_url": "https://www.giantbomb.com/moorhuhn-remake/3030-14862/"}, {"api_detail_url": "https://www.giantbomb.com/api/game/3030-64268/", "id": 64268, "name": "Crazy Chicken Strikes Back", "site_detail_url": "https://www.giantbomb.com/crazy-chicken-strikes-back/3030-64268/"}, {"api_detail_url": "https://www.giantbomb.com/api/game/3030-64269/", "id": 64269, "name": "Moorhuhn 2: Die Jagd Geht Weiter", "site_detail_url": "https://www.giantbomb.com/moorhuhn-2-die-jagd-geht-weiter/3030-64269/"}, {"api_detail_url": "https://www.giantbomb.com/api/game/3030-64270/", "id": 64270, "name": "Die Original Moorhuhn Jagd", "site_detail_url": "https://www.giantbomb.com/die-original-moorhuhn-jagd/3030-64270/"}, {"api_detail_url": "https://www.giantbomb.com/api/game/3030-64271/", "id": 64271, "name": "Country Varmint Hunter", "site_detail_url": "https://www.giantbomb.com/country-varmint-hunter/3030-64271/"}, {"api_detail_url": "https://www.giantbomb.com/api/game/3030-64272/", "id": 64272, "name": "Moorhuhn DS", "site_detail_url": "https://www.giantbomb.com/moorhuhn-ds/3030-64272/"}, {"api_detail_url": "https://www.giantbomb.com/api/game/3030-64273/", "id": 64273, "name": "Crazy Chicken: Director's Cut", "site_detail_url": "https://www.giantbomb.com/crazy-chicken-directors-cut/3030-64273/"}, {"api_detail_url": "https://www.giantbomb.com/api/game/3030-82763/", "id": 82763, "name": "Crazy Chicken Shooter Edition", "site_detail_url": "https://www.giantbomb.com/crazy-chicken-shooter-edition/3030-82763/"}, {"api_detail_url": "https://www.giantbomb.com/api/game/3030-25928/", "id": 25928, "name": "Chicken Hunter: Jewel of Darkness", "site_detail_url": "https://www.giantbomb.com/chicken-hunter-jewel-of-darkness/3030-25928/"}]}, "version": "1.0"}