{"error": "OK", "limit": 1, "offset": 0, "number_of_page_results": 1, "number_of_total_results": 1, "status_code": 1, "results": {"games": [{"api_detail_url": "https://www.giantbomb.com/api/game/3030-12173/", "id": 12173, "name": "NCAA Final Four 2000", "site_detail_url": "https://www.giantbomb.com/ncaa-final-four-2000/3030-12173/"}, {"api_detail_url": "https://www.giantbomb.com/api/game/3030-26469/", "id": 26469, "name": "NCAA Final Four 2004", "site_detail_url": "https://www.giantbomb.com/ncaa-final-four-2004/3030-26469/"}, {"api_detail_url": "https://www.giantbomb.com/api/game/3030-19182/", "id": 19182, "name": "NCAA Basketball Final Four '97", "site_detail_url": "https://www.giantbomb.com/ncaa-basketball-final-four-97/3030-19182/"}, {"api_detail_url": "https://www.giantbomb.com/api/game/3030-26483/", "id": 26483, "name": "NCAA Final Four 99", "site_detail_url": "https://www.giantbomb.com/ncaa-final-four-99/3030-26483/"}, {"api_detail_url": "https://www.giantbomb.com/api/game/3030-26484/", "id": 26484, "name": "NCAA Final Four 2001", "site_detail_url": "https://www.giantbomb.com/ncaa-final-four-2001/3030-26484/"}, {"api_detail_url": "https://www.giantbomb.com/api/game/3030-26485/", "id": 26485, "name": "NCAA Final Four 2002", "site_detail_url": "https://www.giantbomb.com/ncaa-final-four-2002/3030-26485/"}, {"api_detail_url": "https://www.giantbomb.com/api/game/3030-26486/", "id": 26486, "name": "NCAA Final Four 2003", "site_detail_url": "https://www.giantbomb.com/ncaa-final-four-2003/3030-26486/"}, {"api_detail_url": "https://www.giantbomb.com/api/game/3030-52965/", "id": 52965, "name": "NCAA Final Four Basketball", "site_detail_url": "https://www.giantbomb.com/ncaa-final-four-basketball/3030-52965/"}]}, "version": "1.0"}