{"error": "OK", "limit": 1, "offset": 0, "number_of_page_results": 1, "number_of_total_results": 1, "status_code": 1, "results": {"games": [{"api_detail_url": "https://www.giantbomb.com/api/game/3030-26802/", "id": 26802, "name": "My Baby First Steps", "site_detail_url": "https://www.giantbomb.com/my-baby-first-steps/3030-26802/"}, {"api_detail_url": "https://www.giantbomb.com/api/game/3030-24335/", "id": 24335, "name": "My Baby Girl", "site_detail_url": "https://www.giantbomb.com/my-baby-girl/3030-24335/"}, {"api_detail_url": "https://www.giantbomb.com/api/game/3030-24334/", "id": 24334, "name": "My Baby Boy", "site_detail_url": "https://www.giantbomb.com/my-baby-boy/3030-24334/"}]}, "version": "1.0"}