{"error": "OK", "limit": 1, "offset": 0, "number_of_page_results": 1, "number_of_total_results": 1, "status_code": 1, "results": {"games": [{"api_detail_url": "https://www.giantbomb.com/api/game/3030-16457/", "id": 16457, "name": "Sid Meier's Civilization IV", "site_detail_url": "https://www.giantbomb.com/sid-meiers-civilization-iv/3030-16457/"}, {"api_detail_url": "https://www.giantbomb.com/api/game/3030-3750/", "id": 3750, "name": "Sid Meier's Civilization", "site_detail_url": "https://www.giantbomb.com/sid-meiers-civilization/3030-3750/"}, {"api_detail_url": "https://www.giantbomb.com/api/game/3030-20779/", "id": 20779, "name": "Sid Meier's Civilization IV: Colonization", "site_detail_url": "https://www.giantbomb.com/sid-meiers-civilization-iv-colonization/3030-20779/"}, {"api_detail_url": "https://www.giantbomb.com/api/game/3030-16331/", "id": 16331, "name": "Sid Meier's Pirates!: Live the Life", "site_detail_url": "https://www.giantbomb.com/sid-meiers-pirates-live-the-life/3030-16331/"}, {"api_detail_url": "https://www.giantbomb.com/api/game/3030-1594/", "id": 1594, "name": "Sid Meier's Civilization III", "site_detail_url": "https://www.giantbomb.com/sid-meiers-civilization-iii/3030-1594/"}, {"api_detail_url": "https://www.giantbomb.com/api/game/3030-19287/", "id": 19287, "name": "Sid Meier's Civilization IV: Beyond the Sword", "site_detail_url": "https://www.giantbomb.com/sid-meiers-civilization-iv-beyond-the-sword/3030-19287/"}, {"api_detail_url": "https://www.giantbomb.com/api/game/3030-8876/", "id": 8876, "name": "Sid Meier's Colonization", "site_detail_url": "https://www.giantbomb.com/sid-meiers-colonization/3030-8876/"}, {"api_detail_url": "https://www.giantbomb.com/api/game/3030-12379/", "id": 12379, "name": "Sid Meier's Alpha Centauri", "site_detail_url": "https://www.giantbomb.com/sid-meiers-alpha-centauri/3030-12379/"}, {"api_detail_url": "https://www.giantbomb.com/api/game/3030-15377/", "id": 15377, "name": "Sid Meier's SimGolf", "site_detail_url": "https://www.giantbomb.com/sid-meiers-simgolf/3030-15377/"}, {"api_detail_url": "https://www.giantbomb.com/api/game/3030-3539/", "id": 3539, "name": "Sid Meier's Covert Action", "site_detail_url": "https://www.giantbomb.com/sid-meiers-covert-action/3030-3539/"}, {"api_detail_url": "https://www.giantbomb.com/api/game/3030-12709/", "id": 12709, "name": "Sid Meier's Gettysburg!", "site_detail_url": "https://www.giantbomb.com/sid-meiers-gettysburg/3030-12709/"}, {"api_detail_url": "https://www.giantbomb.com/api/game/3030-3242/", "id": 3242, "name": "Sid Meier's Civilization III: Conquests", "site_detail_url": "https://www.giantbomb.com/sid-meiers-civilization-iii-conquests/3030-3242/"}, {"api_detail_url": "https://www.giantbomb.com/api/game/3030-217/", "id": 217, "name": "Sid Meier's Civilization II", "site_detail_url": "https://www.giantbomb.com/sid-meiers-civilization-ii/3030-217/"}, {"api_detail_url": "https://www.giantbomb.com/api/game/3030-10307/", "id": 10307, "name": "Sid Meier's Alien Crossfire", "site_detail_url": "https://www.giantbomb.com/sid-meiers-alien-crossfire/3030-10307/"}, {"api_detail_url": "https://www.giantbomb.com/api/game/3030-1415/", "id": 1415, "name": "Sid Meier's Pirates!", "site_detail_url": "https://www.giantbomb.com/sid-meiers-pirates/3030-1415/"}, {"api_detail_url": "https://www.giantbomb.com/api/game/3030-62/", "id": 62, "name": "Sid Meier's CivNet", "site_detail_url": "https://www.giantbomb.com/sid-meiers-civnet/3030-62/"}, {"api_detail_url": "https://www.giantbomb.com/api/game/3030-31050/", "id": 31050, "name": "Sid Meier's Railroad Tycoon Deluxe", "site_detail_url": "https://www.giantbomb.com/sid-meiers-railroad-tycoon-deluxe/3030-31050/"}, {"api_detail_url": "https://www.giantbomb.com/api/game/3030-30057/", "id": 30057, "name": "Sid Meier's Civilization V", "site_detail_url": "https://www.giantbomb.com/sid-meiers-civilization-v/3030-30057/"}, {"api_detail_url": "https://www.giantbomb.com/api/game/3030-18106/", "id": 18106, "name": "Sid Meier's Antietam!", "site_detail_url": "https://www.giantbomb.com/sid-meiers-antietam/3030-18106/"}, {"api_detail_url": "https://www.giantbomb.com/api/game/3030-37508/", "id": 37508, "name": "Sid Meier's Civilization V: Gods & Kings", "site_detail_url": "https://www.giantbomb.com/sid-meiers-civilization-v-gods-kings/3030-37508/"}, {"api_detail_url": "https://www.giantbomb.com/api/game/3030-41935/", "id": 41935, "name": "Sid Meier's Civilization V: Brave New World", "site_detail_url": "https://www.giantbomb.com/sid-meier-s-civilization-v-brave-new-world/3030-41935/"}, {"api_detail_url": "https://www.giantbomb.com/api/game/3030-42550/", "id": 42550, "name": "Sid Meier's Ace Patrol", "site_detail_url": "https://www.giantbomb.com/sid-meier-s-ace-patrol/3030-42550/"}, {"api_detail_url": "https://www.giantbomb.com/api/game/3030-44285/", "id": 44285, "name": "Sid Meier\u2019s Ace Patrol: Pacific Skies", "site_detail_url": "https://www.giantbomb.com/sid-meier-s-ace-patrol-pacific-skies/3030-44285/"}, {"api_detail_url": "https://www.giantbomb.com/api/game/3030-20075/", "id": 20075, "name": "Sid Meier's Civilization II: Conflicts in Civilization Scenarios", "site_detail_url": "https://www.giantbomb.com/sid-meiers-civilization-ii-conflicts-in-civilizati/3030-20075/"}, {"api_detail_url": "https://www.giantbomb.com/api/game/3030-20424/", "id": 20424, "name": "Sid Meier's Civilization III: Play the World", "site_detail_url": "https://www.giantbomb.com/sid-meiers-civilization-iii-play-the-world/3030-20424/"}, {"api_detail_url": "https://www.giantbomb.com/api/game/3030-45979/", "id": 45979, "name": "Sid Meier's Civilization: Beyond Earth", "site_detail_url": "https://www.giantbomb.com/sid-meiers-civilization-beyond-earth/3030-45979/"}, {"api_detail_url": "https://www.giantbomb.com/api/game/3030-8382/", "id": 8382, "name": "Sid Meier's Civilization IV: Warlords", "site_detail_url": "https://www.giantbomb.com/sid-meiers-civilization-iv-warlords/3030-8382/"}, {"api_detail_url": "https://www.giantbomb.com/api/game/3030-46739/", "id": 46739, "name": "Sid Meier's Civilization Revolution 2", "site_detail_url": "https://www.giantbomb.com/sid-meiers-civilization-revolution-2/3030-46739/"}, {"api_detail_url": "https://www.giantbomb.com/api/game/3030-13039/", "id": 13039, "name": "Sid Meier's Railroad Tycoon", "site_detail_url": "https://www.giantbomb.com/sid-meiers-railroad-tycoon/3030-13039/"}, {"api_detail_url": "https://www.giantbomb.com/api/game/3030-18275/", "id": 18275, "name": "Sid Meier's Railroads!", "site_detail_url": "https://www.giantbomb.com/sid-meiers-railroads/3030-18275/"}, {"api_detail_url": "https://www.giantbomb.com/api/game/3030-20580/", "id": 20580, "name": "Sid Meier's Civilization Revolution", "site_detail_url": "https://www.giantbomb.com/sid-meiers-civilization-revolution/3030-20580/"}, {"api_detail_url": "https://www.giantbomb.com/api/game/3030-48608/", "id": 48608, "name": "Sid Meier's Starships", "site_detail_url": "https://www.giantbomb.com/sid-meiers-starships/3030-48608/"}, {"api_detail_url": "https://www.giantbomb.com/api/game/3030-6721/", "id": 6721, "name": "Civilization II: Fantastic Worlds", "site_detail_url": "https://www.giantbomb.com/civilization-ii-fantastic-worlds/3030-6721/"}, {"api_detail_url": "https://www.giantbomb.com/api/game/3030-53696/", "id": 53696, "name": "Sid Meier's Civilization VI", "site_detail_url": "https://www.giantbomb.com/sid-meiers-civilization-vi/3030-53696/"}, {"api_detail_url": "https://www.giantbomb.com/api/game/3030-62945/", "id": 62945, "name": "Sid Meier's Civilization VI: Rise & Fall", "site_detail_url": "https://www.giantbomb.com/sid-meiers-civilization-vi-rise-fall/3030-62945/"}]}, "version": "1.0"}