{"error": "OK", "limit": 1, "offset": 0, "number_of_page_results": 1, "number_of_total_results": 1, "status_code": 1, "results": {"games": [{"api_detail_url": "https://www.giantbomb.com/api/game/3030-11310/", "id": 11310, "name": "Dai Senryaku VII: Modern Military Tactics", "site_detail_url": "https://www.giantbomb.com/dai-senryaku-vii-modern-military-tactics/3030-11310/"}, {"api_detail_url": "https://www.giantbomb.com/api/game/3030-23949/", "id": 23949, "name": "Dai Senryaku VII Exceed", "site_detail_url": "https://www.giantbomb.com/dai-senryaku-vii-exceed/3030-23949/"}, {"api_detail_url": "https://www.giantbomb.com/api/game/3030-6756/", "id": 6756, "name": "Iron Storm", "site_detail_url": "https://www.giantbomb.com/iron-storm/3030-6756/"}, {"api_detail_url": "https://www.giantbomb.com/api/game/3030-11199/", "id": 11199, "name": "SEGA AGES 2500 Vol.22: Advanced Daisenryaku - Deutch Dengeki Sakusen", "site_detail_url": "https://www.giantbomb.com/sega-ages-2500-vol22-advanced-daisenryaku-deutch-d/3030-11199/"}, {"api_detail_url": "https://www.giantbomb.com/api/game/3030-18606/", "id": 18606, "name": "Daisenryaku G", "site_detail_url": "https://www.giantbomb.com/daisenryaku-g/3030-18606/"}, {"api_detail_url": "https://www.giantbomb.com/api/game/3030-33738/", "id": 33738, "name": "Super Daisenryaku", "site_detail_url": "https://www.giantbomb.com/super-daisenryaku/3030-33738/"}, {"api_detail_url": "https://www.giantbomb.com/api/game/3030-33739/", "id": 33739, "name": "Daisenryaku", "site_detail_url": "https://www.giantbomb.com/daisenryaku/3030-33739/"}, {"api_detail_url": "https://www.giantbomb.com/api/game/3030-33742/", "id": 33742, "name": "Super Dai Senryaku 98", "site_detail_url": "https://www.giantbomb.com/super-dai-senryaku-98/3030-33742/"}, {"api_detail_url": "https://www.giantbomb.com/api/game/3030-35098/", "id": 35098, "name": "Daisenryaku Daitoa Koboshi Dai Niji Sekai Taisen Boppatsu! Sujiku Gun Tai Rengo Gun Zen Sekai Sen", "site_detail_url": "https://www.giantbomb.com/daisenryaku-daitoa-koboshi-dai-niji-sekai-taisen-b/3030-35098/"}, {"api_detail_url": "https://www.giantbomb.com/api/game/3030-36902/", "id": 36902, "name": "Advanced Daisenryaku: Deutsch Dengeki Sakusen", "site_detail_url": "https://www.giantbomb.com/advanced-daisenryaku-deutsch-dengeki-sakusen/3030-36902/"}, {"api_detail_url": "https://www.giantbomb.com/api/game/3030-38618/", "id": 38618, "name": "Daisenryaku Perfect: Senjou no Hasha", "site_detail_url": "https://www.giantbomb.com/daisenryaku-perfect-senjou-no-hasha/3030-38618/"}, {"api_detail_url": "https://www.giantbomb.com/api/game/3030-30430/", "id": 30430, "name": "Moe Moe 2-ji Daisenryaku 2 [chu\uff5e\u266a]", "site_detail_url": "https://www.giantbomb.com/moe-moe-2-ji-daisenryaku-2-chudeolm/3030-30430/"}, {"api_detail_url": "https://www.giantbomb.com/api/game/3030-44235/", "id": 44235, "name": "Moe Moe 2-ji Daisenryaku", "site_detail_url": "https://www.giantbomb.com/moe-moe-2ji-daisenryaku/3030-44235/"}, {"api_detail_url": "https://www.giantbomb.com/api/game/3030-44362/", "id": 44362, "name": "Daisenryaku Expert", "site_detail_url": "https://www.giantbomb.com/daisenryaku-expert/3030-44362/"}, {"api_detail_url": "https://www.giantbomb.com/api/game/3030-48258/", "id": 48258, "name": "Advanced Daisenryaku 2001", "site_detail_url": "https://www.giantbomb.com/advanced-daisenryaku-2001/3030-48258/"}, {"api_detail_url": "https://www.giantbomb.com/api/game/3030-48257/", "id": 48257, "name": "Advanced Daisenryaku: Europe no Arashi - Doitsu Dengeki Sakusen", "site_detail_url": "https://www.giantbomb.com/advanced-daisenryaku-europe-no-arashi-doitsu-denge/3030-48257/"}, {"api_detail_url": "https://www.giantbomb.com/api/game/3030-48259/", "id": 48259, "name": "Advanced Daisenryaku 98: Storm Over Europe", "site_detail_url": "https://www.giantbomb.com/advanced-daisenryaku-98-storm-over-europe/3030-48259/"}, {"api_detail_url": "https://www.giantbomb.com/api/game/3030-48260/", "id": 48260, "name": "World Advanced Daisenryaku: Sakusen File", "site_detail_url": "https://www.giantbomb.com/world-advanced-daisenryaku-sakusen-file/3030-48260/"}, {"api_detail_url": "https://www.giantbomb.com/api/game/3030-48261/", "id": 48261, "name": "Advanced Daisenryaku 98 II", "site_detail_url": "https://www.giantbomb.com/advanced-daisenryaku-98-ii/3030-48261/"}, {"api_detail_url": "https://www.giantbomb.com/api/game/3030-58712/", "id": 58712, "name": "Daisenryaku Expert WWII - War in Europe", "site_detail_url": "https://www.giantbomb.com/daisenryaku-expert-wwii-war-in-europe/3030-58712/"}, {"api_detail_url": "https://www.giantbomb.com/api/game/3030-61532/", "id": 61532, "name": "Cyber Daisenryaku", "site_detail_url": "https://www.giantbomb.com/cyber-daisenryaku/3030-61532/"}, {"api_detail_url": "https://www.giantbomb.com/api/game/3030-64423/", "id": 64423, "name": "Gendai Daisenryaku 2017: Henb\u014d-suru Gunji Kink\u014d! Senritsu no Power Game", "site_detail_url": "https://www.giantbomb.com/gendai-daisenryaku-2017-henbosuru-gunji-kinko-senr/3030-64423/"}, {"api_detail_url": "https://www.giantbomb.com/api/game/3030-64424/", "id": 64424, "name": "Gendai Daisenryaku 2016: Chitsujo no H\u014dkai, Haken Kokka Shittsui", "site_detail_url": "https://www.giantbomb.com/gendai-daisenryaku-2016-chitsujo-no-hokai-haken-ko/3030-64424/"}, {"api_detail_url": "https://www.giantbomb.com/api/game/3030-64425/", "id": 64425, "name": "Moe Moe 2-Ji Daisenryaku 3", "site_detail_url": "https://www.giantbomb.com/moe-moe-2ji-daisenryaku-3/3030-64425/"}, {"api_detail_url": "https://www.giantbomb.com/api/game/3030-64426/", "id": 64426, "name": "Daisenryaku Dait\u014da K\u014db\u014d-shi 3: Dai-ni-ji Sekai Taisen Boppatsu! S\u016bjiku-gun Tai Reng\u014d-gun Zen Sekai-sen", "site_detail_url": "https://www.giantbomb.com/daisenryaku-daitoa-koboshi-3-dainiji-sekai-taisen-/3030-64426/"}, {"api_detail_url": "https://www.giantbomb.com/api/game/3030-64427/", "id": 64427, "name": "Daisenryaku Exceed II", "site_detail_url": "https://www.giantbomb.com/daisenryaku-exceed-ii/3030-64427/"}, {"api_detail_url": "https://www.giantbomb.com/api/game/3030-58731/", "id": 58731, "name": "Daisenryaku Portable", "site_detail_url": "https://www.giantbomb.com/daisenryaku-portable/3030-58731/"}, {"api_detail_url": "https://www.giantbomb.com/api/game/3030-83785/", "id": 83785, "name": "Daisenryaku DS", "site_detail_url": "https://www.giantbomb.com/daisenryaku-ds/3030-83785/"}, {"api_detail_url": "https://www.giantbomb.com/api/game/3030-58732/", "id": 58732, "name": "Daisenryaku Portable 2", "site_detail_url": "https://www.giantbomb.com/daisenryaku-portable-2/3030-58732/"}, {"api_detail_url": "https://www.giantbomb.com/api/game/3030-85597/", "id": 85597, "name": "Gendai Daisenryaku: Isshoku Sokuhatsu - Gunji Balance Houkai", "site_detail_url": "https://www.giantbomb.com/gendai-daisenryaku-isshoku-sokuhatsu-gunji-balance/3030-85597/"}, {"api_detail_url": "https://www.giantbomb.com/api/game/3030-86742/", "id": 86742, "name": "Gendai Daisenryaku 2020:  Yureru Sekai Chitsujo! Taikoku no Yab\u014d to Sekai Taisen", "site_detail_url": "https://www.giantbomb.com/gendai-daisenryaku-2020-yureru-sekai-chitsujo-taik/3030-86742/"}, {"api_detail_url": "https://www.giantbomb.com/api/game/3030-87534/", "id": 87534, "name": "Daisenryaku SSB", "site_detail_url": "https://www.giantbomb.com/daisenryaku-ssb/3030-87534/"}]}, "version": "1.0"}