{"error": "OK", "limit": 1, "offset": 0, "number_of_page_results": 1, "number_of_total_results": 1, "status_code": 1, "results": {"games": [{"api_detail_url": "https://www.giantbomb.com/api/game/3030-948/", "id": 948, "name": "The Chaos Engine", "site_detail_url": "https://www.giantbomb.com/the-chaos-engine/3030-948/"}, {"api_detail_url": "https://www.giantbomb.com/api/game/3030-19058/", "id": 19058, "name": "The Chaos Engine 2", "site_detail_url": "https://www.giantbomb.com/the-chaos-engine-2/3030-19058/"}]}, "version": "1.0"}