{"error": "OK", "limit": 1, "offset": 0, "number_of_page_results": 1, "number_of_total_results": 1, "status_code": 1, "results": {"games": [{"api_detail_url": "https://www.giantbomb.com/api/game/3030-23215/", "id": 23215, "name": "Alien Crush Returns", "site_detail_url": "https://www.giantbomb.com/alien-crush-returns/3030-23215/"}, {"api_detail_url": "https://www.giantbomb.com/api/game/3030-19109/", "id": 19109, "name": "Alien Crush", "site_detail_url": "https://www.giantbomb.com/alien-crush/3030-19109/"}, {"api_detail_url": "https://www.giantbomb.com/api/game/3030-11721/", "id": 11721, "name": "Devil's Crush", "site_detail_url": "https://www.giantbomb.com/devils-crush/3030-11721/"}, {"api_detail_url": "https://www.giantbomb.com/api/game/3030-19853/", "id": 19853, "name": "Dragon's Revenge", "site_detail_url": "https://www.giantbomb.com/dragons-revenge/3030-19853/"}, {"api_detail_url": "https://www.giantbomb.com/api/game/3030-28168/", "id": 28168, "name": "Naxat Super Pinball: Jaki Hakai", "site_detail_url": "https://www.giantbomb.com/naxat-super-pinball-jaki-hakai/3030-28168/"}]}, "version": "1.0"}