{"error": "OK", "limit": 1, "offset": 0, "number_of_page_results": 1, "number_of_total_results": 1, "status_code": 1, "results": {"games": [{"api_detail_url": "https://www.giantbomb.com/api/game/3030-2296/", "id": 2296, "name": "Custom Robo", "site_detail_url": "https://www.giantbomb.com/custom-robo/3030-2296/"}, {"api_detail_url": "https://www.giantbomb.com/api/game/3030-17424/", "id": 17424, "name": "Custom Robo Arena", "site_detail_url": "https://www.giantbomb.com/custom-robo-arena/3030-17424/"}, {"api_detail_url": "https://www.giantbomb.com/api/game/3030-24883/", "id": 24883, "name": "Custom Robo GX", "site_detail_url": "https://www.giantbomb.com/custom-robo-gx/3030-24883/"}, {"api_detail_url": "https://www.giantbomb.com/api/game/3030-32075/", "id": 32075, "name": "Custom Robo V2", "site_detail_url": "https://www.giantbomb.com/custom-robo-v2/3030-32075/"}, {"api_detail_url": "https://www.giantbomb.com/api/game/3030-34449/", "id": 34449, "name": "Custom Robo", "site_detail_url": "https://www.giantbomb.com/custom-robo/3030-34449/"}]}, "version": "1.0"}