{"error": "OK", "limit": 1, "offset": 0, "number_of_page_results": 1, "number_of_total_results": 1, "status_code": 1, "results": {"games": [{"api_detail_url": "https://www.giantbomb.com/api/game/3030-3353/", "id": 3353, "name": "Rolling Thunder", "site_detail_url": "https://www.giantbomb.com/rolling-thunder/3030-3353/"}, {"api_detail_url": "https://www.giantbomb.com/api/game/3030-632/", "id": 632, "name": "Rolling Thunder 2", "site_detail_url": "https://www.giantbomb.com/rolling-thunder-2/3030-632/"}, {"api_detail_url": "https://www.giantbomb.com/api/game/3030-1652/", "id": 1652, "name": "Rolling Thunder 3", "site_detail_url": "https://www.giantbomb.com/rolling-thunder-3/3030-1652/"}]}, "version": "1.0"}