{"error": "OK", "limit": 1, "offset": 0, "number_of_page_results": 1, "number_of_total_results": 1, "status_code": 1, "results": {"games": [{"api_detail_url": "https://www.giantbomb.com/api/game/3030-2106/", "id": 2106, "name": "Conflict: Denied Ops", "site_detail_url": "https://www.giantbomb.com/conflict-denied-ops/3030-2106/"}, {"api_detail_url": "https://www.giantbomb.com/api/game/3030-2996/", "id": 2996, "name": "Conflict: Europe", "site_detail_url": "https://www.giantbomb.com/conflict-europe/3030-2996/"}, {"api_detail_url": "https://www.giantbomb.com/api/game/3030-3055/", "id": 3055, "name": "Conflict: Desert Storm", "site_detail_url": "https://www.giantbomb.com/conflict-desert-storm/3030-3055/"}, {"api_detail_url": "https://www.giantbomb.com/api/game/3030-11015/", "id": 11015, "name": "Conflict: Korea the First Year 1950-1951", "site_detail_url": "https://www.giantbomb.com/conflict-korea-the-first-year-1950-1951/3030-11015/"}, {"api_detail_url": "https://www.giantbomb.com/api/game/3030-11670/", "id": 11670, "name": "Conflict: Global Terror", "site_detail_url": "https://www.giantbomb.com/conflict-global-terror/3030-11670/"}, {"api_detail_url": "https://www.giantbomb.com/api/game/3030-12815/", "id": 12815, "name": "Conflict: Vietnam", "site_detail_url": "https://www.giantbomb.com/conflict-vietnam/3030-12815/"}, {"api_detail_url": "https://www.giantbomb.com/api/game/3030-14490/", "id": 14490, "name": "Conflict: Middle East", "site_detail_url": "https://www.giantbomb.com/conflict-middle-east/3030-14490/"}, {"api_detail_url": "https://www.giantbomb.com/api/game/3030-16557/", "id": 16557, "name": "Conflict: Desert Storm II: Back to Baghdad", "site_detail_url": "https://www.giantbomb.com/conflict-desert-storm-ii-back-to-baghdad/3030-16557/"}]}, "version": "1.0"}