{"error": "OK", "limit": 1, "offset": 0, "number_of_page_results": 1, "number_of_total_results": 1, "status_code": 1, "results": {"games": [{"api_detail_url": "https://www.giantbomb.com/api/game/3030-34/", "id": 34, "name": "Batman Begins", "site_detail_url": "https://www.giantbomb.com/batman-begins/3030-34/"}, {"api_detail_url": "https://www.giantbomb.com/api/game/3030-1238/", "id": 1238, "name": "Batman Beyond: Return of the Joker", "site_detail_url": "https://www.giantbomb.com/batman-beyond-return-of-the-joker/3030-1238/"}, {"api_detail_url": "https://www.giantbomb.com/api/game/3030-2894/", "id": 2894, "name": "Teen Titans", "site_detail_url": "https://www.giantbomb.com/teen-titans/3030-2894/"}, {"api_detail_url": "https://www.giantbomb.com/api/game/3030-3777/", "id": 3777, "name": "Catwoman", "site_detail_url": "https://www.giantbomb.com/catwoman/3030-3777/"}, {"api_detail_url": "https://www.giantbomb.com/api/game/3030-5234/", "id": 5234, "name": "Batman: Gotham City Racer", "site_detail_url": "https://www.giantbomb.com/batman-gotham-city-racer/3030-5234/"}, {"api_detail_url": "https://www.giantbomb.com/api/game/3030-6290/", "id": 6290, "name": "Batman: Vengeance", "site_detail_url": "https://www.giantbomb.com/batman-vengeance/3030-6290/"}, {"api_detail_url": "https://www.giantbomb.com/api/game/3030-6476/", "id": 6476, "name": "Batman Forever: The Arcade Game", "site_detail_url": "https://www.giantbomb.com/batman-forever-the-arcade-game/3030-6476/"}, {"api_detail_url": "https://www.giantbomb.com/api/game/3030-8304/", "id": 8304, "name": "The Flash", "site_detail_url": "https://www.giantbomb.com/the-flash/3030-8304/"}, {"api_detail_url": "https://www.giantbomb.com/api/game/3030-9424/", "id": 9424, "name": "Batman: Justice Unbalanced", "site_detail_url": "https://www.giantbomb.com/batman-justice-unbalanced/3030-9424/"}, {"api_detail_url": "https://www.giantbomb.com/api/game/3030-9710/", "id": 9710, "name": "Batman Returns", "site_detail_url": "https://www.giantbomb.com/batman-returns/3030-9710/"}, {"api_detail_url": "https://www.giantbomb.com/api/game/3030-10020/", "id": 10020, "name": "Batman Forever", "site_detail_url": "https://www.giantbomb.com/batman-forever/3030-10020/"}, {"api_detail_url": "https://www.giantbomb.com/api/game/3030-11075/", "id": 11075, "name": "The Death and Return of Superman", "site_detail_url": "https://www.giantbomb.com/the-death-and-return-of-superman/3030-11075/"}, {"api_detail_url": "https://www.giantbomb.com/api/game/3030-11844/", "id": 11844, "name": "Batman: Partners in Peril", "site_detail_url": "https://www.giantbomb.com/batman-partners-in-peril/3030-11844/"}, {"api_detail_url": "https://www.giantbomb.com/api/game/3030-12227/", "id": 12227, "name": "Batman: Toxic Chill", "site_detail_url": "https://www.giantbomb.com/batman-toxic-chill/3030-12227/"}, {"api_detail_url": "https://www.giantbomb.com/api/game/3030-12434/", "id": 12434, "name": "The Adventures of Batman & Robin", "site_detail_url": "https://www.giantbomb.com/the-adventures-of-batman-and-robin/3030-12434/"}, {"api_detail_url": "https://www.giantbomb.com/api/game/3030-12879/", "id": 12879, "name": "Batman: Return of the Joker", "site_detail_url": "https://www.giantbomb.com/batman-return-of-the-joker/3030-12879/"}, {"api_detail_url": "https://www.giantbomb.com/api/game/3030-12954/", "id": 12954, "name": "Batman: Dark Tomorrow", "site_detail_url": "https://www.giantbomb.com/batman-dark-tomorrow/3030-12954/"}, {"api_detail_url": "https://www.giantbomb.com/api/game/3030-13170/", "id": 13170, "name": "Justice League: Chronicles", "site_detail_url": "https://www.giantbomb.com/justice-league-chronicles/3030-13170/"}, {"api_detail_url": "https://www.giantbomb.com/api/game/3030-13568/", "id": 13568, "name": "Batman & Robin", "site_detail_url": "https://www.giantbomb.com/batman-robin/3030-13568/"}, {"api_detail_url": "https://www.giantbomb.com/api/game/3030-14037/", "id": 14037, "name": "Batman: Chaos in Gotham", "site_detail_url": "https://www.giantbomb.com/batman-chaos-in-gotham/3030-14037/"}, {"api_detail_url": "https://www.giantbomb.com/api/game/3030-14314/", "id": 14314, "name": "Justice League: Injustice for All", "site_detail_url": "https://www.giantbomb.com/justice-league-injustice-for-all/3030-14314/"}, {"api_detail_url": "https://www.giantbomb.com/api/game/3030-16034/", "id": 16034, "name": "Batman: The Movie", "site_detail_url": "https://www.giantbomb.com/batman-the-movie/3030-16034/"}, {"api_detail_url": "https://www.giantbomb.com/api/game/3030-16327/", "id": 16327, "name": "Justice League Heroes", "site_detail_url": "https://www.giantbomb.com/justice-league-heroes/3030-16327/"}, {"api_detail_url": "https://www.giantbomb.com/api/game/3030-16349/", "id": 16349, "name": "Justice League Task Force", "site_detail_url": "https://www.giantbomb.com/justice-league-task-force/3030-16349/"}, {"api_detail_url": "https://www.giantbomb.com/api/game/3030-16856/", "id": 16856, "name": "Batman", "site_detail_url": "https://www.giantbomb.com/batman/3030-16856/"}, {"api_detail_url": "https://www.giantbomb.com/api/game/3030-17817/", "id": 17817, "name": "Justice League Heroes: The Flash", "site_detail_url": "https://www.giantbomb.com/justice-league-heroes-the-flash/3030-17817/"}, {"api_detail_url": "https://www.giantbomb.com/api/game/3030-17844/", "id": 17844, "name": "Batman: Rise of Sin Tzu", "site_detail_url": "https://www.giantbomb.com/batman-rise-of-sin-tzu/3030-17844/"}, {"api_detail_url": "https://www.giantbomb.com/api/game/3030-19482/", "id": 19482, "name": "Batman: The Caped Crusader", "site_detail_url": "https://www.giantbomb.com/batman-the-caped-crusader/3030-19482/"}, {"api_detail_url": "https://www.giantbomb.com/api/game/3030-20449/", "id": 20449, "name": "Mortal Kombat vs. DC Universe", "site_detail_url": "https://www.giantbomb.com/mortal-kombat-vs-dc-universe/3030-20449/"}, {"api_detail_url": "https://www.giantbomb.com/api/game/3030-5497/", "id": 5497, "name": "Aquaman: War of the Water Worlds", "site_detail_url": "https://www.giantbomb.com/aquaman-war-of-the-water-worlds/3030-5497/"}, {"api_detail_url": "https://www.giantbomb.com/api/game/3030-17312/", "id": 17312, "name": "Aquaman: Battle for Atlantis", "site_detail_url": "https://www.giantbomb.com/aquaman-battle-for-atlantis/3030-17312/"}, {"api_detail_url": "https://www.giantbomb.com/api/game/3030-769/", "id": 769, "name": "Superman", "site_detail_url": "https://www.giantbomb.com/superman/3030-769/"}, {"api_detail_url": "https://www.giantbomb.com/api/game/3030-21110/", "id": 21110, "name": "DC Universe Online", "site_detail_url": "https://www.giantbomb.com/dc-universe-online/3030-21110/"}, {"api_detail_url": "https://www.giantbomb.com/api/game/3030-20702/", "id": 20702, "name": "Superman", "site_detail_url": "https://www.giantbomb.com/superman/3030-20702/"}, {"api_detail_url": "https://www.giantbomb.com/api/game/3030-16118/", "id": 16118, "name": "Superman: The Man of Steel", "site_detail_url": "https://www.giantbomb.com/superman-the-man-of-steel/3030-16118/"}, {"api_detail_url": "https://www.giantbomb.com/api/game/3030-21264/", "id": 21264, "name": "Batman: The Video Game", "site_detail_url": "https://www.giantbomb.com/batman-the-video-game/3030-21264/"}, {"api_detail_url": "https://www.giantbomb.com/api/game/3030-5358/", "id": 5358, "name": "Constantine", "site_detail_url": "https://www.giantbomb.com/constantine/3030-5358/"}, {"api_detail_url": "https://www.giantbomb.com/api/game/3030-8423/", "id": 8423, "name": "Superman: Shadow of Apokolips", "site_detail_url": "https://www.giantbomb.com/superman-shadow-of-apokolips/3030-8423/"}, {"api_detail_url": "https://www.giantbomb.com/api/game/3030-11057/", "id": 11057, "name": "Superman Returns", "site_detail_url": "https://www.giantbomb.com/superman-returns/3030-11057/"}, {"api_detail_url": "https://www.giantbomb.com/api/game/3030-24258/", "id": 24258, "name": "The Batman: Gotham City Rescue", "site_detail_url": "https://www.giantbomb.com/the-batman-gotham-city-rescue/3030-24258/"}, {"api_detail_url": "https://www.giantbomb.com/api/game/3030-27442/", "id": 27442, "name": "Batman Forever", "site_detail_url": "https://www.giantbomb.com/batman-forever/3030-27442/"}, {"api_detail_url": "https://www.giantbomb.com/api/game/3030-27853/", "id": 27853, "name": "Justice League: Heroes United", "site_detail_url": "https://www.giantbomb.com/justice-league-heroes-united/3030-27853/"}, {"api_detail_url": "https://www.giantbomb.com/api/game/3030-29123/", "id": 29123, "name": "Catwoman", "site_detail_url": "https://www.giantbomb.com/catwoman/3030-29123/"}, {"api_detail_url": "https://www.giantbomb.com/api/game/3030-25420/", "id": 25420, "name": "The Flash", "site_detail_url": "https://www.giantbomb.com/the-flash/3030-25420/"}, {"api_detail_url": "https://www.giantbomb.com/api/game/3030-20822/", "id": 20822, "name": "LEGO Batman: The Videogame", "site_detail_url": "https://www.giantbomb.com/lego-batman-the-videogame/3030-20822/"}, {"api_detail_url": "https://www.giantbomb.com/api/game/3030-26913/", "id": 26913, "name": "Watchmen: The End is Nigh Part 2", "site_detail_url": "https://www.giantbomb.com/watchmen-the-end-is-nigh-part-2/3030-26913/"}, {"api_detail_url": "https://www.giantbomb.com/api/game/3030-562/", "id": 562, "name": "Static Shock", "site_detail_url": "https://www.giantbomb.com/static-shock/3030-562/"}, {"api_detail_url": "https://www.giantbomb.com/api/game/3030-22981/", "id": 22981, "name": "Superman", "site_detail_url": "https://www.giantbomb.com/superman/3030-22981/"}, {"api_detail_url": "https://www.giantbomb.com/api/game/3030-18238/", "id": 18238, "name": "Superman: The Mysterious Mr. Mist", "site_detail_url": "https://www.giantbomb.com/superman-the-mysterious-mr-mist/3030-18238/"}, {"api_detail_url": "https://www.giantbomb.com/api/game/3030-24182/", "id": 24182, "name": "Teen Titans 2", "site_detail_url": "https://www.giantbomb.com/teen-titans-2/3030-24182/"}, {"api_detail_url": "https://www.giantbomb.com/api/game/3030-21572/", "id": 21572, "name": "Superman: The Greatest Hero", "site_detail_url": "https://www.giantbomb.com/superman-the-greatest-hero/3030-21572/"}, {"api_detail_url": "https://www.giantbomb.com/api/game/3030-5400/", "id": 5400, "name": "Superman: Countdown to Apokolips", "site_detail_url": "https://www.giantbomb.com/superman-countdown-to-apokolips/3030-5400/"}, {"api_detail_url": "https://www.giantbomb.com/api/game/3030-4669/", "id": 4669, "name": "Batman: The Animated Series", "site_detail_url": "https://www.giantbomb.com/batman-the-animated-series/3030-4669/"}, {"api_detail_url": "https://www.giantbomb.com/api/game/3030-26072/", "id": 26072, "name": "The Batman", "site_detail_url": "https://www.giantbomb.com/the-batman/3030-26072/"}, {"api_detail_url": "https://www.giantbomb.com/api/game/3030-26351/", "id": 26351, "name": "Batman", "site_detail_url": "https://www.giantbomb.com/batman/3030-26351/"}, {"api_detail_url": "https://www.giantbomb.com/api/game/3030-22296/", "id": 22296, "name": "Batman", "site_detail_url": "https://www.giantbomb.com/batman/3030-22296/"}, {"api_detail_url": "https://www.giantbomb.com/api/game/3030-26073/", "id": 26073, "name": "The Batman Strength in Numbers", "site_detail_url": "https://www.giantbomb.com/the-batman-strength-in-numbers/3030-26073/"}, {"api_detail_url": "https://www.giantbomb.com/api/game/3030-30105/", "id": 30105, "name": "Batman: The Brave and the Bold: The Videogame", "site_detail_url": "https://www.giantbomb.com/batman-the-brave-and-the-bold-the-videogame/3030-30105/"}, {"api_detail_url": "https://www.giantbomb.com/api/game/3030-30325/", "id": 30325, "name": "Superman: The Game", "site_detail_url": "https://www.giantbomb.com/superman-the-game/3030-30325/"}, {"api_detail_url": "https://www.giantbomb.com/api/game/3030-30327/", "id": 30327, "name": "Superman", "site_detail_url": "https://www.giantbomb.com/superman/3030-30327/"}, {"api_detail_url": "https://www.giantbomb.com/api/game/3030-30326/", "id": 30326, "name": "Superman", "site_detail_url": "https://www.giantbomb.com/superman/3030-30326/"}, {"api_detail_url": "https://www.giantbomb.com/api/game/3030-32156/", "id": 32156, "name": "Green Lantern: Rise of the Manhunters", "site_detail_url": "https://www.giantbomb.com/green-lantern-rise-of-the-manhunters/3030-32156/"}, {"api_detail_url": "https://www.giantbomb.com/api/game/3030-30582/", "id": 30582, "name": "Batman: The Dark Knight", "site_detail_url": "https://www.giantbomb.com/batman-the-dark-knight/3030-30582/"}, {"api_detail_url": "https://www.giantbomb.com/api/game/3030-34176/", "id": 34176, "name": "Batman", "site_detail_url": "https://www.giantbomb.com/batman/3030-34176/"}, {"api_detail_url": "https://www.giantbomb.com/api/game/3030-35307/", "id": 35307, "name": "Gotham City Impostors", "site_detail_url": "https://www.giantbomb.com/gotham-city-impostors/3030-35307/"}, {"api_detail_url": "https://www.giantbomb.com/api/game/3030-37009/", "id": 37009, "name": "Batman Arkham City Lockdown", "site_detail_url": "https://www.giantbomb.com/batman-arkham-city-lockdown/3030-37009/"}, {"api_detail_url": "https://www.giantbomb.com/api/game/3030-35747/", "id": 35747, "name": "Superman", "site_detail_url": "https://www.giantbomb.com/superman/3030-35747/"}, {"api_detail_url": "https://www.giantbomb.com/api/game/3030-36898/", "id": 36898, "name": "LEGO Batman 2: DC Super Heroes", "site_detail_url": "https://www.giantbomb.com/lego-batman-2-dc-super-heroes/3030-36898/"}, {"api_detail_url": "https://www.giantbomb.com/api/game/3030-38104/", "id": 38104, "name": "Young Justice Shadow Mission", "site_detail_url": "https://www.giantbomb.com/young-justice-shadow-mission/3030-38104/"}, {"api_detail_url": "https://www.giantbomb.com/api/game/3030-38480/", "id": 38480, "name": "Injustice: Gods Among Us", "site_detail_url": "https://www.giantbomb.com/injustice-gods-among-us/3030-38480/"}, {"api_detail_url": "https://www.giantbomb.com/api/game/3030-39322/", "id": 39322, "name": "The Dark Knight Rises", "site_detail_url": "https://www.giantbomb.com/the-dark-knight-rises/3030-39322/"}, {"api_detail_url": "https://www.giantbomb.com/api/game/3030-40387/", "id": 40387, "name": "Green Lantern Battle Cards", "site_detail_url": "https://www.giantbomb.com/green-lantern-battle-cards/3030-40387/"}, {"api_detail_url": "https://www.giantbomb.com/api/game/3030-40989/", "id": 40989, "name": "HeroClix TabApp", "site_detail_url": "https://www.giantbomb.com/heroclix-tabapp/3030-40989/"}, {"api_detail_url": "https://www.giantbomb.com/api/game/3030-41939/", "id": 41939, "name": "Justice League: Earth's Final Defense", "site_detail_url": "https://www.giantbomb.com/justice-league-earth-s-final-defense/3030-41939/"}, {"api_detail_url": "https://www.giantbomb.com/api/game/3030-42065/", "id": 42065, "name": "Infinite Crisis", "site_detail_url": "https://www.giantbomb.com/infinite-crisis/3030-42065/"}, {"api_detail_url": "https://www.giantbomb.com/api/game/3030-42173/", "id": 42173, "name": "Injustice: Gods Among Us", "site_detail_url": "https://www.giantbomb.com/injustice-gods-among-us/3030-42173/"}, {"api_detail_url": "https://www.giantbomb.com/api/game/3030-37556/", "id": 37556, "name": "Young Justice: Legacy", "site_detail_url": "https://www.giantbomb.com/young-justice-legacy/3030-37556/"}, {"api_detail_url": "https://www.giantbomb.com/api/game/3030-42444/", "id": 42444, "name": "The Flash", "site_detail_url": "https://www.giantbomb.com/the-flash/3030-42444/"}, {"api_detail_url": "https://www.giantbomb.com/api/game/3030-42637/", "id": 42637, "name": "Scribblenauts Unmasked: A DC Comics Adventure", "site_detail_url": "https://www.giantbomb.com/scribblenauts-unmasked-a-dc-comics-adventure/3030-42637/"}, {"api_detail_url": "https://www.giantbomb.com/api/game/3030-42869/", "id": 42869, "name": "Man of Steel", "site_detail_url": "https://www.giantbomb.com/man-of-steel/3030-42869/"}, {"api_detail_url": "https://www.giantbomb.com/api/game/3030-44228/", "id": 44228, "name": "Batman: Arkham Origins", "site_detail_url": "https://www.giantbomb.com/batman-arkham-origins/3030-44228/"}, {"api_detail_url": "https://www.giantbomb.com/api/game/3030-23245/", "id": 23245, "name": "Batman: Arkham Asylum", "site_detail_url": "https://www.giantbomb.com/batman-arkham-asylum/3030-23245/"}, {"api_detail_url": "https://www.giantbomb.com/api/game/3030-42245/", "id": 42245, "name": "Batman: Arkham Origins", "site_detail_url": "https://www.giantbomb.com/batman-arkham-origins/3030-42245/"}, {"api_detail_url": "https://www.giantbomb.com/api/game/3030-45562/", "id": 45562, "name": "Sgt. Rock: On the Frontline", "site_detail_url": "https://www.giantbomb.com/sgt-rock-on-the-frontline/3030-45562/"}, {"api_detail_url": "https://www.giantbomb.com/api/game/3030-45577/", "id": 45577, "name": "Batman: Arkham Knight", "site_detail_url": "https://www.giantbomb.com/batman-arkham-knight/3030-45577/"}, {"api_detail_url": "https://www.giantbomb.com/api/game/3030-46420/", "id": 46420, "name": "Batman & The Flash: Hero Run", "site_detail_url": "https://www.giantbomb.com/batman-the-flash-hero-run/3030-46420/"}, {"api_detail_url": "https://www.giantbomb.com/api/game/3030-2823/", "id": 2823, "name": "Swamp Thing", "site_detail_url": "https://www.giantbomb.com/swamp-thing/3030-2823/"}, {"api_detail_url": "https://www.giantbomb.com/api/game/3030-50286/", "id": 50286, "name": "DC Legends", "site_detail_url": "https://www.giantbomb.com/dc-legends/3030-50286/"}, {"api_detail_url": "https://www.giantbomb.com/api/game/3030-51570/", "id": 51570, "name": "Batman: Arkham Underworld", "site_detail_url": "https://www.giantbomb.com/batman-arkham-underworld/3030-51570/"}, {"api_detail_url": "https://www.giantbomb.com/api/game/3030-51867/", "id": 51867, "name": "Teen Titans Go Arcade", "site_detail_url": "https://www.giantbomb.com/teen-titans-go-arcade/3030-51867/"}, {"api_detail_url": "https://www.giantbomb.com/api/game/3030-52098/", "id": 52098, "name": "LEGO DC Comics Super Heroes: Team Up", "site_detail_url": "https://www.giantbomb.com/lego-dc-comics-super-heroes-team-up/3030-52098/"}, {"api_detail_url": "https://www.giantbomb.com/api/game/3030-46430/", "id": 46430, "name": "LEGO Batman 3: Beyond Gotham", "site_detail_url": "https://www.giantbomb.com/lego-batman-3-beyond-gotham/3030-46430/"}, {"api_detail_url": "https://www.giantbomb.com/api/game/3030-42246/", "id": 42246, "name": "Batman: Arkham Origins Blackgate", "site_detail_url": "https://www.giantbomb.com/batman-arkham-origins-blackgate/3030-42246/"}, {"api_detail_url": "https://www.giantbomb.com/api/game/3030-51726/", "id": 51726, "name": "Batman: The Telltale Series", "site_detail_url": "https://www.giantbomb.com/batman-the-telltale-series/3030-51726/"}, {"api_detail_url": "https://www.giantbomb.com/api/game/3030-29443/", "id": 29443, "name": "Batman: Arkham City", "site_detail_url": "https://www.giantbomb.com/batman-arkham-city/3030-29443/"}, {"api_detail_url": "https://www.giantbomb.com/api/game/3030-52935/", "id": 52935, "name": "Batman v Superman: Who Will Win", "site_detail_url": "https://www.giantbomb.com/batman-v-superman-who-will-win/3030-52935/"}, {"api_detail_url": "https://www.giantbomb.com/api/game/3030-53498/", "id": 53498, "name": "DC Superhero Girls", "site_detail_url": "https://www.giantbomb.com/dc-superhero-girls/3030-53498/"}, {"api_detail_url": "https://www.giantbomb.com/api/game/3030-21847/", "id": 21847, "name": "Watchmen: The End is Nigh", "site_detail_url": "https://www.giantbomb.com/watchmen-the-end-is-nigh/3030-21847/"}, {"api_detail_url": "https://www.giantbomb.com/api/game/3030-53965/", "id": 53965, "name": "Batman: Return to Arkham", "site_detail_url": "https://www.giantbomb.com/batman-return-to-arkham/3030-53965/"}, {"api_detail_url": "https://www.giantbomb.com/api/game/3030-54327/", "id": 54327, "name": "Teeny Titans", "site_detail_url": "https://www.giantbomb.com/teeny-titans/3030-54327/"}, {"api_detail_url": "https://www.giantbomb.com/api/game/3030-54981/", "id": 54981, "name": "Suicide Squad: Special Ops", "site_detail_url": "https://www.giantbomb.com/suicide-squad-special-ops/3030-54981/"}, {"api_detail_url": "https://www.giantbomb.com/api/game/3030-58643/", "id": 58643, "name": "Justice League Action Run", "site_detail_url": "https://www.giantbomb.com/justice-league-action-run/3030-58643/"}, {"api_detail_url": "https://www.giantbomb.com/api/game/3030-60398/", "id": 60398, "name": "Batman: The Enemy Within - The Telltale Series", "site_detail_url": "https://www.giantbomb.com/batman-the-enemy-within-the-telltale-series/3030-60398/"}, {"api_detail_url": "https://www.giantbomb.com/api/game/3030-58353/", "id": 58353, "name": "Injustice 2 Mobile", "site_detail_url": "https://www.giantbomb.com/injustice-2-mobile/3030-58353/"}, {"api_detail_url": "https://www.giantbomb.com/api/game/3030-54144/", "id": 54144, "name": "Injustice 2", "site_detail_url": "https://www.giantbomb.com/injustice-2/3030-54144/"}, {"api_detail_url": "https://www.giantbomb.com/api/game/3030-35046/", "id": 35046, "name": "Superman: The Man of Steel", "site_detail_url": "https://www.giantbomb.com/superman-the-man-of-steel/3030-35046/"}, {"api_detail_url": "https://www.giantbomb.com/api/game/3030-64686/", "id": 64686, "name": "Justice League VR: The Complete Experience", "site_detail_url": "https://www.giantbomb.com/justice-league-vr-the-complete-experience/3030-64686/"}, {"api_detail_url": "https://www.giantbomb.com/api/game/3030-57844/", "id": 57844, "name": "The LEGO Batman Movie Game", "site_detail_url": "https://www.giantbomb.com/the-lego-batman-movie-game/3030-57844/"}, {"api_detail_url": "https://www.giantbomb.com/api/game/3030-67792/", "id": 67792, "name": "DC: Unchained", "site_detail_url": "https://www.giantbomb.com/dc-unchained/3030-67792/"}, {"api_detail_url": "https://www.giantbomb.com/api/game/3030-68741/", "id": 68741, "name": "LEGO DC Super-Villains", "site_detail_url": "https://www.giantbomb.com/lego-dc-super-villains/3030-68741/"}, {"api_detail_url": "https://www.giantbomb.com/api/game/3030-75167/", "id": 75167, "name": "Lobo: Jukebox of Pain", "site_detail_url": "https://www.giantbomb.com/lobo-jukebox-of-pain/3030-75167/"}, {"api_detail_url": "https://www.giantbomb.com/api/game/3030-78274/", "id": 78274, "name": "Teen Titans Go Figure!", "site_detail_url": "https://www.giantbomb.com/teen-titans-go-figure/3030-78274/"}, {"api_detail_url": "https://www.giantbomb.com/api/game/3030-80097/", "id": 80097, "name": "Suicide Squad: Kill the Justice League", "site_detail_url": "https://www.giantbomb.com/suicide-squad-kill-the-justice-league/3030-80097/"}, {"api_detail_url": "https://www.giantbomb.com/api/game/3030-80301/", "id": 80301, "name": "Gotham Knights", "site_detail_url": "https://www.giantbomb.com/gotham-knights/3030-80301/"}, {"api_detail_url": "https://www.giantbomb.com/api/game/3030-79376/", "id": 79376, "name": "DC Battle Arena", "site_detail_url": "https://www.giantbomb.com/dc-battle-arena/3030-79376/"}, {"api_detail_url": "https://www.giantbomb.com/api/game/3030-81831/", "id": 81831, "name": "DC Super Hero Girls: Teen Power", "site_detail_url": "https://www.giantbomb.com/dc-super-hero-girls-teen-power/3030-81831/"}, {"api_detail_url": "https://www.giantbomb.com/api/game/3030-4596/", "id": 4596, "name": "Superboy: Spies from Outer Space", "site_detail_url": "https://www.giantbomb.com/superboy-spies-from-outer-space/3030-4596/"}, {"api_detail_url": "https://www.giantbomb.com/api/game/3030-84321/", "id": 84321, "name": "DC Heroes & Villains", "site_detail_url": "https://www.giantbomb.com/dc-heroes-and-villains/3030-84321/"}, {"api_detail_url": "https://www.giantbomb.com/api/game/3030-84427/", "id": 84427, "name": "Wonder Woman", "site_detail_url": "https://www.giantbomb.com/wonder-woman/3030-84427/"}, {"api_detail_url": "https://www.giantbomb.com/api/game/3030-86236/", "id": 86236, "name": "DC Justice League", "site_detail_url": "https://www.giantbomb.com/dc-justice-league/3030-86236/"}, {"api_detail_url": "https://www.giantbomb.com/api/game/3030-86822/", "id": 86822, "name": "DC League of Super Pets: The Adventures of Krypto and Ace", "site_detail_url": "https://www.giantbomb.com/dc-league-of-super-pets-the-adventures-of-krypto-a/3030-86822/"}, {"api_detail_url": "https://www.giantbomb.com/api/game/3030-87058/", "id": 87058, "name": "Superman Returns: Fortress of Solitude", "site_detail_url": "https://www.giantbomb.com/superman-returns-fortress-of-solitude/3030-87058/"}, {"api_detail_url": "https://www.giantbomb.com/api/game/3030-87954/", "id": 87954, "name": "The Adventures of Batman & Robin: Activity Center", "site_detail_url": "https://www.giantbomb.com/the-adventures-of-batman-and-robin-activity-center/3030-87954/"}]}, "version": "1.0"}