{"error": "OK", "limit": 1, "offset": 0, "number_of_page_results": 1, "number_of_total_results": 1, "status_code": 1, "results": {"games": [{"api_detail_url": "https://www.giantbomb.com/api/game/3030-15107/", "id": 15107, "name": "Arkanoid", "site_detail_url": "https://www.giantbomb.com/arkanoid/3030-15107/"}, {"api_detail_url": "https://www.giantbomb.com/api/game/3030-21608/", "id": 21608, "name": "Arkanoid DS", "site_detail_url": "https://www.giantbomb.com/arkanoid-ds/3030-21608/"}, {"api_detail_url": "https://www.giantbomb.com/api/game/3030-24062/", "id": 24062, "name": "Arkanoid Live!", "site_detail_url": "https://www.giantbomb.com/arkanoid-live/3030-24062/"}, {"api_detail_url": "https://www.giantbomb.com/api/game/3030-17164/", "id": 17164, "name": "Arkanoid: Doh It Again", "site_detail_url": "https://www.giantbomb.com/arkanoid-doh-it-again/3030-17164/"}, {"api_detail_url": "https://www.giantbomb.com/api/game/3030-14886/", "id": 14886, "name": "Arkanoid: Revenge of DOH", "site_detail_url": "https://www.giantbomb.com/arkanoid-revenge-of-doh/3030-14886/"}, {"api_detail_url": "https://www.giantbomb.com/api/game/3030-26619/", "id": 26619, "name": "Arkanoid Plus!", "site_detail_url": "https://www.giantbomb.com/arkanoid-plus/3030-26619/"}, {"api_detail_url": "https://www.giantbomb.com/api/game/3030-59770/", "id": 59770, "name": "Arkanoid vs. Space Invaders", "site_detail_url": "https://www.giantbomb.com/arkanoid-vs-space-invaders/3030-59770/"}, {"api_detail_url": "https://www.giantbomb.com/api/game/3030-51199/", "id": 51199, "name": "Arkanoid Returns", "site_detail_url": "https://www.giantbomb.com/arkanoid-returns/3030-51199/"}, {"api_detail_url": "https://www.giantbomb.com/api/game/3030-74665/", "id": 74665, "name": "Warkanoid II: Wildlife", "site_detail_url": "https://www.giantbomb.com/warkanoid-ii-wildlife/3030-74665/"}, {"api_detail_url": "https://www.giantbomb.com/api/game/3030-84350/", "id": 84350, "name": "Arkanoid: Eternal Battle", "site_detail_url": "https://www.giantbomb.com/arkanoid-eternal-battle/3030-84350/"}]}, "version": "1.0"}