{"error": "OK", "limit": 1, "offset": 0, "number_of_page_results": 1, "number_of_total_results": 1, "status_code": 1, "results": {"games": [{"api_detail_url": "https://www.giantbomb.com/api/game/3030-19879/", "id": 19879, "name": "Motocross Maniacs", "site_detail_url": "https://www.giantbomb.com/motocross-maniacs/3030-19879/"}, {"api_detail_url": "https://www.giantbomb.com/api/game/3030-26179/", "id": 26179, "name": "Motocross Maniacs 2", "site_detail_url": "https://www.giantbomb.com/motocross-maniacs-2/3030-26179/"}, {"api_detail_url": "https://www.giantbomb.com/api/game/3030-26180/", "id": 26180, "name": "Motocross Maniacs Advance", "site_detail_url": "https://www.giantbomb.com/motocross-maniacs-advance/3030-26180/"}]}, "version": "1.0"}