{"error": "OK", "limit": 1, "offset": 0, "number_of_page_results": 1, "number_of_total_results": 1, "status_code": 1, "results": {"games": [{"api_detail_url": "https://www.giantbomb.com/api/game/3030-10315/", "id": 10315, "name": "Diner Dash", "site_detail_url": "https://www.giantbomb.com/diner-dash/3030-10315/"}, {"api_detail_url": "https://www.giantbomb.com/api/game/3030-7687/", "id": 7687, "name": "Diner Dash 2: Restaurant Rescue", "site_detail_url": "https://www.giantbomb.com/diner-dash-2-restaurant-rescue/3030-7687/"}, {"api_detail_url": "https://www.giantbomb.com/api/game/3030-12422/", "id": 12422, "name": "Diner Dash: Flo on the Go", "site_detail_url": "https://www.giantbomb.com/diner-dash-flo-on-the-go/3030-12422/"}, {"api_detail_url": "https://www.giantbomb.com/api/game/3030-22423/", "id": 22423, "name": "Wedding Dash", "site_detail_url": "https://www.giantbomb.com/wedding-dash/3030-22423/"}, {"api_detail_url": "https://www.giantbomb.com/api/game/3030-22455/", "id": 22455, "name": "Wedding Dash 2", "site_detail_url": "https://www.giantbomb.com/wedding-dash-2/3030-22455/"}, {"api_detail_url": "https://www.giantbomb.com/api/game/3030-31246/", "id": 31246, "name": "Diner Dash: Hometown Hero", "site_detail_url": "https://www.giantbomb.com/diner-dash-hometown-hero/3030-31246/"}, {"api_detail_url": "https://www.giantbomb.com/api/game/3030-37286/", "id": 37286, "name": "Garden Dash", "site_detail_url": "https://www.giantbomb.com/garden-dash/3030-37286/"}, {"api_detail_url": "https://www.giantbomb.com/api/game/3030-31253/", "id": 31253, "name": "Hotel Dash: Suite Success", "site_detail_url": "https://www.giantbomb.com/hotel-dash-suite-success/3030-31253/"}, {"api_detail_url": "https://www.giantbomb.com/api/game/3030-39099/", "id": 39099, "name": "Spongebob SquarePants: Diner Dash", "site_detail_url": "https://www.giantbomb.com/spongebob-squarepants-diner-dash/3030-39099/"}, {"api_detail_url": "https://www.giantbomb.com/api/game/3030-31244/", "id": 31244, "name": "Cooking Dash", "site_detail_url": "https://www.giantbomb.com/cooking-dash/3030-31244/"}, {"api_detail_url": "https://www.giantbomb.com/api/game/3030-31247/", "id": 31247, "name": "DinerTown Detective Agency", "site_detail_url": "https://www.giantbomb.com/dinertown-detective-agency/3030-31247/"}]}, "version": "1.0"}