{"error": "OK", "limit": 1, "offset": 0, "number_of_page_results": 1, "number_of_total_results": 1, "status_code": 1, "results": {"games": [{"api_detail_url": "https://www.giantbomb.com/api/game/3030-7849/", "id": 7849, "name": "Dungeon Explorer", "site_detail_url": "https://www.giantbomb.com/dungeon-explorer/3030-7849/"}, {"api_detail_url": "https://www.giantbomb.com/api/game/3030-28173/", "id": 28173, "name": "Dungeon Explorer II", "site_detail_url": "https://www.giantbomb.com/dungeon-explorer-ii/3030-28173/"}, {"api_detail_url": "https://www.giantbomb.com/api/game/3030-18216/", "id": 18216, "name": "Crystal Beans: From Dungeon Explorer", "site_detail_url": "https://www.giantbomb.com/crystal-beans-from-dungeon-explorer/3030-18216/"}, {"api_detail_url": "https://www.giantbomb.com/api/game/3030-21636/", "id": 21636, "name": "Dungeon Explorer: Warriors of Ancient Arts", "site_detail_url": "https://www.giantbomb.com/dungeon-explorer-warriors-of-ancient-arts/3030-21636/"}, {"api_detail_url": "https://www.giantbomb.com/api/game/3030-28218/", "id": 28218, "name": "Dungeon Explorer", "site_detail_url": "https://www.giantbomb.com/dungeon-explorer/3030-28218/"}]}, "version": "1.0"}