{"error": "OK", "limit": 1, "offset": 0, "number_of_page_results": 1, "number_of_total_results": 1, "status_code": 1, "results": {"games": [{"api_detail_url": "https://www.giantbomb.com/api/game/3030-24947/", "id": 24947, "name": "Galaxy Angel", "site_detail_url": "https://www.giantbomb.com/galaxy-angel/3030-24947/"}, {"api_detail_url": "https://www.giantbomb.com/api/game/3030-24948/", "id": 24948, "name": "Galaxy Angel: Moonlit Lovers", "site_detail_url": "https://www.giantbomb.com/galaxy-angel-moonlit-lovers/3030-24948/"}, {"api_detail_url": "https://www.giantbomb.com/api/game/3030-24950/", "id": 24950, "name": "Galaxy Angel: Eternal Lovers", "site_detail_url": "https://www.giantbomb.com/galaxy-angel-eternal-lovers/3030-24950/"}]}, "version": "1.0"}