{"error": "OK", "limit": 1, "offset": 0, "number_of_page_results": 1, "number_of_total_results": 1, "status_code": 1, "results": {"games": [{"api_detail_url": "https://www.giantbomb.com/api/game/3030-13644/", "id": 13644, "name": "Super Collapse!", "site_detail_url": "https://www.giantbomb.com/super-collapse/3030-13644/"}, {"api_detail_url": "https://www.giantbomb.com/api/game/3030-6190/", "id": 6190, "name": "Super Collapse! II", "site_detail_url": "https://www.giantbomb.com/super-collapse-ii/3030-6190/"}, {"api_detail_url": "https://www.giantbomb.com/api/game/3030-22319/", "id": 22319, "name": "Super Collapse! 3", "site_detail_url": "https://www.giantbomb.com/super-collapse-3/3030-22319/"}]}, "version": "1.0"}