{"error": "OK", "limit": 1, "offset": 0, "number_of_page_results": 1, "number_of_total_results": 1, "status_code": 1, "results": {"games": [{"api_detail_url": "https://www.giantbomb.com/api/game/3030-23783/", "id": 23783, "name": "SimAnimals", "site_detail_url": "https://www.giantbomb.com/simanimals/3030-23783/"}, {"api_detail_url": "https://www.giantbomb.com/api/game/3030-27273/", "id": 27273, "name": "SimAnimals Africa", "site_detail_url": "https://www.giantbomb.com/simanimals-africa/3030-27273/"}]}, "version": "1.0"}