{"error": "OK", "limit": 1, "offset": 0, "number_of_page_results": 1, "number_of_total_results": 1, "status_code": 1, "results": {"games": [{"api_detail_url": "https://www.giantbomb.com/api/game/3030-24157/", "id": 24157, "name": "Deadly Strike", "site_detail_url": "https://www.giantbomb.com/deadly-strike/3030-24157/"}, {"api_detail_url": "https://www.giantbomb.com/api/game/3030-24723/", "id": 24723, "name": "The Mahjong", "site_detail_url": "https://www.giantbomb.com/the-mahjong/3030-24723/"}, {"api_detail_url": "https://www.giantbomb.com/api/game/3030-24724/", "id": 24724, "name": "The Shogi", "site_detail_url": "https://www.giantbomb.com/the-shogi/3030-24724/"}, {"api_detail_url": "https://www.giantbomb.com/api/game/3030-20585/", "id": 20585, "name": "The Adventures of Darwin", "site_detail_url": "https://www.giantbomb.com/the-adventures-of-darwin/3030-20585/"}, {"api_detail_url": "https://www.giantbomb.com/api/game/3030-1343/", "id": 1343, "name": "Fisherman's Bass Club", "site_detail_url": "https://www.giantbomb.com/fishermans-bass-club/3030-1343/"}, {"api_detail_url": "https://www.giantbomb.com/api/game/3030-11800/", "id": 11800, "name": "Zombie Hunters", "site_detail_url": "https://www.giantbomb.com/zombie-hunters/3030-11800/"}, {"api_detail_url": "https://www.giantbomb.com/api/game/3030-21497/", "id": 21497, "name": "Simple Series 2000 Vol. 90: The Oneechanbara 2", "site_detail_url": "https://www.giantbomb.com/simple-series-2000-vol-90-the-oneechanbara-2/3030-21497/"}, {"api_detail_url": "https://www.giantbomb.com/api/game/3030-14204/", "id": 14204, "name": "Mashed: Drive to Survive", "site_detail_url": "https://www.giantbomb.com/mashed-drive-to-survive/3030-14204/"}, {"api_detail_url": "https://www.giantbomb.com/api/game/3030-24753/", "id": 24753, "name": "The Table Game", "site_detail_url": "https://www.giantbomb.com/the-table-game/3030-24753/"}, {"api_detail_url": "https://www.giantbomb.com/api/game/3030-24754/", "id": 24754, "name": "Forty 4 Party", "site_detail_url": "https://www.giantbomb.com/forty-4-party/3030-24754/"}, {"api_detail_url": "https://www.giantbomb.com/api/game/3030-24755/", "id": 24755, "name": "The Double Mahjong Puzzle", "site_detail_url": "https://www.giantbomb.com/the-double-mahjong-puzzle/3030-24755/"}, {"api_detail_url": "https://www.giantbomb.com/api/game/3030-24756/", "id": 24756, "name": "Bust-A-Bloc", "site_detail_url": "https://www.giantbomb.com/bust-a-bloc/3030-24756/"}, {"api_detail_url": "https://www.giantbomb.com/api/game/3030-24757/", "id": 24757, "name": "Snowboard Racer 2", "site_detail_url": "https://www.giantbomb.com/snowboard-racer-2/3030-24757/"}, {"api_detail_url": "https://www.giantbomb.com/api/game/3030-24758/", "id": 24758, "name": "Boxing Champions", "site_detail_url": "https://www.giantbomb.com/boxing-champions/3030-24758/"}, {"api_detail_url": "https://www.giantbomb.com/api/game/3030-24759/", "id": 24759, "name": "Tennis Court Smash", "site_detail_url": "https://www.giantbomb.com/tennis-court-smash/3030-24759/"}, {"api_detail_url": "https://www.giantbomb.com/api/game/3030-24760/", "id": 24760, "name": "The Renai Adventure: Bittersweet Fools", "site_detail_url": "https://www.giantbomb.com/the-renai-adventure-bittersweet-fools/3030-24760/"}, {"api_detail_url": "https://www.giantbomb.com/api/game/3030-24761/", "id": 24761, "name": "Ultimate Mind Games", "site_detail_url": "https://www.giantbomb.com/ultimate-mind-games/3030-24761/"}, {"api_detail_url": "https://www.giantbomb.com/api/game/3030-24765/", "id": 24765, "name": "The Offroad Buggy", "site_detail_url": "https://www.giantbomb.com/the-offroad-buggy/3030-24765/"}, {"api_detail_url": "https://www.giantbomb.com/api/game/3030-24767/", "id": 24767, "name": "The Quiz 20000", "site_detail_url": "https://www.giantbomb.com/the-quiz-20000/3030-24767/"}, {"api_detail_url": "https://www.giantbomb.com/api/game/3030-24770/", "id": 24770, "name": "Billiards Xciting", "site_detail_url": "https://www.giantbomb.com/billiards-xciting/3030-24770/"}, {"api_detail_url": "https://www.giantbomb.com/api/game/3030-24775/", "id": 24775, "name": "The Renai Simulation: Renai Kissa Watashi ni Oma Cafe", "site_detail_url": "https://www.giantbomb.com/the-renai-simulation-renai-kissa-watashi-ni-oma-ca/3030-24775/"}, {"api_detail_url": "https://www.giantbomb.com/api/game/3030-24772/", "id": 24772, "name": "The Sniper 2", "site_detail_url": "https://www.giantbomb.com/the-sniper-2/3030-24772/"}, {"api_detail_url": "https://www.giantbomb.com/api/game/3030-24769/", "id": 24769, "name": "The Renai Adventure 2: Jo no Ko no Tameno", "site_detail_url": "https://www.giantbomb.com/the-renai-adventure-2-jo-no-ko-no-tameno/3030-24769/"}, {"api_detail_url": "https://www.giantbomb.com/api/game/3030-24773/", "id": 24773, "name": "The Suiri: Aratanaru 20 no Jikenbo", "site_detail_url": "https://www.giantbomb.com/the-suiri-aratanaru-20-no-jikenbo/3030-24773/"}, {"api_detail_url": "https://www.giantbomb.com/api/game/3030-24774/", "id": 24774, "name": "The Party Sugoroku", "site_detail_url": "https://www.giantbomb.com/the-party-sugoroku/3030-24774/"}, {"api_detail_url": "https://www.giantbomb.com/api/game/3030-14124/", "id": 14124, "name": "Break 'em All", "site_detail_url": "https://www.giantbomb.com/break-em-all/3030-14124/"}, {"api_detail_url": "https://www.giantbomb.com/api/game/3030-25138/", "id": 25138, "name": "Simple DS Series Vol. 47: The Suiri Shinshou 2009", "site_detail_url": "https://www.giantbomb.com/simple-ds-series-vol-47-the-suiri-shinshou-2009/3030-25138/"}, {"api_detail_url": "https://www.giantbomb.com/api/game/3030-12204/", "id": 12204, "name": "Power Shovel", "site_detail_url": "https://www.giantbomb.com/power-shovel/3030-12204/"}, {"api_detail_url": "https://www.giantbomb.com/api/game/3030-25799/", "id": 25799, "name": "RC Helicopter", "site_detail_url": "https://www.giantbomb.com/rc-helicopter/3030-25799/"}, {"api_detail_url": "https://www.giantbomb.com/api/game/3030-3440/", "id": 3440, "name": "Zombie Zone", "site_detail_url": "https://www.giantbomb.com/zombie-zone/3030-3440/"}, {"api_detail_url": "https://www.giantbomb.com/api/game/3030-5725/", "id": 5725, "name": "Space Raiders", "site_detail_url": "https://www.giantbomb.com/space-raiders/3030-5725/"}, {"api_detail_url": "https://www.giantbomb.com/api/game/3030-26711/", "id": 26711, "name": "Metropolismania", "site_detail_url": "https://www.giantbomb.com/metropolismania/3030-26711/"}, {"api_detail_url": "https://www.giantbomb.com/api/game/3030-21828/", "id": 21828, "name": "Shooter: Space Shot", "site_detail_url": "https://www.giantbomb.com/shooter-space-shot/3030-21828/"}, {"api_detail_url": "https://www.giantbomb.com/api/game/3030-19769/", "id": 19769, "name": "Block Buster", "site_detail_url": "https://www.giantbomb.com/block-buster/3030-19769/"}, {"api_detail_url": "https://www.giantbomb.com/api/game/3030-29608/", "id": 29608, "name": "Tennis", "site_detail_url": "https://www.giantbomb.com/tennis/3030-29608/"}, {"api_detail_url": "https://www.giantbomb.com/api/game/3030-18899/", "id": 18899, "name": "Gatchaman: The Shooting", "site_detail_url": "https://www.giantbomb.com/gatchaman-the-shooting/3030-18899/"}, {"api_detail_url": "https://www.giantbomb.com/api/game/3030-31212/", "id": 31212, "name": "Fighting Angels", "site_detail_url": "https://www.giantbomb.com/fighting-angels/3030-31212/"}, {"api_detail_url": "https://www.giantbomb.com/api/game/3030-34282/", "id": 34282, "name": "Simple 500 Series Vol. 1: The Mahjong", "site_detail_url": "https://www.giantbomb.com/simple-500-series-vol-1-the-mahjong/3030-34282/"}, {"api_detail_url": "https://www.giantbomb.com/api/game/3030-34953/", "id": 34953, "name": "Simple 1500 vol. 24: The Shooting", "site_detail_url": "https://www.giantbomb.com/simple-1500-vol-24-the-shooting/3030-34953/"}, {"api_detail_url": "https://www.giantbomb.com/api/game/3030-34952/", "id": 34952, "name": "Simple 1500 vol. 7: the Card", "site_detail_url": "https://www.giantbomb.com/simple-1500-vol-7-the-card/3030-34952/"}, {"api_detail_url": "https://www.giantbomb.com/api/game/3030-31138/", "id": 31138, "name": "Global Defence Force Tactics", "site_detail_url": "https://www.giantbomb.com/global-defence-force-tactics/3030-31138/"}, {"api_detail_url": "https://www.giantbomb.com/api/game/3030-30590/", "id": 30590, "name": "Volleyball Challenge", "site_detail_url": "https://www.giantbomb.com/volleyball-challenge/3030-30590/"}, {"api_detail_url": "https://www.giantbomb.com/api/game/3030-26530/", "id": 26530, "name": "Azumi", "site_detail_url": "https://www.giantbomb.com/azumi/3030-26530/"}, {"api_detail_url": "https://www.giantbomb.com/api/game/3030-26508/", "id": 26508, "name": "The Aka-Champion", "site_detail_url": "https://www.giantbomb.com/the-aka-champion/3030-26508/"}, {"api_detail_url": "https://www.giantbomb.com/api/game/3030-25611/", "id": 25611, "name": "THE Robot Tsukurou Ze!", "site_detail_url": "https://www.giantbomb.com/the-robot-tsukurou-ze/3030-25611/"}, {"api_detail_url": "https://www.giantbomb.com/api/game/3030-24721/", "id": 24721, "name": "The Kanji Quiz - Challenge! Kanji Kentai", "site_detail_url": "https://www.giantbomb.com/the-kanji-quiz-challenge-kanji-kentai/3030-24721/"}, {"api_detail_url": "https://www.giantbomb.com/api/game/3030-23801/", "id": 23801, "name": "The Mini-Skirt Police", "site_detail_url": "https://www.giantbomb.com/the-mini-skirt-police/3030-23801/"}, {"api_detail_url": "https://www.giantbomb.com/api/game/3030-22501/", "id": 22501, "name": "Demolition Girl", "site_detail_url": "https://www.giantbomb.com/demolition-girl/3030-22501/"}, {"api_detail_url": "https://www.giantbomb.com/api/game/3030-22070/", "id": 22070, "name": "Global Defence Force", "site_detail_url": "https://www.giantbomb.com/global-defence-force/3030-22070/"}, {"api_detail_url": "https://www.giantbomb.com/api/game/3030-34762/", "id": 34762, "name": "RC de GO!", "site_detail_url": "https://www.giantbomb.com/rc-de-go/3030-34762/"}, {"api_detail_url": "https://www.giantbomb.com/api/game/3030-36757/", "id": 36757, "name": "Simple 500 Series Vol. 2: The Misshitsu Kara no Dasshutsu", "site_detail_url": "https://www.giantbomb.com/simple-500-series-vol-2-the-misshitsu-kara-no-dass/3030-36757/"}, {"api_detail_url": "https://www.giantbomb.com/api/game/3030-37115/", "id": 37115, "name": "Simple 500 Series Vol. 3: The Misshitsu Kara no Dasshutsu Tsukiyo no Mansion-hen", "site_detail_url": "https://www.giantbomb.com/simple-500-series-vol-3-the-misshitsu-kara-no-dass/3030-37115/"}, {"api_detail_url": "https://www.giantbomb.com/api/game/3030-38307/", "id": 38307, "name": "Cyborg 009: The Block Kuzushi", "site_detail_url": "https://www.giantbomb.com/cyborg-009-the-block-kuzushi/3030-38307/"}, {"api_detail_url": "https://www.giantbomb.com/api/game/3030-39588/", "id": 39588, "name": "Simple 1500 Series Hello Kitty Vol. 01: Hello Kitty Bowling", "site_detail_url": "https://www.giantbomb.com/simple-1500-series-hello-kitty-vol-01-hello-kitty-/3030-39588/"}, {"api_detail_url": "https://www.giantbomb.com/api/game/3030-39587/", "id": 39587, "name": "Simple 1500 Series Hello Kitty Vol. 02: Hello Kitty Illust Puzzle", "site_detail_url": "https://www.giantbomb.com/simple-1500-series-hello-kitty-vol-02-hello-kitty-/3030-39587/"}, {"api_detail_url": "https://www.giantbomb.com/api/game/3030-39600/", "id": 39600, "name": "Simple 1500 Series Hello Kitty Vol. 03: Hello Kitty Block Kuzushi", "site_detail_url": "https://www.giantbomb.com/simple-1500-series-hello-kitty-vol-03-hello-kitty-/3030-39600/"}, {"api_detail_url": "https://www.giantbomb.com/api/game/3030-39601/", "id": 39601, "name": "Simple 1500 Series Hello Kitty Vol. 04: Trump", "site_detail_url": "https://www.giantbomb.com/simple-1500-series-hello-kitty-vol-04-trump/3030-39601/"}, {"api_detail_url": "https://www.giantbomb.com/api/game/3030-39602/", "id": 39602, "name": "Simple 2000 Hello Kitty Series Vol. 1: Starlight Puzzle", "site_detail_url": "https://www.giantbomb.com/simple-2000-hello-kitty-series-vol-1-starlight-puz/3030-39602/"}, {"api_detail_url": "https://www.giantbomb.com/api/game/3030-39666/", "id": 39666, "name": "Street Boyz", "site_detail_url": "https://www.giantbomb.com/street-boyz/3030-39666/"}, {"api_detail_url": "https://www.giantbomb.com/api/game/3030-39667/", "id": 39667, "name": "Power Fighters", "site_detail_url": "https://www.giantbomb.com/power-fighters/3030-39667/"}, {"api_detail_url": "https://www.giantbomb.com/api/game/3030-30926/", "id": 30926, "name": "Splatter Master", "site_detail_url": "https://www.giantbomb.com/splatter-master/3030-30926/"}, {"api_detail_url": "https://www.giantbomb.com/api/game/3030-39273/", "id": 39273, "name": "All-Star Fighters", "site_detail_url": "https://www.giantbomb.com/all-star-fighters/3030-39273/"}, {"api_detail_url": "https://www.giantbomb.com/api/game/3030-39790/", "id": 39790, "name": "Family Party: 30 Great Games - Obstacle Arcade", "site_detail_url": "https://www.giantbomb.com/family-party-30-great-games-obstacle-arcade/3030-39790/"}, {"api_detail_url": "https://www.giantbomb.com/api/game/3030-40748/", "id": 40748, "name": "MaXXed Out Racing", "site_detail_url": "https://www.giantbomb.com/maxxed-out-racing/3030-40748/"}, {"api_detail_url": "https://www.giantbomb.com/api/game/3030-41267/", "id": 41267, "name": "Simple 1500 Series Vol. 14: The Block Kuzushi", "site_detail_url": "https://www.giantbomb.com/simple-1500-series-vol-14-the-block-kuzushi/3030-41267/"}, {"api_detail_url": "https://www.giantbomb.com/api/game/3030-42127/", "id": 42127, "name": "Hard Knock High", "site_detail_url": "https://www.giantbomb.com/hard-knock-high/3030-42127/"}, {"api_detail_url": "https://www.giantbomb.com/api/game/3030-42128/", "id": 42128, "name": "Simple DS Series Vol. 25: The Koushounin", "site_detail_url": "https://www.giantbomb.com/simple-ds-series-vol-25-the-koushounin/3030-42128/"}, {"api_detail_url": "https://www.giantbomb.com/api/game/3030-42129/", "id": 42129, "name": "Simple DS Series Vol. 34: The Haisha-San", "site_detail_url": "https://www.giantbomb.com/simple-ds-series-vol-34-the-haisha-san/3030-42129/"}, {"api_detail_url": "https://www.giantbomb.com/api/game/3030-42130/", "id": 42130, "name": "Simple DS Series Vol. 43: The Host Shiyouze! DX Knight King", "site_detail_url": "https://www.giantbomb.com/simple-ds-series-vol-43-the-host-shiyouze-dx-knigh/3030-42130/"}, {"api_detail_url": "https://www.giantbomb.com/api/game/3030-42131/", "id": 42131, "name": "Simple DS Series Vol. 48: The Saibanin: 1-tsu no Shinjitsu, 6-tsu no Kotae", "site_detail_url": "https://www.giantbomb.com/simple-ds-series-vol-48-the-saibanin-1-tsu-no-shin/3030-42131/"}, {"api_detail_url": "https://www.giantbomb.com/api/game/3030-42132/", "id": 42132, "name": "Simple DS Series Vol. 44: The Gal Mahjong", "site_detail_url": "https://www.giantbomb.com/simple-ds-series-vol-44-the-gal-mahjong/3030-42132/"}, {"api_detail_url": "https://www.giantbomb.com/api/game/3030-42133/", "id": 42133, "name": "Simple 2500 Series Portable Vol. 8: The Doko Demo Gal Mahjong", "site_detail_url": "https://www.giantbomb.com/simple-2500-series-portable-vol-8-the-doko-demo-ga/3030-42133/"}, {"api_detail_url": "https://www.giantbomb.com/api/game/3030-42135/", "id": 42135, "name": "Super Pocket Tennis", "site_detail_url": "https://www.giantbomb.com/super-pocket-tennis/3030-42135/"}, {"api_detail_url": "https://www.giantbomb.com/api/game/3030-42138/", "id": 42138, "name": "Simple 1500 Series Vol. 88: The Gal Mahjong", "site_detail_url": "https://www.giantbomb.com/simple-1500-series-vol-88-the-gal-mahjong/3030-42138/"}, {"api_detail_url": "https://www.giantbomb.com/api/game/3030-28428/", "id": 28428, "name": "Exorsister", "site_detail_url": "https://www.giantbomb.com/exorsister/3030-28428/"}, {"api_detail_url": "https://www.giantbomb.com/api/game/3030-45227/", "id": 45227, "name": "Snowboarding", "site_detail_url": "https://www.giantbomb.com/snowboarding/3030-45227/"}, {"api_detail_url": "https://www.giantbomb.com/api/game/3030-797/", "id": 797, "name": "Card Games", "site_detail_url": "https://www.giantbomb.com/card-games/3030-797/"}, {"api_detail_url": "https://www.giantbomb.com/api/game/3030-7590/", "id": 7590, "name": "Densha de Go!", "site_detail_url": "https://www.giantbomb.com/densha-de-go/3030-7590/"}, {"api_detail_url": "https://www.giantbomb.com/api/game/3030-6616/", "id": 6616, "name": "Densha de Go! Nagoya Railroad", "site_detail_url": "https://www.giantbomb.com/densha-de-go-nagoya-railroad/3030-6616/"}, {"api_detail_url": "https://www.giantbomb.com/api/game/3030-1263/", "id": 1263, "name": "Bust-A-Move 4", "site_detail_url": "https://www.giantbomb.com/bust-a-move-4/3030-1263/"}, {"api_detail_url": "https://www.giantbomb.com/api/game/3030-19732/", "id": 19732, "name": "Volfied", "site_detail_url": "https://www.giantbomb.com/volfied/3030-19732/"}, {"api_detail_url": "https://www.giantbomb.com/api/game/3030-45229/", "id": 45229, "name": "Simple 1500 Jitsuyou Series Vol. 08: 1-Jikan de Wakaru Kabushiki Toushi", "site_detail_url": "https://www.giantbomb.com/simple-1500-jitsuyou-series-vol-08-1jikan-de-wakar/3030-45229/"}, {"api_detail_url": "https://www.giantbomb.com/api/game/3030-45230/", "id": 45230, "name": "Aces of the Air", "site_detail_url": "https://www.giantbomb.com/aces-of-the-air/3030-45230/"}, {"api_detail_url": "https://www.giantbomb.com/api/game/3030-16562/", "id": 16562, "name": "Pink Panther: Pinkadelic Pursuit", "site_detail_url": "https://www.giantbomb.com/pink-panther-pinkadelic-pursuit/3030-16562/"}, {"api_detail_url": "https://www.giantbomb.com/api/game/3030-45841/", "id": 45841, "name": "Kamen Rider: The Bike Race", "site_detail_url": "https://www.giantbomb.com/kamen-rider-the-bike-race/3030-45841/"}, {"api_detail_url": "https://www.giantbomb.com/api/game/3030-41645/", "id": 41645, "name": "Kickboxing", "site_detail_url": "https://www.giantbomb.com/kickboxing/3030-41645/"}, {"api_detail_url": "https://www.giantbomb.com/api/game/3030-46909/", "id": 46909, "name": "Simple 2000 Series Vol. 62: The Super Puzzle Bobble DX", "site_detail_url": "https://www.giantbomb.com/simple-2000-series-vol-62-the-super-puzzle-bobble-/3030-46909/"}, {"api_detail_url": "https://www.giantbomb.com/api/game/3030-46911/", "id": 46911, "name": "Dynamite Soccer 98", "site_detail_url": "https://www.giantbomb.com/dynamite-soccer-98/3030-46911/"}, {"api_detail_url": "https://www.giantbomb.com/api/game/3030-38431/", "id": 38431, "name": "Pink Pong", "site_detail_url": "https://www.giantbomb.com/pink-pong/3030-38431/"}, {"api_detail_url": "https://www.giantbomb.com/api/game/3030-37906/", "id": 37906, "name": "Deep Water", "site_detail_url": "https://www.giantbomb.com/deep-water/3030-37906/"}, {"api_detail_url": "https://www.giantbomb.com/api/game/3030-47124/", "id": 47124, "name": "Simple 2000 Series Ultimate Vol. 26: Love \u2605 Smash! 5.1: Tennis Robo no Hanran", "site_detail_url": "https://www.giantbomb.com/simple-2000-series-ultimate-vol-26-love-smash-51-t/3030-47124/"}, {"api_detail_url": "https://www.giantbomb.com/api/game/3030-47126/", "id": 47126, "name": "Simple 2000 Series Ultimate Vol. 1: Love \u2605 Smash!", "site_detail_url": "https://www.giantbomb.com/simple-2000-series-ultimate-vol-1-love-smash/3030-47126/"}, {"api_detail_url": "https://www.giantbomb.com/api/game/3030-47129/", "id": 47129, "name": "Heartbeat Boxing", "site_detail_url": "https://www.giantbomb.com/heartbeat-boxing/3030-47129/"}, {"api_detail_url": "https://www.giantbomb.com/api/game/3030-47167/", "id": 47167, "name": "All-Star Slammin' D-Ball", "site_detail_url": "https://www.giantbomb.com/allstar-slammin-dball/3030-47167/"}, {"api_detail_url": "https://www.giantbomb.com/api/game/3030-2359/", "id": 2359, "name": "Putter Golf", "site_detail_url": "https://www.giantbomb.com/putter-golf/3030-2359/"}, {"api_detail_url": "https://www.giantbomb.com/api/game/3030-2954/", "id": 2954, "name": "Zombie Virus", "site_detail_url": "https://www.giantbomb.com/zombie-virus/3030-2954/"}, {"api_detail_url": "https://www.giantbomb.com/api/game/3030-47917/", "id": 47917, "name": "Paparazzi", "site_detail_url": "https://www.giantbomb.com/paparazzi/3030-47917/"}, {"api_detail_url": "https://www.giantbomb.com/api/game/3030-48042/", "id": 48042, "name": "The T\u014db\u014d Prisoner: Ross City Shinjitsu eno 10-Jikan", "site_detail_url": "https://www.giantbomb.com/the-tobo-prisoner-ross-city-shinjitsu-eno-10jikan/3030-48042/"}, {"api_detail_url": "https://www.giantbomb.com/api/game/3030-4109/", "id": 4109, "name": "Street Sk8er", "site_detail_url": "https://www.giantbomb.com/street-sk8er/3030-4109/"}, {"api_detail_url": "https://www.giantbomb.com/api/game/3030-34961/", "id": 34961, "name": "Yakuza Fury", "site_detail_url": "https://www.giantbomb.com/yakuza-fury/3030-34961/"}, {"api_detail_url": "https://www.giantbomb.com/api/game/3030-3867/", "id": 3867, "name": "Jacked", "site_detail_url": "https://www.giantbomb.com/jacked/3030-3867/"}, {"api_detail_url": "https://www.giantbomb.com/api/game/3030-36983/", "id": 36983, "name": "Covert Command", "site_detail_url": "https://www.giantbomb.com/covert-command/3030-36983/"}, {"api_detail_url": "https://www.giantbomb.com/api/game/3030-47937/", "id": 47937, "name": "Special Forces", "site_detail_url": "https://www.giantbomb.com/special-forces/3030-47937/"}, {"api_detail_url": "https://www.giantbomb.com/api/game/3030-50934/", "id": 50934, "name": "Racing", "site_detail_url": "https://www.giantbomb.com/racing/3030-50934/"}, {"api_detail_url": "https://www.giantbomb.com/api/game/3030-25962/", "id": 25962, "name": "Street Racquetball", "site_detail_url": "https://www.giantbomb.com/street-racquetball/3030-25962/"}, {"api_detail_url": "https://www.giantbomb.com/api/game/3030-52311/", "id": 52311, "name": "Simple 1500 Series Vol. 17: The Bike Race", "site_detail_url": "https://www.giantbomb.com/simple-1500-series-vol-17-the-bike-race/3030-52311/"}, {"api_detail_url": "https://www.giantbomb.com/api/game/3030-53656/", "id": 53656, "name": "Afro Ken: The Puzzle", "site_detail_url": "https://www.giantbomb.com/afro-ken-the-puzzle/3030-53656/"}, {"api_detail_url": "https://www.giantbomb.com/api/game/3030-54209/", "id": 54209, "name": "Maxxed Out Racing Nitro", "site_detail_url": "https://www.giantbomb.com/maxxed-out-racing-nitro/3030-54209/"}, {"api_detail_url": "https://www.giantbomb.com/api/game/3030-55449/", "id": 55449, "name": "The GoMoku Narabe", "site_detail_url": "https://www.giantbomb.com/the-gomoku-narabe/3030-55449/"}, {"api_detail_url": "https://www.giantbomb.com/api/game/3030-55472/", "id": 55472, "name": "The Tousou Highway 2: Road Warrior 2050", "site_detail_url": "https://www.giantbomb.com/the-tousou-highway-2-road-warrior-2050/3030-55472/"}, {"api_detail_url": "https://www.giantbomb.com/api/game/3030-55473/", "id": 55473, "name": "Edit Racing", "site_detail_url": "https://www.giantbomb.com/edit-racing/3030-55473/"}, {"api_detail_url": "https://www.giantbomb.com/api/game/3030-55474/", "id": 55474, "name": "The Racing Action: Sentou Mecha Xabungle", "site_detail_url": "https://www.giantbomb.com/the-racing-action-sentou-mecha-xabungle/3030-55474/"}, {"api_detail_url": "https://www.giantbomb.com/api/game/3030-55481/", "id": 55481, "name": "Car Racing Challenge", "site_detail_url": "https://www.giantbomb.com/car-racing-challenge/3030-55481/"}, {"api_detail_url": "https://www.giantbomb.com/api/game/3030-57519/", "id": 57519, "name": "Simple 2000 Series 2-in-1 Vol. 4: The Bushido & The Sniper 2", "site_detail_url": "https://www.giantbomb.com/simple-2000-series-2in1-vol-4-the-bushido-the-snip/3030-57519/"}, {"api_detail_url": "https://www.giantbomb.com/api/game/3030-57520/", "id": 57520, "name": "Katana Action", "site_detail_url": "https://www.giantbomb.com/katana-action/3030-57520/"}, {"api_detail_url": "https://www.giantbomb.com/api/game/3030-57521/", "id": 57521, "name": "Simple 1500 Series Vol. 56: The Sniper", "site_detail_url": "https://www.giantbomb.com/simple-1500-series-vol-56-the-sniper/3030-57521/"}, {"api_detail_url": "https://www.giantbomb.com/api/game/3030-57762/", "id": 57762, "name": "Simple 2000 Series Vol. 38: The Yuujou Adventure: Hotaru Soul", "site_detail_url": "https://www.giantbomb.com/simple-2000-series-vol-38-the-yuujou-adventure-hot/3030-57762/"}, {"api_detail_url": "https://www.giantbomb.com/api/game/3030-21991/", "id": 21991, "name": "Monster Attack", "site_detail_url": "https://www.giantbomb.com/monster-attack/3030-21991/"}, {"api_detail_url": "https://www.giantbomb.com/api/game/3030-57764/", "id": 57764, "name": "Steel Dragon EX", "site_detail_url": "https://www.giantbomb.com/steel-dragon-ex/3030-57764/"}, {"api_detail_url": "https://www.giantbomb.com/api/game/3030-21580/", "id": 21580, "name": "Zombie Hunters 2", "site_detail_url": "https://www.giantbomb.com/zombie-hunters-2/3030-21580/"}, {"api_detail_url": "https://www.giantbomb.com/api/game/3030-57765/", "id": 57765, "name": "Basketball Xciting", "site_detail_url": "https://www.giantbomb.com/basketball-xciting/3030-57765/"}, {"api_detail_url": "https://www.giantbomb.com/api/game/3030-32110/", "id": 32110, "name": "Buccaneer", "site_detail_url": "https://www.giantbomb.com/buccaneer/3030-32110/"}, {"api_detail_url": "https://www.giantbomb.com/api/game/3030-32109/", "id": 32109, "name": "Dragon Sisters", "site_detail_url": "https://www.giantbomb.com/dragon-sisters/3030-32109/"}, {"api_detail_url": "https://www.giantbomb.com/api/game/3030-30414/", "id": 30414, "name": "K-1 World Max 2005", "site_detail_url": "https://www.giantbomb.com/k-1-world-max-2005/3030-30414/"}, {"api_detail_url": "https://www.giantbomb.com/api/game/3030-57766/", "id": 57766, "name": "Radio Helicopter", "site_detail_url": "https://www.giantbomb.com/radio-helicopter/3030-57766/"}, {"api_detail_url": "https://www.giantbomb.com/api/game/3030-39127/", "id": 39127, "name": "Runabout 3: Neo Age", "site_detail_url": "https://www.giantbomb.com/runabout-3-neo-age/3030-39127/"}, {"api_detail_url": "https://www.giantbomb.com/api/game/3030-40967/", "id": 40967, "name": "Sakigake!! Otokojuku", "site_detail_url": "https://www.giantbomb.com/sakigake-otokojuku/3030-40967/"}, {"api_detail_url": "https://www.giantbomb.com/api/game/3030-57767/", "id": 57767, "name": "Simple 2000 Series 2-in-1 Vol. 2: The Bass Fishing & The Bowling Hyper", "site_detail_url": "https://www.giantbomb.com/simple-2000-series-2in1-vol-2-the-bass-fishing-the/3030-57767/"}, {"api_detail_url": "https://www.giantbomb.com/api/game/3030-57768/", "id": 57768, "name": "Simple 2000 Series Vol. 25: The Menkyo Shutoku Simulation", "site_detail_url": "https://www.giantbomb.com/simple-2000-series-vol-25-the-menkyo-shutoku-simul/3030-57768/"}, {"api_detail_url": "https://www.giantbomb.com/api/game/3030-57769/", "id": 57769, "name": "Simple 2000 Series Vol. 114: The Onna Okappichi Torimonochou - Oharuchan Go Go Go!", "site_detail_url": "https://www.giantbomb.com/simple-2000-series-vol-114-the-onna-okappichi-tori/3030-57769/"}, {"api_detail_url": "https://www.giantbomb.com/api/game/3030-24771/", "id": 24771, "name": "The Rugby", "site_detail_url": "https://www.giantbomb.com/the-rugby/3030-24771/"}, {"api_detail_url": "https://www.giantbomb.com/api/game/3030-57770/", "id": 57770, "name": "Simple 2000 Series Vol. 40: The Touyou Sandai Uranjustsu", "site_detail_url": "https://www.giantbomb.com/simple-2000-series-vol-40-the-touyou-sandai-uranju/3030-57770/"}, {"api_detail_url": "https://www.giantbomb.com/api/game/3030-57771/", "id": 57771, "name": "Baseball Mania", "site_detail_url": "https://www.giantbomb.com/baseball-mania/3030-57771/"}, {"api_detail_url": "https://www.giantbomb.com/api/game/3030-57772/", "id": 57772, "name": "Bowling Xciting", "site_detail_url": "https://www.giantbomb.com/bowling-xciting/3030-57772/"}, {"api_detail_url": "https://www.giantbomb.com/api/game/3030-29930/", "id": 29930, "name": "World Fighting \"The Ishu Kakatou Waza\"", "site_detail_url": "https://www.giantbomb.com/world-fighting-the-ishu-kakatou-waza/3030-29930/"}, {"api_detail_url": "https://www.giantbomb.com/api/game/3030-41889/", "id": 41889, "name": "Densha de Go! 3 Tsuukinhen", "site_detail_url": "https://www.giantbomb.com/densha-de-go-3-tsuukinhen/3030-41889/"}, {"api_detail_url": "https://www.giantbomb.com/api/game/3030-1644/", "id": 1644, "name": "Eternal Quest", "site_detail_url": "https://www.giantbomb.com/eternal-quest/3030-1644/"}, {"api_detail_url": "https://www.giantbomb.com/api/game/3030-57773/", "id": 57773, "name": "Fitness Fun", "site_detail_url": "https://www.giantbomb.com/fitness-fun/3030-57773/"}, {"api_detail_url": "https://www.giantbomb.com/api/game/3030-57778/", "id": 57778, "name": "Akagi: Yami ni Furitatta Tensai", "site_detail_url": "https://www.giantbomb.com/akagi-yami-ni-furitatta-tensai/3030-57778/"}, {"api_detail_url": "https://www.giantbomb.com/api/game/3030-57779/", "id": 57779, "name": "Houkago no Love Beat", "site_detail_url": "https://www.giantbomb.com/houkago-no-love-beat/3030-57779/"}, {"api_detail_url": "https://www.giantbomb.com/api/game/3030-23463/", "id": 23463, "name": "Maze Action", "site_detail_url": "https://www.giantbomb.com/maze-action/3030-23463/"}, {"api_detail_url": "https://www.giantbomb.com/api/game/3030-57780/", "id": 57780, "name": "Motorbike King", "site_detail_url": "https://www.giantbomb.com/motorbike-king/3030-57780/"}, {"api_detail_url": "https://www.giantbomb.com/api/game/3030-57784/", "id": 57784, "name": "Pinball Fun", "site_detail_url": "https://www.giantbomb.com/pinball-fun/3030-57784/"}, {"api_detail_url": "https://www.giantbomb.com/api/game/3030-46424/", "id": 46424, "name": "Project Minerva Professional", "site_detail_url": "https://www.giantbomb.com/project-minerva-professional/3030-46424/"}, {"api_detail_url": "https://www.giantbomb.com/api/game/3030-4131/", "id": 4131, "name": "BursTrick: Wake Boarding!!", "site_detail_url": "https://www.giantbomb.com/burstrick-wake-boarding/3030-4131/"}, {"api_detail_url": "https://www.giantbomb.com/api/game/3030-63063/", "id": 63063, "name": "Simple Series G4U Vol. 1: The Mahjong", "site_detail_url": "https://www.giantbomb.com/simple-series-g4u-vol-1-the-mahjong/3030-63063/"}, {"api_detail_url": "https://www.giantbomb.com/api/game/3030-63073/", "id": 63073, "name": "Pastel Muse", "site_detail_url": "https://www.giantbomb.com/pastel-muse/3030-63073/"}, {"api_detail_url": "https://www.giantbomb.com/api/game/3030-63200/", "id": 63200, "name": "The Pinball", "site_detail_url": "https://www.giantbomb.com/the-pinball/3030-63200/"}, {"api_detail_url": "https://www.giantbomb.com/api/game/3030-37284/", "id": 37284, "name": "1 on 1 Government", "site_detail_url": "https://www.giantbomb.com/1-on-1-government/3030-37284/"}, {"api_detail_url": "https://www.giantbomb.com/api/game/3030-20667/", "id": 20667, "name": "Flushed Away", "site_detail_url": "https://www.giantbomb.com/flushed-away/3030-20667/"}, {"api_detail_url": "https://www.giantbomb.com/api/game/3030-64873/", "id": 64873, "name": "Simple 1500 Series Vol. 6: The Hanafuda", "site_detail_url": "https://www.giantbomb.com/simple-1500-series-vol-6-the-hanafuda/3030-64873/"}, {"api_detail_url": "https://www.giantbomb.com/api/game/3030-64874/", "id": 64874, "name": "Simple 1500 Series Vol. 8: The Solitaire", "site_detail_url": "https://www.giantbomb.com/simple-1500-series-vol-8-the-solitaire/3030-64874/"}, {"api_detail_url": "https://www.giantbomb.com/api/game/3030-64875/", "id": 64875, "name": "Simple 1500 Series Vol. 5: The Igo", "site_detail_url": "https://www.giantbomb.com/simple-1500-series-vol-5-the-igo/3030-64875/"}, {"api_detail_url": "https://www.giantbomb.com/api/game/3030-6242/", "id": 6242, "name": "Billiards", "site_detail_url": "https://www.giantbomb.com/billiards/3030-6242/"}, {"api_detail_url": "https://www.giantbomb.com/api/game/3030-40697/", "id": 40697, "name": "Check Mate", "site_detail_url": "https://www.giantbomb.com/check-mate/3030-40697/"}, {"api_detail_url": "https://www.giantbomb.com/api/game/3030-65065/", "id": 65065, "name": "Funny Cards", "site_detail_url": "https://www.giantbomb.com/funny-cards/3030-65065/"}, {"api_detail_url": "https://www.giantbomb.com/api/game/3030-16014/", "id": 16014, "name": "Puzzle Quest: Challenge of the Warlords", "site_detail_url": "https://www.giantbomb.com/puzzle-quest-challenge-of-the-warlords/3030-16014/"}, {"api_detail_url": "https://www.giantbomb.com/api/game/3030-46740/", "id": 46740, "name": "Boxing", "site_detail_url": "https://www.giantbomb.com/boxing/3030-46740/"}, {"api_detail_url": "https://www.giantbomb.com/api/game/3030-65072/", "id": 65072, "name": "Simple 2000 Series Portable Vol. 1: The Mahjong", "site_detail_url": "https://www.giantbomb.com/simple-2000-series-portable-vol-1-the-mahjong/3030-65072/"}, {"api_detail_url": "https://www.giantbomb.com/api/game/3030-65073/", "id": 65073, "name": "Simple DS Series Vol. 1: The Mahjong", "site_detail_url": "https://www.giantbomb.com/simple-ds-series-vol-1-the-mahjong/3030-65073/"}, {"api_detail_url": "https://www.giantbomb.com/api/game/3030-65074/", "id": 65074, "name": "Simple Series for Nintendo 3DS Vol. 1: The Mahjong", "site_detail_url": "https://www.giantbomb.com/simple-series-for-nintendo-3ds-vol-1-the-mahjong/3030-65074/"}, {"api_detail_url": "https://www.giantbomb.com/api/game/3030-65075/", "id": 65075, "name": "@Simple Series Vol. 3: The Mahjong", "site_detail_url": "https://www.giantbomb.com/simple-series-vol-3-the-mahjong/3030-65075/"}, {"api_detail_url": "https://www.giantbomb.com/api/game/3030-58466/", "id": 58466, "name": "Beta Bloc", "site_detail_url": "https://www.giantbomb.com/beta-bloc/3030-58466/"}, {"api_detail_url": "https://www.giantbomb.com/api/game/3030-65076/", "id": 65076, "name": "Police Chase Down", "site_detail_url": "https://www.giantbomb.com/police-chase-down/3030-65076/"}, {"api_detail_url": "https://www.giantbomb.com/api/game/3030-65077/", "id": 65077, "name": "Tank Elite", "site_detail_url": "https://www.giantbomb.com/tank-elite/3030-65077/"}, {"api_detail_url": "https://www.giantbomb.com/api/game/3030-65079/", "id": 65079, "name": "Simple 1500 Series Vol. 42: The Igo 2", "site_detail_url": "https://www.giantbomb.com/simple-1500-series-vol-42-the-igo-2/3030-65079/"}, {"api_detail_url": "https://www.giantbomb.com/api/game/3030-65224/", "id": 65224, "name": "Simple DS Series Vol. 40: The Gekai", "site_detail_url": "https://www.giantbomb.com/simple-ds-series-vol-40-the-gekai/3030-65224/"}, {"api_detail_url": "https://www.giantbomb.com/api/game/3030-21387/", "id": 21387, "name": "Super Speed Machines", "site_detail_url": "https://www.giantbomb.com/super-speed-machines/3030-21387/"}, {"api_detail_url": "https://www.giantbomb.com/api/game/3030-65227/", "id": 65227, "name": "Simple DS Series Vol. 16: The Sagasou: Fushigi na Konch\u016b no Mori", "site_detail_url": "https://www.giantbomb.com/simple-ds-series-vol-16-the-sagasou-fushigi-na-kon/3030-65227/"}, {"api_detail_url": "https://www.giantbomb.com/api/game/3030-65232/", "id": 65232, "name": "Simple DS Series Vol. 30: The Table Game", "site_detail_url": "https://www.giantbomb.com/simple-ds-series-vol-30-the-table-game/3030-65232/"}, {"api_detail_url": "https://www.giantbomb.com/api/game/3030-65234/", "id": 65234, "name": "Party Carnival", "site_detail_url": "https://www.giantbomb.com/party-carnival/3030-65234/"}, {"api_detail_url": "https://www.giantbomb.com/api/game/3030-65235/", "id": 65235, "name": "Billiard Action", "site_detail_url": "https://www.giantbomb.com/billiard-action/3030-65235/"}, {"api_detail_url": "https://www.giantbomb.com/api/game/3030-12723/", "id": 12723, "name": "Essential Sudoku DS", "site_detail_url": "https://www.giantbomb.com/essential-sudoku-ds/3030-12723/"}, {"api_detail_url": "https://www.giantbomb.com/api/game/3030-65244/", "id": 65244, "name": "Puzzle Maniacs", "site_detail_url": "https://www.giantbomb.com/puzzle-maniacs/3030-65244/"}, {"api_detail_url": "https://www.giantbomb.com/api/game/3030-65249/", "id": 65249, "name": "Simple 2000 Series Vol. 92: The Noroi no Game", "site_detail_url": "https://www.giantbomb.com/simple-2000-series-vol-92-the-noroi-no-game/3030-65249/"}, {"api_detail_url": "https://www.giantbomb.com/api/game/3030-23208/", "id": 23208, "name": "Rollercoaster World", "site_detail_url": "https://www.giantbomb.com/rollercoaster-world/3030-23208/"}, {"api_detail_url": "https://www.giantbomb.com/api/game/3030-73142/", "id": 73142, "name": "Simple 1500 Series Vol. 58: The Sum\u014d", "site_detail_url": "https://www.giantbomb.com/simple-1500-series-vol-58-the-sumo/3030-73142/"}, {"api_detail_url": "https://www.giantbomb.com/api/game/3030-78223/", "id": 78223, "name": "Simple 2500 Series Portable Vol. 3: The Dokodemo Suiri - IT Tantei: Zen 68 no Jikenbo", "site_detail_url": "https://www.giantbomb.com/simple-2500-series-portable-vol-3-the-dokodemo-sui/3030-78223/"}, {"api_detail_url": "https://www.giantbomb.com/api/game/3030-36690/", "id": 36690, "name": "Densha de Go!", "site_detail_url": "https://www.giantbomb.com/densha-de-go/3030-36690/"}, {"api_detail_url": "https://www.giantbomb.com/api/game/3030-82173/", "id": 82173, "name": "Simple 1500 Series Vol. 79: The Shisen-shou", "site_detail_url": "https://www.giantbomb.com/simple-1500-series-vol-79-the-shisen-shou/3030-82173/"}, {"api_detail_url": "https://www.giantbomb.com/api/game/3030-84728/", "id": 84728, "name": "Simple 1500 Series Vol. 75: The Double Shooting: RayStorm x RayCrisis", "site_detail_url": "https://www.giantbomb.com/simple-1500-series-vol-75-the-double-shooting-rays/3030-84728/"}, {"api_detail_url": "https://www.giantbomb.com/api/game/3030-84729/", "id": 84729, "name": "Simple 1500 Series Vol. 4: The Reversi", "site_detail_url": "https://www.giantbomb.com/simple-1500-series-vol-4-the-reversi/3030-84729/"}, {"api_detail_url": "https://www.giantbomb.com/api/game/3030-84731/", "id": 84731, "name": "Simple 1500 Series Vol. 12: The Quiz", "site_detail_url": "https://www.giantbomb.com/simple-1500-series-vol-12-the-quiz/3030-84731/"}, {"api_detail_url": "https://www.giantbomb.com/api/game/3030-84732/", "id": 84732, "name": "Simple 1500 Series Vol. 15: The Pachinko", "site_detail_url": "https://www.giantbomb.com/simple-1500-series-vol-15-the-pachinko/3030-84732/"}, {"api_detail_url": "https://www.giantbomb.com/api/game/3030-84733/", "id": 84733, "name": "Natsuiro Celebration", "site_detail_url": "https://www.giantbomb.com/natsuiro-celebration/3030-84733/"}, {"api_detail_url": "https://www.giantbomb.com/api/game/3030-84734/", "id": 84734, "name": "Simple 1500 Series Vol. 41: The Reversi 2", "site_detail_url": "https://www.giantbomb.com/simple-1500-series-vol-41-the-reversi-2/3030-84734/"}, {"api_detail_url": "https://www.giantbomb.com/api/game/3030-84736/", "id": 84736, "name": "Simple 1500 Series: Vol. 99: The Kend\u014d: Ken no Hanamichi", "site_detail_url": "https://www.giantbomb.com/simple-1500-series-vol-99-the-kendo-ken-no-hanamic/3030-84736/"}, {"api_detail_url": "https://www.giantbomb.com/api/game/3030-85329/", "id": 85329, "name": "Simple Series for Nintendo Switch Vol.1: The Table Game Deluxe Pack", "site_detail_url": "https://www.giantbomb.com/simple-series-for-nintendo-switch-vol1-the-table-g/3030-85329/"}, {"api_detail_url": "https://www.giantbomb.com/api/game/3030-86962/", "id": 86962, "name": "Simple Series for Nintendo Switch Vol. 2: The Trump Perfect Collection", "site_detail_url": "https://www.giantbomb.com/simple-series-for-nintendo-switch-vol-2-the-trump-/3030-86962/"}, {"api_detail_url": "https://www.giantbomb.com/api/game/3030-87115/", "id": 87115, "name": "Simple 2000 Series Wii Vol. 1: The Table Game", "site_detail_url": "https://www.giantbomb.com/simple-2000-series-wii-vol-1-the-table-game/3030-87115/"}, {"api_detail_url": "https://www.giantbomb.com/api/game/3030-87247/", "id": 87247, "name": "Simple 2000 Series Ultimate Vol. 22: Stylish Mahjong - Usagi: Yasei no T\u014dhai & Usagi: Yasei no T\u014dhai The Arcade - Double Pack", "site_detail_url": "https://www.giantbomb.com/simple-2000-series-ultimate-vol-22-stylish-mahjong/3030-87247/"}]}, "version": "1.0"}