{"error": "OK", "limit": 1, "offset": 0, "number_of_page_results": 1, "number_of_total_results": 1, "status_code": 1, "results": {"games": [{"api_detail_url": "https://www.giantbomb.com/api/game/3030-26935/", "id": 26935, "name": "Front Office Football", "site_detail_url": "https://www.giantbomb.com/front-office-football/3030-26935/"}, {"api_detail_url": "https://www.giantbomb.com/api/game/3030-9757/", "id": 9757, "name": "Front Office Football 2001", "site_detail_url": "https://www.giantbomb.com/front-office-football-2001/3030-9757/"}, {"api_detail_url": "https://www.giantbomb.com/api/game/3030-26936/", "id": 26936, "name": "Front Office Football 2007", "site_detail_url": "https://www.giantbomb.com/front-office-football-2007/3030-26936/"}, {"api_detail_url": "https://www.giantbomb.com/api/game/3030-26946/", "id": 26946, "name": "Front Office Football 2", "site_detail_url": "https://www.giantbomb.com/front-office-football-2/3030-26946/"}, {"api_detail_url": "https://www.giantbomb.com/api/game/3030-26947/", "id": 26947, "name": "Front Office Football: The Fourth Edition", "site_detail_url": "https://www.giantbomb.com/front-office-football-the-fourth-edition/3030-26947/"}, {"api_detail_url": "https://www.giantbomb.com/api/game/3030-26949/", "id": 26949, "name": "Front Office Football 2004", "site_detail_url": "https://www.giantbomb.com/front-office-football-2004/3030-26949/"}, {"api_detail_url": "https://www.giantbomb.com/api/game/3030-26951/", "id": 26951, "name": "Front Office Football: The College Years", "site_detail_url": "https://www.giantbomb.com/front-office-football-the-college-years/3030-26951/"}, {"api_detail_url": "https://www.giantbomb.com/api/game/3030-50342/", "id": 50342, "name": "Front Office Football Seven", "site_detail_url": "https://www.giantbomb.com/front-office-football-seven/3030-50342/"}, {"api_detail_url": "https://www.giantbomb.com/api/game/3030-57378/", "id": 57378, "name": "Front Office Football Eight", "site_detail_url": "https://www.giantbomb.com/front-office-football-eight/3030-57378/"}]}, "version": "1.0"}