{"error": "OK", "limit": 1, "offset": 0, "number_of_page_results": 1, "number_of_total_results": 1, "status_code": 1, "results": {"games": [{"api_detail_url": "https://www.giantbomb.com/api/game/3030-24315/", "id": 24315, "name": "Shugo Chara! 3-tsu no Tamago to Koisuru Joker", "site_detail_url": "https://www.giantbomb.com/shugo-chara-3-tsu-no-tamago-to-koisuru-joker/3030-24315/"}, {"api_detail_url": "https://www.giantbomb.com/api/game/3030-24316/", "id": 24316, "name": "Shugo Chara! Amu no Nijiiro Chara Change", "site_detail_url": "https://www.giantbomb.com/shugo-chara-amu-no-nijiiro-chara-change/3030-24316/"}, {"api_detail_url": "https://www.giantbomb.com/api/game/3030-82038/", "id": 82038, "name": "Shugo Chara! Norinori! Chara na Rhythm", "site_detail_url": "https://www.giantbomb.com/shugo-chara-norinori-chara-na-rhythm/3030-82038/"}]}, "version": "1.0"}