{"error": "OK", "limit": 1, "offset": 0, "number_of_page_results": 1, "number_of_total_results": 1, "status_code": 1, "results": {"games": [{"api_detail_url": "https://www.giantbomb.com/api/game/3030-661/", "id": 661, "name": "You Don't Know Jack Movies", "site_detail_url": "https://www.giantbomb.com/you-dont-know-jack-movies/3030-661/"}, {"api_detail_url": "https://www.giantbomb.com/api/game/3030-1951/", "id": 1951, "name": "You Don't Know Jack Sports", "site_detail_url": "https://www.giantbomb.com/you-dont-know-jack-sports/3030-1951/"}, {"api_detail_url": "https://www.giantbomb.com/api/game/3030-4698/", "id": 4698, "name": "You Don't Know Jack", "site_detail_url": "https://www.giantbomb.com/you-dont-know-jack/3030-4698/"}, {"api_detail_url": "https://www.giantbomb.com/api/game/3030-5778/", "id": 5778, "name": "You Don't Know Jack: Volume 3", "site_detail_url": "https://www.giantbomb.com/you-dont-know-jack-volume-3/3030-5778/"}, {"api_detail_url": "https://www.giantbomb.com/api/game/3030-6366/", "id": 6366, "name": "You Don't Know Jack: Television", "site_detail_url": "https://www.giantbomb.com/you-dont-know-jack-television/3030-6366/"}, {"api_detail_url": "https://www.giantbomb.com/api/game/3030-7609/", "id": 7609, "name": "You Don't Know Jack: Volume 4: The Ride", "site_detail_url": "https://www.giantbomb.com/you-dont-know-jack-volume-4-the-ride/3030-7609/"}, {"api_detail_url": "https://www.giantbomb.com/api/game/3030-11297/", "id": 11297, "name": "You Don't Know Jack: Offline", "site_detail_url": "https://www.giantbomb.com/you-dont-know-jack-offline/3030-11297/"}, {"api_detail_url": "https://www.giantbomb.com/api/game/3030-16672/", "id": 16672, "name": "You Don't Know Jack: Volume 2", "site_detail_url": "https://www.giantbomb.com/you-dont-know-jack-volume-2/3030-16672/"}, {"api_detail_url": "https://www.giantbomb.com/api/game/3030-17908/", "id": 17908, "name": "You Don't Know Jack: 5th Dementia", "site_detail_url": "https://www.giantbomb.com/you-dont-know-jack-5th-dementia/3030-17908/"}, {"api_detail_url": "https://www.giantbomb.com/api/game/3030-18693/", "id": 18693, "name": "You Don't Know Jack: Louder! Faster! Funnier!", "site_detail_url": "https://www.giantbomb.com/you-dont-know-jack-louder-faster-funnier/3030-18693/"}, {"api_detail_url": "https://www.giantbomb.com/api/game/3030-22949/", "id": 22949, "name": "You Don't Know Jack: Mock 2", "site_detail_url": "https://www.giantbomb.com/you-dont-know-jack-mock-2/3030-22949/"}, {"api_detail_url": "https://www.giantbomb.com/api/game/3030-31816/", "id": 31816, "name": "You Don't Know Jack", "site_detail_url": "https://www.giantbomb.com/you-dont-know-jack/3030-31816/"}, {"api_detail_url": "https://www.giantbomb.com/api/game/3030-31953/", "id": 31953, "name": "You Don't Know Jack: Volume 6 - The Lost Gold", "site_detail_url": "https://www.giantbomb.com/you-dont-know-jack-volume-6-the-lost-gold/3030-31953/"}, {"api_detail_url": "https://www.giantbomb.com/api/game/3030-15860/", "id": 15860, "name": "Head Rush", "site_detail_url": "https://www.giantbomb.com/head-rush/3030-15860/"}, {"api_detail_url": "https://www.giantbomb.com/api/game/3030-38222/", "id": 38222, "name": "You Don't Know Jack", "site_detail_url": "https://www.giantbomb.com/you-dont-know-jack/3030-38222/"}, {"api_detail_url": "https://www.giantbomb.com/api/game/3030-48241/", "id": 48241, "name": "The Jackbox Party Pack", "site_detail_url": "https://www.giantbomb.com/the-jackbox-party-pack/3030-48241/"}, {"api_detail_url": "https://www.giantbomb.com/api/game/3030-69447/", "id": 69447, "name": "The Jackbox Party Pack 5", "site_detail_url": "https://www.giantbomb.com/the-jackbox-party-pack-5/3030-69447/"}]}, "version": "1.0"}