{"error": "OK", "limit": 1, "offset": 0, "number_of_page_results": 1, "number_of_total_results": 1, "status_code": 1, "results": {"games": [{"api_detail_url": "https://www.giantbomb.com/api/game/3030-21126/", "id": 21126, "name": "Ben 10 Alien Force: The Game", "site_detail_url": "https://www.giantbomb.com/ben-10-alien-force-the-game/3030-21126/"}, {"api_detail_url": "https://www.giantbomb.com/api/game/3030-8984/", "id": 8984, "name": "Ben 10: Protector of Earth", "site_detail_url": "https://www.giantbomb.com/ben-10-protector-of-earth/3030-8984/"}, {"api_detail_url": "https://www.giantbomb.com/api/game/3030-24896/", "id": 24896, "name": "Ben 10", "site_detail_url": "https://www.giantbomb.com/ben-10/3030-24896/"}, {"api_detail_url": "https://www.giantbomb.com/api/game/3030-29044/", "id": 29044, "name": "Ben 10 Alien Force: Vilgax Attacks", "site_detail_url": "https://www.giantbomb.com/ben-10-alien-force-vilgax-attacks/3030-29044/"}, {"api_detail_url": "https://www.giantbomb.com/api/game/3030-29819/", "id": 29819, "name": "Ben 10 Alien Force: The Rise of Hex", "site_detail_url": "https://www.giantbomb.com/ben-10-alien-force-the-rise-of-hex/3030-29819/"}, {"api_detail_url": "https://www.giantbomb.com/api/game/3030-31139/", "id": 31139, "name": "Ben 10 Ultimate Alien: Cosmic Destruction", "site_detail_url": "https://www.giantbomb.com/ben-10-ultimate-alien-cosmic-destruction/3030-31139/"}, {"api_detail_url": "https://www.giantbomb.com/api/game/3030-35943/", "id": 35943, "name": "Ben 10: Galactic Racing", "site_detail_url": "https://www.giantbomb.com/ben-10-galactic-racing/3030-35943/"}, {"api_detail_url": "https://www.giantbomb.com/api/game/3030-38621/", "id": 38621, "name": "Ben 10: Omniverse", "site_detail_url": "https://www.giantbomb.com/ben-10-omniverse/3030-38621/"}, {"api_detail_url": "https://www.giantbomb.com/api/game/3030-42638/", "id": 42638, "name": "Ben 10: Omniverse 2", "site_detail_url": "https://www.giantbomb.com/ben-10-omniverse-2/3030-42638/"}, {"api_detail_url": "https://www.giantbomb.com/api/game/3030-58275/", "id": 58275, "name": "Ben 10: Up to Speed", "site_detail_url": "https://www.giantbomb.com/ben-10-up-to-speed/3030-58275/"}, {"api_detail_url": "https://www.giantbomb.com/api/game/3030-58881/", "id": 58881, "name": "Ben 10 Triple Pack", "site_detail_url": "https://www.giantbomb.com/ben-10-triple-pack/3030-58881/"}, {"api_detail_url": "https://www.giantbomb.com/api/game/3030-61115/", "id": 61115, "name": "Ben 10", "site_detail_url": "https://www.giantbomb.com/ben-10/3030-61115/"}, {"api_detail_url": "https://www.giantbomb.com/api/game/3030-70963/", "id": 70963, "name": "Ben 10: Alien Evolution", "site_detail_url": "https://www.giantbomb.com/ben-10-alien-evolution/3030-70963/"}, {"api_detail_url": "https://www.giantbomb.com/api/game/3030-75868/", "id": 75868, "name": "Ben 10 Game Generator 4D", "site_detail_url": "https://www.giantbomb.com/ben-10-game-generator-4d/3030-75868/"}, {"api_detail_url": "https://www.giantbomb.com/api/game/3030-75871/", "id": 75871, "name": "Ben 10 Game Generator", "site_detail_url": "https://www.giantbomb.com/ben-10-game-generator/3030-75871/"}, {"api_detail_url": "https://www.giantbomb.com/api/game/3030-79984/", "id": 79984, "name": "Ben 10: Power Trip", "site_detail_url": "https://www.giantbomb.com/ben-10-power-trip/3030-79984/"}]}, "version": "1.0"}