{"error": "OK", "limit": 1, "offset": 0, "number_of_page_results": 1, "number_of_total_results": 1, "status_code": 1, "results": {"games": [{"api_detail_url": "https://www.giantbomb.com/api/game/3030-16507/", "id": 16507, "name": "Lands of Lore: The Throne of Chaos", "site_detail_url": "https://www.giantbomb.com/lands-of-lore-the-throne-of-chaos/3030-16507/"}, {"api_detail_url": "https://www.giantbomb.com/api/game/3030-7885/", "id": 7885, "name": "Lands of Lore: Guardians of Destiny", "site_detail_url": "https://www.giantbomb.com/lands-of-lore-guardians-of-destiny/3030-7885/"}, {"api_detail_url": "https://www.giantbomb.com/api/game/3030-8033/", "id": 8033, "name": "Lands of Lore III", "site_detail_url": "https://www.giantbomb.com/lands-of-lore-iii/3030-8033/"}]}, "version": "1.0"}