{"error": "OK", "limit": 1, "offset": 0, "number_of_page_results": 1, "number_of_total_results": 1, "status_code": 1, "results": {"games": [{"api_detail_url": "https://www.giantbomb.com/api/game/3030-1939/", "id": 1939, "name": "Devilish: The Next Possession", "site_detail_url": "https://www.giantbomb.com/devilish-the-next-possession/3030-1939/"}, {"api_detail_url": "https://www.giantbomb.com/api/game/3030-24271/", "id": 24271, "name": "Classic Action: Devilish", "site_detail_url": "https://www.giantbomb.com/classic-action-devilish/3030-24271/"}, {"api_detail_url": "https://www.giantbomb.com/api/game/3030-88277/", "id": 88277, "name": "Devilish", "site_detail_url": "https://www.giantbomb.com/devilish/3030-88277/"}]}, "version": "1.0"}