{"error": "OK", "limit": 1, "offset": 0, "number_of_page_results": 1, "number_of_total_results": 1, "status_code": 1, "results": {"games": [{"api_detail_url": "https://www.giantbomb.com/api/game/3030-24163/", "id": 24163, "name": "Little Princess: Marl Oukoku no Ningyou Hime 2", "site_detail_url": "https://www.giantbomb.com/little-princess-marl-oukoku-no-ningyou-hime-2/3030-24163/"}, {"api_detail_url": "https://www.giantbomb.com/api/game/3030-831/", "id": 831, "name": "Rhapsody: A Musical Adventure", "site_detail_url": "https://www.giantbomb.com/rhapsody-a-musical-adventure/3030-831/"}, {"api_detail_url": "https://www.giantbomb.com/api/game/3030-24164/", "id": 24164, "name": "Tenshi no Present: Marl Oukoku Monogatari", "site_detail_url": "https://www.giantbomb.com/tenshi-no-present-marl-oukoku-monogatari/3030-24164/"}, {"api_detail_url": "https://www.giantbomb.com/api/game/3030-58459/", "id": 58459, "name": "Antiphona No Seikahime: Tenshi No Score Op.A", "site_detail_url": "https://www.giantbomb.com/antiphona-no-seikahime-tenshi-no-score-opa/3030-58459/"}, {"api_detail_url": "https://www.giantbomb.com/api/game/3030-85687/", "id": 85687, "name": "Marl de Jigsaw", "site_detail_url": "https://www.giantbomb.com/marl-de-jigsaw/3030-85687/"}, {"api_detail_url": "https://www.giantbomb.com/api/game/3030-88385/", "id": 88385, "name": "Rhapsody: Marl Kingdom Chronicles", "site_detail_url": "https://www.giantbomb.com/rhapsody-marl-kingdom-chronicles/3030-88385/"}]}, "version": "1.0"}