{"error": "OK", "limit": 1, "offset": 0, "number_of_page_results": 1, "number_of_total_results": 1, "status_code": 1, "results": {"games": [{"api_detail_url": "https://www.giantbomb.com/api/game/3030-17757/", "id": 17757, "name": "Pitstop", "site_detail_url": "https://www.giantbomb.com/pitstop/3030-17757/"}, {"api_detail_url": "https://www.giantbomb.com/api/game/3030-1364/", "id": 1364, "name": "Pitstop II", "site_detail_url": "https://www.giantbomb.com/pitstop-ii/3030-1364/"}]}, "version": "1.0"}