{"error": "OK", "limit": 1, "offset": 0, "number_of_page_results": 1, "number_of_total_results": 1, "status_code": 1, "results": {"games": [{"api_detail_url": "https://www.giantbomb.com/api/game/3030-6282/", "id": 6282, "name": "Drawn to Life", "site_detail_url": "https://www.giantbomb.com/drawn-to-life/3030-6282/"}, {"api_detail_url": "https://www.giantbomb.com/api/game/3030-21076/", "id": 21076, "name": "Drawn to Life: SpongeBob SquarePants Edition", "site_detail_url": "https://www.giantbomb.com/drawn-to-life-spongebob-squarepants-edition/3030-21076/"}, {"api_detail_url": "https://www.giantbomb.com/api/game/3030-26615/", "id": 26615, "name": "Drawn to Life: The Next Chapter", "site_detail_url": "https://www.giantbomb.com/drawn-to-life-the-next-chapter/3030-26615/"}, {"api_detail_url": "https://www.giantbomb.com/api/game/3030-65175/", "id": 65175, "name": "Drawn to Life Collection", "site_detail_url": "https://www.giantbomb.com/drawn-to-life-collection/3030-65175/"}, {"api_detail_url": "https://www.giantbomb.com/api/game/3030-81153/", "id": 81153, "name": "Drawn to Life: Two Realms", "site_detail_url": "https://www.giantbomb.com/drawn-to-life-two-realms/3030-81153/"}]}, "version": "1.0"}