{"error": "OK", "limit": 1, "offset": 0, "number_of_page_results": 1, "number_of_total_results": 1, "status_code": 1, "results": {"games": [{"api_detail_url": "https://www.giantbomb.com/api/game/3030-18400/", "id": 18400, "name": "NASCAR 98", "site_detail_url": "https://www.giantbomb.com/nascar-98/3030-18400/"}, {"api_detail_url": "https://www.giantbomb.com/api/game/3030-18807/", "id": 18807, "name": "NASCAR 99", "site_detail_url": "https://www.giantbomb.com/nascar-99/3030-18807/"}, {"api_detail_url": "https://www.giantbomb.com/api/game/3030-15920/", "id": 15920, "name": "NASCAR 2000", "site_detail_url": "https://www.giantbomb.com/nascar-2000/3030-15920/"}, {"api_detail_url": "https://www.giantbomb.com/api/game/3030-310/", "id": 310, "name": "NASCAR Rumble", "site_detail_url": "https://www.giantbomb.com/nascar-rumble/3030-310/"}, {"api_detail_url": "https://www.giantbomb.com/api/game/3030-18722/", "id": 18722, "name": "NASCAR 2001", "site_detail_url": "https://www.giantbomb.com/nascar-2001/3030-18722/"}, {"api_detail_url": "https://www.giantbomb.com/api/game/3030-12172/", "id": 12172, "name": "NASCAR Thunder 2003", "site_detail_url": "https://www.giantbomb.com/nascar-thunder-2003/3030-12172/"}, {"api_detail_url": "https://www.giantbomb.com/api/game/3030-21722/", "id": 21722, "name": "NASCAR Thunder 2002", "site_detail_url": "https://www.giantbomb.com/nascar-thunder-2002/3030-21722/"}, {"api_detail_url": "https://www.giantbomb.com/api/game/3030-18428/", "id": 18428, "name": "NASCAR Thunder 2004", "site_detail_url": "https://www.giantbomb.com/nascar-thunder-2004/3030-18428/"}, {"api_detail_url": "https://www.giantbomb.com/api/game/3030-284/", "id": 284, "name": "NASCAR 2005: Chase for the Cup", "site_detail_url": "https://www.giantbomb.com/nascar-2005-chase-for-the-cup/3030-284/"}, {"api_detail_url": "https://www.giantbomb.com/api/game/3030-4284/", "id": 4284, "name": "NASCAR SimRacing", "site_detail_url": "https://www.giantbomb.com/nascar-simracing/3030-4284/"}, {"api_detail_url": "https://www.giantbomb.com/api/game/3030-8438/", "id": 8438, "name": "NASCAR 06: Total Team Control", "site_detail_url": "https://www.giantbomb.com/nascar-06-total-team-control/3030-8438/"}, {"api_detail_url": "https://www.giantbomb.com/api/game/3030-1909/", "id": 1909, "name": "NASCAR 07", "site_detail_url": "https://www.giantbomb.com/nascar-07/3030-1909/"}, {"api_detail_url": "https://www.giantbomb.com/api/game/3030-11055/", "id": 11055, "name": "NASCAR 08", "site_detail_url": "https://www.giantbomb.com/nascar-08/3030-11055/"}, {"api_detail_url": "https://www.giantbomb.com/api/game/3030-20858/", "id": 20858, "name": "NASCAR 09", "site_detail_url": "https://www.giantbomb.com/nascar-09/3030-20858/"}, {"api_detail_url": "https://www.giantbomb.com/api/game/3030-24733/", "id": 24733, "name": "NASCAR Kart Racing", "site_detail_url": "https://www.giantbomb.com/nascar-kart-racing/3030-24733/"}, {"api_detail_url": "https://www.giantbomb.com/api/game/3030-27852/", "id": 27852, "name": "NASCAR Racing", "site_detail_url": "https://www.giantbomb.com/nascar-racing/3030-27852/"}]}, "version": "1.0"}