{"error": "OK", "limit": 1, "offset": 0, "number_of_page_results": 1, "number_of_total_results": 1, "status_code": 1, "results": {"games": [{"api_detail_url": "https://www.giantbomb.com/api/game/3030-18686/", "id": 18686, "name": "Power Blade", "site_detail_url": "https://www.giantbomb.com/power-blade/3030-18686/"}, {"api_detail_url": "https://www.giantbomb.com/api/game/3030-18596/", "id": 18596, "name": "Power Blade II", "site_detail_url": "https://www.giantbomb.com/power-blade-ii/3030-18596/"}]}, "version": "1.0"}