{"error": "OK", "limit": 1, "offset": 0, "number_of_page_results": 1, "number_of_total_results": 1, "status_code": 1, "results": {"games": [{"api_detail_url": "https://www.giantbomb.com/api/game/3030-19441/", "id": 19441, "name": "World Series of Poker: Tournament of Champions", "site_detail_url": "https://www.giantbomb.com/world-series-of-poker-tournament-of-champions/3030-19441/"}, {"api_detail_url": "https://www.giantbomb.com/api/game/3030-5684/", "id": 5684, "name": "World Series of Poker 2008: Battle for the Bracelets", "site_detail_url": "https://www.giantbomb.com/world-series-of-poker-2008-battle-for-the-bracelet/3030-5684/"}, {"api_detail_url": "https://www.giantbomb.com/api/game/3030-24601/", "id": 24601, "name": "World Series of Poker", "site_detail_url": "https://www.giantbomb.com/world-series-of-poker/3030-24601/"}, {"api_detail_url": "https://www.giantbomb.com/api/game/3030-41227/", "id": 41227, "name": "World Series of Poker: Full House Pro", "site_detail_url": "https://www.giantbomb.com/world-series-of-poker-full-house-pro/3030-41227/"}, {"api_detail_url": "https://www.giantbomb.com/api/game/3030-47709/", "id": 47709, "name": "World Series of Poker Hold'em Legend", "site_detail_url": "https://www.giantbomb.com/world-series-of-poker-holdem-legend/3030-47709/"}]}, "version": "1.0"}