{"error": "OK", "limit": 1, "offset": 0, "number_of_page_results": 1, "number_of_total_results": 1, "status_code": 1, "results": {"games": [{"api_detail_url": "https://www.giantbomb.com/api/game/3030-19583/", "id": 19583, "name": "Momotaro Dentetsu", "site_detail_url": "https://www.giantbomb.com/momotaro-dentetsu/3030-19583/"}, {"api_detail_url": "https://www.giantbomb.com/api/game/3030-27589/", "id": 27589, "name": "Momotaro Dentetsu 16 GOLD", "site_detail_url": "https://www.giantbomb.com/momotaro-dentetsu-16-gold/3030-27589/"}, {"api_detail_url": "https://www.giantbomb.com/api/game/3030-28353/", "id": 28353, "name": "Momotarou Dentetsu Happy", "site_detail_url": "https://www.giantbomb.com/momotarou-dentetsu-happy/3030-28353/"}, {"api_detail_url": "https://www.giantbomb.com/api/game/3030-32742/", "id": 32742, "name": "Super Momotarou Dentetsu", "site_detail_url": "https://www.giantbomb.com/super-momotarou-dentetsu/3030-32742/"}, {"api_detail_url": "https://www.giantbomb.com/api/game/3030-40208/", "id": 40208, "name": "Momotaro Dentetsu DS: Tokyo & Japan", "site_detail_url": "https://www.giantbomb.com/momotaro-dentetsu-ds-tokyo-japan/3030-40208/"}, {"api_detail_url": "https://www.giantbomb.com/api/game/3030-40209/", "id": 40209, "name": "Momotaro Dentetsu: 20 Shuunen", "site_detail_url": "https://www.giantbomb.com/momotaro-dentetsu-20-shuunen/3030-40209/"}, {"api_detail_url": "https://www.giantbomb.com/api/game/3030-40210/", "id": 40210, "name": "Momotaro Dentetsu World", "site_detail_url": "https://www.giantbomb.com/momotaro-dentetsu-world/3030-40210/"}, {"api_detail_url": "https://www.giantbomb.com/api/game/3030-40211/", "id": 40211, "name": "Momotaro Collection", "site_detail_url": "https://www.giantbomb.com/momotaro-collection/3030-40211/"}, {"api_detail_url": "https://www.giantbomb.com/api/game/3030-40214/", "id": 40214, "name": "Momotaro Dentetsu Jr.", "site_detail_url": "https://www.giantbomb.com/momotaro-dentetsu-jr/3030-40214/"}, {"api_detail_url": "https://www.giantbomb.com/api/game/3030-40217/", "id": 40217, "name": "Momotaro Dentetsu G: Gold Deck o Tsukure!", "site_detail_url": "https://www.giantbomb.com/momotaro-dentetsu-g-gold-deck-o-tsukure/3030-40217/"}, {"api_detail_url": "https://www.giantbomb.com/api/game/3030-40221/", "id": 40221, "name": "Momotaro Dentetsu 11", "site_detail_url": "https://www.giantbomb.com/momotaro-dentetsu-11/3030-40221/"}, {"api_detail_url": "https://www.giantbomb.com/api/game/3030-40222/", "id": 40222, "name": "Momotaro Dentetsu 12", "site_detail_url": "https://www.giantbomb.com/momotaro-dentetsu-12/3030-40222/"}, {"api_detail_url": "https://www.giantbomb.com/api/game/3030-40223/", "id": 40223, "name": "Super Momotaro Dentetsu III", "site_detail_url": "https://www.giantbomb.com/super-momotaro-dentetsu-iii/3030-40223/"}, {"api_detail_url": "https://www.giantbomb.com/api/game/3030-40225/", "id": 40225, "name": "Momotaro Dentetsu 7", "site_detail_url": "https://www.giantbomb.com/momotaro-dentetsu-7/3030-40225/"}, {"api_detail_url": "https://www.giantbomb.com/api/game/3030-40226/", "id": 40226, "name": "Momotaro Dentetsu V", "site_detail_url": "https://www.giantbomb.com/momotaro-dentetsu-v/3030-40226/"}, {"api_detail_url": "https://www.giantbomb.com/api/game/3030-40227/", "id": 40227, "name": "Momotaro Dentetsu Japan+", "site_detail_url": "https://www.giantbomb.com/momotaro-dentetsu-japan/3030-40227/"}, {"api_detail_url": "https://www.giantbomb.com/api/game/3030-40229/", "id": 40229, "name": "Momotaro Dentetsu 15", "site_detail_url": "https://www.giantbomb.com/momotaro-dentetsu-15/3030-40229/"}, {"api_detail_url": "https://www.giantbomb.com/api/game/3030-40230/", "id": 40230, "name": "Momotaro Dentetsu 16", "site_detail_url": "https://www.giantbomb.com/momotaro-dentetsu-16/3030-40230/"}, {"api_detail_url": "https://www.giantbomb.com/api/game/3030-40231/", "id": 40231, "name": "Momotaro Dentetsu USA", "site_detail_url": "https://www.giantbomb.com/momotaro-dentetsu-usa/3030-40231/"}, {"api_detail_url": "https://www.giantbomb.com/api/game/3030-40233/", "id": 40233, "name": "Momotaro Dentetsu Tag Match: Yuujou - Doryoku - Shouri no Maki!", "site_detail_url": "https://www.giantbomb.com/momotaro-dentetsu-tag-match-yuujou-doryoku-shouri-/3030-40233/"}, {"api_detail_url": "https://www.giantbomb.com/api/game/3030-40234/", "id": 40234, "name": "Super Momotarou Dentetsu DX", "site_detail_url": "https://www.giantbomb.com/super-momotarou-dentetsu-dx/3030-40234/"}, {"api_detail_url": "https://www.giantbomb.com/api/game/3030-40216/", "id": 40216, "name": "Super Momotarou Dentetsu II", "site_detail_url": "https://www.giantbomb.com/super-momotarou-dentetsu-ii/3030-40216/"}, {"api_detail_url": "https://www.giantbomb.com/api/game/3030-40236/", "id": 40236, "name": "Momotarou Dentetsu 2010: Sengoku Ishin no Hero Daishuugou! no Maki", "site_detail_url": "https://www.giantbomb.com/momotarou-dentetsu-2010-sengoku-ishin-no-hero-dais/3030-40236/"}, {"api_detail_url": "https://www.giantbomb.com/api/game/3030-55310/", "id": 55310, "name": "Momotaro Dentetsu 2017: Tachiagare Nippon!!", "site_detail_url": "https://www.giantbomb.com/momotaro-dentetsu-2017-tachiagare-nippon/3030-55310/"}, {"api_detail_url": "https://www.giantbomb.com/api/game/3030-75054/", "id": 75054, "name": "Momotar\u014d Dentetsu: Sh\u014dwa, Heisei, Reiwa mo Teiban!", "site_detail_url": "https://www.giantbomb.com/momotaro-dentetsu-showa-heisei-reiwa-mo-teiban/3030-75054/"}, {"api_detail_url": "https://www.giantbomb.com/api/game/3030-88442/", "id": 88442, "name": "Momotar\u014d Dentetsu World: Chiky\u016b wa Kib\u014d de Mawatteru!", "site_detail_url": "https://www.giantbomb.com/momotaro-dentetsu-world-chikyu-wa-kibo-de-mawatter/3030-88442/"}]}, "version": "1.0"}