{"error": "OK", "limit": 1, "offset": 0, "number_of_page_results": 1, "number_of_total_results": 1, "status_code": 1, "results": {"games": [{"api_detail_url": "https://www.giantbomb.com/api/game/3030-11800/", "id": 11800, "name": "Zombie Hunters", "site_detail_url": "https://www.giantbomb.com/zombie-hunters/3030-11800/"}, {"api_detail_url": "https://www.giantbomb.com/api/game/3030-21497/", "id": 21497, "name": "Simple Series 2000 Vol. 90: The Oneechanbara 2", "site_detail_url": "https://www.giantbomb.com/simple-series-2000-vol-90-the-oneechanbara-2/3030-21497/"}, {"api_detail_url": "https://www.giantbomb.com/api/game/3030-24157/", "id": 24157, "name": "Deadly Strike", "site_detail_url": "https://www.giantbomb.com/deadly-strike/3030-24157/"}, {"api_detail_url": "https://www.giantbomb.com/api/game/3030-20585/", "id": 20585, "name": "The Adventures of Darwin", "site_detail_url": "https://www.giantbomb.com/the-adventures-of-darwin/3030-20585/"}, {"api_detail_url": "https://www.giantbomb.com/api/game/3030-1343/", "id": 1343, "name": "Fisherman's Bass Club", "site_detail_url": "https://www.giantbomb.com/fishermans-bass-club/3030-1343/"}, {"api_detail_url": "https://www.giantbomb.com/api/game/3030-14204/", "id": 14204, "name": "Mashed: Drive to Survive", "site_detail_url": "https://www.giantbomb.com/mashed-drive-to-survive/3030-14204/"}, {"api_detail_url": "https://www.giantbomb.com/api/game/3030-24753/", "id": 24753, "name": "The Table Game", "site_detail_url": "https://www.giantbomb.com/the-table-game/3030-24753/"}, {"api_detail_url": "https://www.giantbomb.com/api/game/3030-24754/", "id": 24754, "name": "Forty 4 Party", "site_detail_url": "https://www.giantbomb.com/forty-4-party/3030-24754/"}, {"api_detail_url": "https://www.giantbomb.com/api/game/3030-24755/", "id": 24755, "name": "The Double Mahjong Puzzle", "site_detail_url": "https://www.giantbomb.com/the-double-mahjong-puzzle/3030-24755/"}, {"api_detail_url": "https://www.giantbomb.com/api/game/3030-24756/", "id": 24756, "name": "Bust-A-Bloc", "site_detail_url": "https://www.giantbomb.com/bust-a-bloc/3030-24756/"}, {"api_detail_url": "https://www.giantbomb.com/api/game/3030-24757/", "id": 24757, "name": "Snowboard Racer 2", "site_detail_url": "https://www.giantbomb.com/snowboard-racer-2/3030-24757/"}, {"api_detail_url": "https://www.giantbomb.com/api/game/3030-24758/", "id": 24758, "name": "Boxing Champions", "site_detail_url": "https://www.giantbomb.com/boxing-champions/3030-24758/"}, {"api_detail_url": "https://www.giantbomb.com/api/game/3030-24759/", "id": 24759, "name": "Tennis Court Smash", "site_detail_url": "https://www.giantbomb.com/tennis-court-smash/3030-24759/"}, {"api_detail_url": "https://www.giantbomb.com/api/game/3030-24760/", "id": 24760, "name": "The Renai Adventure: Bittersweet Fools", "site_detail_url": "https://www.giantbomb.com/the-renai-adventure-bittersweet-fools/3030-24760/"}, {"api_detail_url": "https://www.giantbomb.com/api/game/3030-24761/", "id": 24761, "name": "Ultimate Mind Games", "site_detail_url": "https://www.giantbomb.com/ultimate-mind-games/3030-24761/"}, {"api_detail_url": "https://www.giantbomb.com/api/game/3030-24765/", "id": 24765, "name": "The Offroad Buggy", "site_detail_url": "https://www.giantbomb.com/the-offroad-buggy/3030-24765/"}, {"api_detail_url": "https://www.giantbomb.com/api/game/3030-24767/", "id": 24767, "name": "The Quiz 20000", "site_detail_url": "https://www.giantbomb.com/the-quiz-20000/3030-24767/"}, {"api_detail_url": "https://www.giantbomb.com/api/game/3030-24770/", "id": 24770, "name": "Billiards Xciting", "site_detail_url": "https://www.giantbomb.com/billiards-xciting/3030-24770/"}, {"api_detail_url": "https://www.giantbomb.com/api/game/3030-24775/", "id": 24775, "name": "The Renai Simulation: Renai Kissa Watashi ni Oma Cafe", "site_detail_url": "https://www.giantbomb.com/the-renai-simulation-renai-kissa-watashi-ni-oma-ca/3030-24775/"}, {"api_detail_url": "https://www.giantbomb.com/api/game/3030-24772/", "id": 24772, "name": "The Sniper 2", "site_detail_url": "https://www.giantbomb.com/the-sniper-2/3030-24772/"}, {"api_detail_url": "https://www.giantbomb.com/api/game/3030-24769/", "id": 24769, "name": "The Renai Adventure 2: Jo no Ko no Tameno", "site_detail_url": "https://www.giantbomb.com/the-renai-adventure-2-jo-no-ko-no-tameno/3030-24769/"}, {"api_detail_url": "https://www.giantbomb.com/api/game/3030-24773/", "id": 24773, "name": "The Suiri: Aratanaru 20 no Jikenbo", "site_detail_url": "https://www.giantbomb.com/the-suiri-aratanaru-20-no-jikenbo/3030-24773/"}, {"api_detail_url": "https://www.giantbomb.com/api/game/3030-24774/", "id": 24774, "name": "The Party Sugoroku", "site_detail_url": "https://www.giantbomb.com/the-party-sugoroku/3030-24774/"}, {"api_detail_url": "https://www.giantbomb.com/api/game/3030-3440/", "id": 3440, "name": "Zombie Zone", "site_detail_url": "https://www.giantbomb.com/zombie-zone/3030-3440/"}, {"api_detail_url": "https://www.giantbomb.com/api/game/3030-5725/", "id": 5725, "name": "Space Raiders", "site_detail_url": "https://www.giantbomb.com/space-raiders/3030-5725/"}, {"api_detail_url": "https://www.giantbomb.com/api/game/3030-26711/", "id": 26711, "name": "Metropolismania", "site_detail_url": "https://www.giantbomb.com/metropolismania/3030-26711/"}, {"api_detail_url": "https://www.giantbomb.com/api/game/3030-31212/", "id": 31212, "name": "Fighting Angels", "site_detail_url": "https://www.giantbomb.com/fighting-angels/3030-31212/"}, {"api_detail_url": "https://www.giantbomb.com/api/game/3030-24771/", "id": 24771, "name": "The Rugby", "site_detail_url": "https://www.giantbomb.com/the-rugby/3030-24771/"}, {"api_detail_url": "https://www.giantbomb.com/api/game/3030-31138/", "id": 31138, "name": "Global Defence Force Tactics", "site_detail_url": "https://www.giantbomb.com/global-defence-force-tactics/3030-31138/"}, {"api_detail_url": "https://www.giantbomb.com/api/game/3030-30590/", "id": 30590, "name": "Volleyball Challenge", "site_detail_url": "https://www.giantbomb.com/volleyball-challenge/3030-30590/"}, {"api_detail_url": "https://www.giantbomb.com/api/game/3030-26530/", "id": 26530, "name": "Azumi", "site_detail_url": "https://www.giantbomb.com/azumi/3030-26530/"}, {"api_detail_url": "https://www.giantbomb.com/api/game/3030-26508/", "id": 26508, "name": "The Aka-Champion", "site_detail_url": "https://www.giantbomb.com/the-aka-champion/3030-26508/"}, {"api_detail_url": "https://www.giantbomb.com/api/game/3030-25611/", "id": 25611, "name": "THE Robot Tsukurou Ze!", "site_detail_url": "https://www.giantbomb.com/the-robot-tsukurou-ze/3030-25611/"}, {"api_detail_url": "https://www.giantbomb.com/api/game/3030-24721/", "id": 24721, "name": "The Kanji Quiz - Challenge! Kanji Kentai", "site_detail_url": "https://www.giantbomb.com/the-kanji-quiz-challenge-kanji-kentai/3030-24721/"}, {"api_detail_url": "https://www.giantbomb.com/api/game/3030-23801/", "id": 23801, "name": "The Mini-Skirt Police", "site_detail_url": "https://www.giantbomb.com/the-mini-skirt-police/3030-23801/"}, {"api_detail_url": "https://www.giantbomb.com/api/game/3030-22501/", "id": 22501, "name": "Demolition Girl", "site_detail_url": "https://www.giantbomb.com/demolition-girl/3030-22501/"}, {"api_detail_url": "https://www.giantbomb.com/api/game/3030-22070/", "id": 22070, "name": "Global Defence Force", "site_detail_url": "https://www.giantbomb.com/global-defence-force/3030-22070/"}, {"api_detail_url": "https://www.giantbomb.com/api/game/3030-36983/", "id": 36983, "name": "Covert Command", "site_detail_url": "https://www.giantbomb.com/covert-command/3030-36983/"}, {"api_detail_url": "https://www.giantbomb.com/api/game/3030-38343/", "id": 38343, "name": "Machi-ing Maker 2.1", "site_detail_url": "https://www.giantbomb.com/machi-ing-maker-21/3030-38343/"}, {"api_detail_url": "https://www.giantbomb.com/api/game/3030-32109/", "id": 32109, "name": "Dragon Sisters", "site_detail_url": "https://www.giantbomb.com/dragon-sisters/3030-32109/"}, {"api_detail_url": "https://www.giantbomb.com/api/game/3030-32110/", "id": 32110, "name": "Buccaneer", "site_detail_url": "https://www.giantbomb.com/buccaneer/3030-32110/"}, {"api_detail_url": "https://www.giantbomb.com/api/game/3030-39602/", "id": 39602, "name": "Simple 2000 Hello Kitty Series Vol. 1: Starlight Puzzle", "site_detail_url": "https://www.giantbomb.com/simple-2000-hello-kitty-series-vol-1-starlight-puz/3030-39602/"}, {"api_detail_url": "https://www.giantbomb.com/api/game/3030-39666/", "id": 39666, "name": "Street Boyz", "site_detail_url": "https://www.giantbomb.com/street-boyz/3030-39666/"}, {"api_detail_url": "https://www.giantbomb.com/api/game/3030-39667/", "id": 39667, "name": "Power Fighters", "site_detail_url": "https://www.giantbomb.com/power-fighters/3030-39667/"}, {"api_detail_url": "https://www.giantbomb.com/api/game/3030-30926/", "id": 30926, "name": "Splatter Master", "site_detail_url": "https://www.giantbomb.com/splatter-master/3030-30926/"}, {"api_detail_url": "https://www.giantbomb.com/api/game/3030-39273/", "id": 39273, "name": "All-Star Fighters", "site_detail_url": "https://www.giantbomb.com/all-star-fighters/3030-39273/"}, {"api_detail_url": "https://www.giantbomb.com/api/game/3030-40748/", "id": 40748, "name": "MaXXed Out Racing", "site_detail_url": "https://www.giantbomb.com/maxxed-out-racing/3030-40748/"}, {"api_detail_url": "https://www.giantbomb.com/api/game/3030-42127/", "id": 42127, "name": "Hard Knock High", "site_detail_url": "https://www.giantbomb.com/hard-knock-high/3030-42127/"}, {"api_detail_url": "https://www.giantbomb.com/api/game/3030-46909/", "id": 46909, "name": "Simple 2000 Series Vol. 62: The Super Puzzle Bobble DX", "site_detail_url": "https://www.giantbomb.com/simple-2000-series-vol-62-the-super-puzzle-bobble-/3030-46909/"}, {"api_detail_url": "https://www.giantbomb.com/api/game/3030-38431/", "id": 38431, "name": "Pink Pong", "site_detail_url": "https://www.giantbomb.com/pink-pong/3030-38431/"}, {"api_detail_url": "https://www.giantbomb.com/api/game/3030-37906/", "id": 37906, "name": "Deep Water", "site_detail_url": "https://www.giantbomb.com/deep-water/3030-37906/"}, {"api_detail_url": "https://www.giantbomb.com/api/game/3030-47124/", "id": 47124, "name": "Simple 2000 Series Ultimate Vol. 26: Love \u2605 Smash! 5.1: Tennis Robo no Hanran", "site_detail_url": "https://www.giantbomb.com/simple-2000-series-ultimate-vol-26-love-smash-51-t/3030-47124/"}, {"api_detail_url": "https://www.giantbomb.com/api/game/3030-47126/", "id": 47126, "name": "Simple 2000 Series Ultimate Vol. 1: Love \u2605 Smash!", "site_detail_url": "https://www.giantbomb.com/simple-2000-series-ultimate-vol-1-love-smash/3030-47126/"}, {"api_detail_url": "https://www.giantbomb.com/api/game/3030-47129/", "id": 47129, "name": "Heartbeat Boxing", "site_detail_url": "https://www.giantbomb.com/heartbeat-boxing/3030-47129/"}, {"api_detail_url": "https://www.giantbomb.com/api/game/3030-2954/", "id": 2954, "name": "Zombie Virus", "site_detail_url": "https://www.giantbomb.com/zombie-virus/3030-2954/"}, {"api_detail_url": "https://www.giantbomb.com/api/game/3030-47917/", "id": 47917, "name": "Paparazzi", "site_detail_url": "https://www.giantbomb.com/paparazzi/3030-47917/"}, {"api_detail_url": "https://www.giantbomb.com/api/game/3030-48042/", "id": 48042, "name": "The T\u014db\u014d Prisoner: Ross City Shinjitsu eno 10-Jikan", "site_detail_url": "https://www.giantbomb.com/the-tobo-prisoner-ross-city-shinjitsu-eno-10jikan/3030-48042/"}, {"api_detail_url": "https://www.giantbomb.com/api/game/3030-34961/", "id": 34961, "name": "Yakuza Fury", "site_detail_url": "https://www.giantbomb.com/yakuza-fury/3030-34961/"}, {"api_detail_url": "https://www.giantbomb.com/api/game/3030-3867/", "id": 3867, "name": "Jacked", "site_detail_url": "https://www.giantbomb.com/jacked/3030-3867/"}, {"api_detail_url": "https://www.giantbomb.com/api/game/3030-47937/", "id": 47937, "name": "Special Forces", "site_detail_url": "https://www.giantbomb.com/special-forces/3030-47937/"}, {"api_detail_url": "https://www.giantbomb.com/api/game/3030-9149/", "id": 9149, "name": "Party Girls", "site_detail_url": "https://www.giantbomb.com/party-girls/3030-9149/"}, {"api_detail_url": "https://www.giantbomb.com/api/game/3030-54209/", "id": 54209, "name": "Maxxed Out Racing Nitro", "site_detail_url": "https://www.giantbomb.com/maxxed-out-racing-nitro/3030-54209/"}, {"api_detail_url": "https://www.giantbomb.com/api/game/3030-55472/", "id": 55472, "name": "The Tousou Highway 2: Road Warrior 2050", "site_detail_url": "https://www.giantbomb.com/the-tousou-highway-2-road-warrior-2050/3030-55472/"}, {"api_detail_url": "https://www.giantbomb.com/api/game/3030-55473/", "id": 55473, "name": "Edit Racing", "site_detail_url": "https://www.giantbomb.com/edit-racing/3030-55473/"}, {"api_detail_url": "https://www.giantbomb.com/api/game/3030-55481/", "id": 55481, "name": "Car Racing Challenge", "site_detail_url": "https://www.giantbomb.com/car-racing-challenge/3030-55481/"}, {"api_detail_url": "https://www.giantbomb.com/api/game/3030-55474/", "id": 55474, "name": "The Racing Action: Sentou Mecha Xabungle", "site_detail_url": "https://www.giantbomb.com/the-racing-action-sentou-mecha-xabungle/3030-55474/"}, {"api_detail_url": "https://www.giantbomb.com/api/game/3030-53656/", "id": 53656, "name": "Afro Ken: The Puzzle", "site_detail_url": "https://www.giantbomb.com/afro-ken-the-puzzle/3030-53656/"}, {"api_detail_url": "https://www.giantbomb.com/api/game/3030-45841/", "id": 45841, "name": "Kamen Rider: The Bike Race", "site_detail_url": "https://www.giantbomb.com/kamen-rider-the-bike-race/3030-45841/"}, {"api_detail_url": "https://www.giantbomb.com/api/game/3030-57519/", "id": 57519, "name": "Simple 2000 Series 2-in-1 Vol. 4: The Bushido & The Sniper 2", "site_detail_url": "https://www.giantbomb.com/simple-2000-series-2in1-vol-4-the-bushido-the-snip/3030-57519/"}, {"api_detail_url": "https://www.giantbomb.com/api/game/3030-57520/", "id": 57520, "name": "Katana Action", "site_detail_url": "https://www.giantbomb.com/katana-action/3030-57520/"}, {"api_detail_url": "https://www.giantbomb.com/api/game/3030-57762/", "id": 57762, "name": "Simple 2000 Series Vol. 38: The Yuujou Adventure: Hotaru Soul", "site_detail_url": "https://www.giantbomb.com/simple-2000-series-vol-38-the-yuujou-adventure-hot/3030-57762/"}, {"api_detail_url": "https://www.giantbomb.com/api/game/3030-21991/", "id": 21991, "name": "Monster Attack", "site_detail_url": "https://www.giantbomb.com/monster-attack/3030-21991/"}, {"api_detail_url": "https://www.giantbomb.com/api/game/3030-57764/", "id": 57764, "name": "Steel Dragon EX", "site_detail_url": "https://www.giantbomb.com/steel-dragon-ex/3030-57764/"}, {"api_detail_url": "https://www.giantbomb.com/api/game/3030-21580/", "id": 21580, "name": "Zombie Hunters 2", "site_detail_url": "https://www.giantbomb.com/zombie-hunters-2/3030-21580/"}, {"api_detail_url": "https://www.giantbomb.com/api/game/3030-57765/", "id": 57765, "name": "Basketball Xciting", "site_detail_url": "https://www.giantbomb.com/basketball-xciting/3030-57765/"}, {"api_detail_url": "https://www.giantbomb.com/api/game/3030-30414/", "id": 30414, "name": "K-1 World Max 2005", "site_detail_url": "https://www.giantbomb.com/k-1-world-max-2005/3030-30414/"}, {"api_detail_url": "https://www.giantbomb.com/api/game/3030-57766/", "id": 57766, "name": "Radio Helicopter", "site_detail_url": "https://www.giantbomb.com/radio-helicopter/3030-57766/"}, {"api_detail_url": "https://www.giantbomb.com/api/game/3030-39127/", "id": 39127, "name": "Runabout 3: Neo Age", "site_detail_url": "https://www.giantbomb.com/runabout-3-neo-age/3030-39127/"}, {"api_detail_url": "https://www.giantbomb.com/api/game/3030-40967/", "id": 40967, "name": "Sakigake!! Otokojuku", "site_detail_url": "https://www.giantbomb.com/sakigake-otokojuku/3030-40967/"}, {"api_detail_url": "https://www.giantbomb.com/api/game/3030-57767/", "id": 57767, "name": "Simple 2000 Series 2-in-1 Vol. 2: The Bass Fishing & The Bowling Hyper", "site_detail_url": "https://www.giantbomb.com/simple-2000-series-2in1-vol-2-the-bass-fishing-the/3030-57767/"}, {"api_detail_url": "https://www.giantbomb.com/api/game/3030-57768/", "id": 57768, "name": "Simple 2000 Series Vol. 25: The Menkyo Shutoku Simulation", "site_detail_url": "https://www.giantbomb.com/simple-2000-series-vol-25-the-menkyo-shutoku-simul/3030-57768/"}, {"api_detail_url": "https://www.giantbomb.com/api/game/3030-57769/", "id": 57769, "name": "Simple 2000 Series Vol. 114: The Onna Okappichi Torimonochou - Oharuchan Go Go Go!", "site_detail_url": "https://www.giantbomb.com/simple-2000-series-vol-114-the-onna-okappichi-tori/3030-57769/"}, {"api_detail_url": "https://www.giantbomb.com/api/game/3030-57770/", "id": 57770, "name": "Simple 2000 Series Vol. 40: The Touyou Sandai Uranjustsu", "site_detail_url": "https://www.giantbomb.com/simple-2000-series-vol-40-the-touyou-sandai-uranju/3030-57770/"}, {"api_detail_url": "https://www.giantbomb.com/api/game/3030-57771/", "id": 57771, "name": "Baseball Mania", "site_detail_url": "https://www.giantbomb.com/baseball-mania/3030-57771/"}, {"api_detail_url": "https://www.giantbomb.com/api/game/3030-57772/", "id": 57772, "name": "Bowling Xciting", "site_detail_url": "https://www.giantbomb.com/bowling-xciting/3030-57772/"}, {"api_detail_url": "https://www.giantbomb.com/api/game/3030-29930/", "id": 29930, "name": "World Fighting \"The Ishu Kakatou Waza\"", "site_detail_url": "https://www.giantbomb.com/world-fighting-the-ishu-kakatou-waza/3030-29930/"}, {"api_detail_url": "https://www.giantbomb.com/api/game/3030-41889/", "id": 41889, "name": "Densha de Go! 3 Tsuukinhen", "site_detail_url": "https://www.giantbomb.com/densha-de-go-3-tsuukinhen/3030-41889/"}, {"api_detail_url": "https://www.giantbomb.com/api/game/3030-1644/", "id": 1644, "name": "Eternal Quest", "site_detail_url": "https://www.giantbomb.com/eternal-quest/3030-1644/"}, {"api_detail_url": "https://www.giantbomb.com/api/game/3030-57773/", "id": 57773, "name": "Fitness Fun", "site_detail_url": "https://www.giantbomb.com/fitness-fun/3030-57773/"}, {"api_detail_url": "https://www.giantbomb.com/api/game/3030-57778/", "id": 57778, "name": "Akagi: Yami ni Furitatta Tensai", "site_detail_url": "https://www.giantbomb.com/akagi-yami-ni-furitatta-tensai/3030-57778/"}, {"api_detail_url": "https://www.giantbomb.com/api/game/3030-57779/", "id": 57779, "name": "Houkago no Love Beat", "site_detail_url": "https://www.giantbomb.com/houkago-no-love-beat/3030-57779/"}, {"api_detail_url": "https://www.giantbomb.com/api/game/3030-23463/", "id": 23463, "name": "Maze Action", "site_detail_url": "https://www.giantbomb.com/maze-action/3030-23463/"}, {"api_detail_url": "https://www.giantbomb.com/api/game/3030-57780/", "id": 57780, "name": "Motorbike King", "site_detail_url": "https://www.giantbomb.com/motorbike-king/3030-57780/"}, {"api_detail_url": "https://www.giantbomb.com/api/game/3030-57784/", "id": 57784, "name": "Pinball Fun", "site_detail_url": "https://www.giantbomb.com/pinball-fun/3030-57784/"}, {"api_detail_url": "https://www.giantbomb.com/api/game/3030-46424/", "id": 46424, "name": "Project Minerva Professional", "site_detail_url": "https://www.giantbomb.com/project-minerva-professional/3030-46424/"}, {"api_detail_url": "https://www.giantbomb.com/api/game/3030-65072/", "id": 65072, "name": "Simple 2000 Series Portable Vol. 1: The Mahjong", "site_detail_url": "https://www.giantbomb.com/simple-2000-series-portable-vol-1-the-mahjong/3030-65072/"}, {"api_detail_url": "https://www.giantbomb.com/api/game/3030-58466/", "id": 58466, "name": "Beta Bloc", "site_detail_url": "https://www.giantbomb.com/beta-bloc/3030-58466/"}, {"api_detail_url": "https://www.giantbomb.com/api/game/3030-65076/", "id": 65076, "name": "Police Chase Down", "site_detail_url": "https://www.giantbomb.com/police-chase-down/3030-65076/"}, {"api_detail_url": "https://www.giantbomb.com/api/game/3030-65077/", "id": 65077, "name": "Tank Elite", "site_detail_url": "https://www.giantbomb.com/tank-elite/3030-65077/"}, {"api_detail_url": "https://www.giantbomb.com/api/game/3030-65244/", "id": 65244, "name": "Puzzle Maniacs", "site_detail_url": "https://www.giantbomb.com/puzzle-maniacs/3030-65244/"}, {"api_detail_url": "https://www.giantbomb.com/api/game/3030-65249/", "id": 65249, "name": "Simple 2000 Series Vol. 92: The Noroi no Game", "site_detail_url": "https://www.giantbomb.com/simple-2000-series-vol-92-the-noroi-no-game/3030-65249/"}, {"api_detail_url": "https://www.giantbomb.com/api/game/3030-23208/", "id": 23208, "name": "Rollercoaster World", "site_detail_url": "https://www.giantbomb.com/rollercoaster-world/3030-23208/"}, {"api_detail_url": "https://www.giantbomb.com/api/game/3030-65234/", "id": 65234, "name": "Party Carnival", "site_detail_url": "https://www.giantbomb.com/party-carnival/3030-65234/"}, {"api_detail_url": "https://www.giantbomb.com/api/game/3030-75612/", "id": 75612, "name": "Simple 2000 Series Vol. 70: The Kanshikikan", "site_detail_url": "https://www.giantbomb.com/simple-2000-series-vol-70-the-kanshikikan/3030-75612/"}, {"api_detail_url": "https://www.giantbomb.com/api/game/3030-78221/", "id": 78221, "name": " Simple 2000 Series Vol.067: The Suiri - Soshite Daremo Inakunatta", "site_detail_url": "https://www.giantbomb.com/simple-2000-series-vol067-the-suiri-soshite-daremo/3030-78221/"}, {"api_detail_url": "https://www.giantbomb.com/api/game/3030-78225/", "id": 78225, "name": "Simple 2000 Series Vol. 43: The Saiban - Shinmai Shihoukan Momota Tsukasa no 10 no Saiban File", "site_detail_url": "https://www.giantbomb.com/simple-2000-series-vol-43-the-saiban-shinmai-shiho/3030-78225/"}, {"api_detail_url": "https://www.giantbomb.com/api/game/3030-83823/", "id": 83823, "name": "Simple 2000 Series Vol. 115 The Roomshare to Iu Seikatsu.", "site_detail_url": "https://www.giantbomb.com/simple-2000-series-vol-115-the-roomshare-to-iu-sei/3030-83823/"}, {"api_detail_url": "https://www.giantbomb.com/api/game/3030-84733/", "id": 84733, "name": "Natsuiro Celebration", "site_detail_url": "https://www.giantbomb.com/natsuiro-celebration/3030-84733/"}, {"api_detail_url": "https://www.giantbomb.com/api/game/3030-87115/", "id": 87115, "name": "Simple 2000 Series Wii Vol. 1: The Table Game", "site_detail_url": "https://www.giantbomb.com/simple-2000-series-wii-vol-1-the-table-game/3030-87115/"}, {"api_detail_url": "https://www.giantbomb.com/api/game/3030-87630/", "id": 87630, "name": "Simple 2000 Series Vol. 116: The Neko-Mura no Hitobito: Pagu Daikan no Akugyou Sanmai", "site_detail_url": "https://www.giantbomb.com/simple-2000-series-vol-116-the-neko-mura-no-hitobi/3030-87630/"}]}, "version": "1.0"}