{"error": "OK", "limit": 1, "offset": 0, "number_of_page_results": 1, "number_of_total_results": 1, "status_code": 1, "results": {"games": [{"api_detail_url": "https://www.giantbomb.com/api/game/3030-7393/", "id": 7393, "name": "Sin & Punishment", "site_detail_url": "https://www.giantbomb.com/sin-punishment/3030-7393/"}, {"api_detail_url": "https://www.giantbomb.com/api/game/3030-23966/", "id": 23966, "name": "Sin & Punishment:  Star Successor", "site_detail_url": "https://www.giantbomb.com/sin-punishment-star-successor/3030-23966/"}]}, "version": "1.0"}