{"error": "OK", "limit": 1, "offset": 0, "number_of_page_results": 1, "number_of_total_results": 1, "status_code": 1, "results": {"games": [{"api_detail_url": "https://www.giantbomb.com/api/game/3030-6515/", "id": 6515, "name": "Return to Mysterious Island", "site_detail_url": "https://www.giantbomb.com/return-to-mysterious-island/3030-6515/"}, {"api_detail_url": "https://www.giantbomb.com/api/game/3030-24777/", "id": 24777, "name": "Return to Mysterious Island II", "site_detail_url": "https://www.giantbomb.com/return-to-mysterious-island-ii/3030-24777/"}]}, "version": "1.0"}