{"error": "OK", "limit": 1, "offset": 0, "number_of_page_results": 1, "number_of_total_results": 1, "status_code": 1, "results": {"games": [{"api_detail_url": "https://www.giantbomb.com/api/game/3030-12283/", "id": 12283, "name": "Quarantine", "site_detail_url": "https://www.giantbomb.com/quarantine/3030-12283/"}, {"api_detail_url": "https://www.giantbomb.com/api/game/3030-4543/", "id": 4543, "name": "Quarantine II: Road Warrior", "site_detail_url": "https://www.giantbomb.com/quarantine-ii-road-warrior/3030-4543/"}]}, "version": "1.0"}