{"error": "OK", "limit": 1, "offset": 0, "number_of_page_results": 1, "number_of_total_results": 1, "status_code": 1, "results": {"games": [{"api_detail_url": "https://www.giantbomb.com/api/game/3030-8180/", "id": 8180, "name": "Aleste Gaiden", "site_detail_url": "https://www.giantbomb.com/aleste-gaiden/3030-8180/"}, {"api_detail_url": "https://www.giantbomb.com/api/game/3030-10102/", "id": 10102, "name": "Aleste 2", "site_detail_url": "https://www.giantbomb.com/aleste-2/3030-10102/"}, {"api_detail_url": "https://www.giantbomb.com/api/game/3030-12066/", "id": 12066, "name": "Robo Aleste", "site_detail_url": "https://www.giantbomb.com/robo-aleste/3030-12066/"}, {"api_detail_url": "https://www.giantbomb.com/api/game/3030-20172/", "id": 20172, "name": "GG Aleste", "site_detail_url": "https://www.giantbomb.com/gg-aleste/3030-20172/"}, {"api_detail_url": "https://www.giantbomb.com/api/game/3030-3838/", "id": 3838, "name": "Space Megaforce", "site_detail_url": "https://www.giantbomb.com/space-megaforce/3030-3838/"}, {"api_detail_url": "https://www.giantbomb.com/api/game/3030-3130/", "id": 3130, "name": "Power Strike", "site_detail_url": "https://www.giantbomb.com/power-strike/3030-3130/"}, {"api_detail_url": "https://www.giantbomb.com/api/game/3030-7928/", "id": 7928, "name": "M.U.S.H.A.", "site_detail_url": "https://www.giantbomb.com/musha/3030-7928/"}, {"api_detail_url": "https://www.giantbomb.com/api/game/3030-12717/", "id": 12717, "name": "Power Strike II", "site_detail_url": "https://www.giantbomb.com/power-strike-ii/3030-12717/"}, {"api_detail_url": "https://www.giantbomb.com/api/game/3030-14734/", "id": 14734, "name": "Power Strike II", "site_detail_url": "https://www.giantbomb.com/power-strike-ii/3030-14734/"}, {"api_detail_url": "https://www.giantbomb.com/api/game/3030-80745/", "id": 80745, "name": "Aleste Collection", "site_detail_url": "https://www.giantbomb.com/aleste-collection/3030-80745/"}, {"api_detail_url": "https://www.giantbomb.com/api/game/3030-83528/", "id": 83528, "name": "Senjin Aleste", "site_detail_url": "https://www.giantbomb.com/senjin-aleste/3030-83528/"}]}, "version": "1.0"}