{"error": "OK", "limit": 1, "offset": 0, "number_of_page_results": 1, "number_of_total_results": 1, "status_code": 1, "results": {"games": [{"api_detail_url": "https://www.giantbomb.com/api/game/3030-62346/", "id": 62346, "name": "Rugby 18", "site_detail_url": "https://www.giantbomb.com/rugby-18/3030-62346/"}, {"api_detail_url": "https://www.giantbomb.com/api/game/3030-48036/", "id": 48036, "name": "Rugby 15", "site_detail_url": "https://www.giantbomb.com/rugby-15/3030-48036/"}, {"api_detail_url": "https://www.giantbomb.com/api/game/3030-75128/", "id": 75128, "name": "Rugby 20", "site_detail_url": "https://www.giantbomb.com/rugby-20/3030-75128/"}, {"api_detail_url": "https://www.giantbomb.com/api/game/3030-83284/", "id": 83284, "name": "Rugby 22", "site_detail_url": "https://www.giantbomb.com/rugby-22/3030-83284/"}]}, "version": "1.0"}