{"error": "OK", "limit": 1, "offset": 0, "number_of_page_results": 1, "number_of_total_results": 1, "status_code": 1, "results": {"games": [{"api_detail_url": "https://www.giantbomb.com/api/game/3030-7048/", "id": 7048, "name": "Kingdom of Paradise", "site_detail_url": "https://www.giantbomb.com/kingdom-of-paradise/3030-7048/"}, {"api_detail_url": "https://www.giantbomb.com/api/game/3030-26034/", "id": 26034, "name": "Tenchi no Mon 2: Busouden", "site_detail_url": "https://www.giantbomb.com/tenchi-no-mon-2-busouden/3030-26034/"}]}, "version": "1.0"}