{"error": "OK", "limit": 1, "offset": 0, "number_of_page_results": 1, "number_of_total_results": 1, "status_code": 1, "results": {"games": [{"api_detail_url": "https://www.giantbomb.com/api/game/3030-231/", "id": 231, "name": "Commander Keen 2: The Earth Explodes", "site_detail_url": "https://www.giantbomb.com/commander-keen-2-the-earth-explodes/3030-231/"}, {"api_detail_url": "https://www.giantbomb.com/api/game/3030-1656/", "id": 1656, "name": "Commander Keen: Invasion of the Vorticons", "site_detail_url": "https://www.giantbomb.com/commander-keen-invasion-of-the-vorticons/3030-1656/"}, {"api_detail_url": "https://www.giantbomb.com/api/game/3030-4314/", "id": 4314, "name": "Commander Keen 3: Keen Must Die!", "site_detail_url": "https://www.giantbomb.com/commander-keen-3-keen-must-die/3030-4314/"}, {"api_detail_url": "https://www.giantbomb.com/api/game/3030-13046/", "id": 13046, "name": "Commander Keen 5: The Armageddon Machine", "site_detail_url": "https://www.giantbomb.com/commander-keen-5-the-armageddon-machine/3030-13046/"}, {"api_detail_url": "https://www.giantbomb.com/api/game/3030-14274/", "id": 14274, "name": "Commander Keen 1: Marooned on Mars", "site_detail_url": "https://www.giantbomb.com/commander-keen-1-marooned-on-mars/3030-14274/"}, {"api_detail_url": "https://www.giantbomb.com/api/game/3030-15693/", "id": 15693, "name": "Commander Keen 4: Secret of the Oracle", "site_detail_url": "https://www.giantbomb.com/commander-keen-4-secret-of-the-oracle/3030-15693/"}, {"api_detail_url": "https://www.giantbomb.com/api/game/3030-16504/", "id": 16504, "name": "Commander Keen: Keen Dreams", "site_detail_url": "https://www.giantbomb.com/commander-keen-keen-dreams/3030-16504/"}, {"api_detail_url": "https://www.giantbomb.com/api/game/3030-16844/", "id": 16844, "name": "Commander Keen 6: Aliens Ate My Babysitter!", "site_detail_url": "https://www.giantbomb.com/commander-keen-6-aliens-ate-my-babysitter/3030-16844/"}, {"api_detail_url": "https://www.giantbomb.com/api/game/3030-21209/", "id": 21209, "name": "Commander Keen", "site_detail_url": "https://www.giantbomb.com/commander-keen/3030-21209/"}, {"api_detail_url": "https://www.giantbomb.com/api/game/3030-73772/", "id": 73772, "name": "Commander Keen", "site_detail_url": "https://www.giantbomb.com/commander-keen/3030-73772/"}]}, "version": "1.0"}