{"error": "OK", "limit": 1, "offset": 0, "number_of_page_results": 1, "number_of_total_results": 1, "status_code": 1, "results": {"games": [{"api_detail_url": "https://www.giantbomb.com/api/game/3030-26392/", "id": 26392, "name": "Kotoba no Puzzle: Mojipittan", "site_detail_url": "https://www.giantbomb.com/kotoba-no-puzzle-mojipittan/3030-26392/"}, {"api_detail_url": "https://www.giantbomb.com/api/game/3030-26393/", "id": 26393, "name": "Kotoba no Puzzle Mojipittan Advance", "site_detail_url": "https://www.giantbomb.com/kotoba-no-puzzle-mojipittan-advance/3030-26393/"}, {"api_detail_url": "https://www.giantbomb.com/api/game/3030-26821/", "id": 26821, "name": "Kotoba no Puzzle: Mojipittan Wii Deluxe", "site_detail_url": "https://www.giantbomb.com/kotoba-no-puzzle-mojipittan-wii-deluxe/3030-26821/"}, {"api_detail_url": "https://www.giantbomb.com/api/game/3030-26820/", "id": 26820, "name": "Kotoba no Puzzle Mojipittan Wii", "site_detail_url": "https://www.giantbomb.com/kotoba-no-puzzle-mojipittan-wii/3030-26820/"}, {"api_detail_url": "https://www.giantbomb.com/api/game/3030-26819/", "id": 26819, "name": "Kotoba no Puzzle Mojipittan Daijiten", "site_detail_url": "https://www.giantbomb.com/kotoba-no-puzzle-mojipittan-daijiten/3030-26819/"}, {"api_detail_url": "https://www.giantbomb.com/api/game/3030-26818/", "id": 26818, "name": "Kotoba no Puzzle: Mojipittan DS", "site_detail_url": "https://www.giantbomb.com/kotoba-no-puzzle-mojipittan-ds/3030-26818/"}, {"api_detail_url": "https://www.giantbomb.com/api/game/3030-78039/", "id": 78039, "name": "Kotoba no Puzzle: Mojipittan Encore", "site_detail_url": "https://www.giantbomb.com/kotoba-no-puzzle-mojipittan-encore/3030-78039/"}, {"api_detail_url": "https://www.giantbomb.com/api/game/3030-82829/", "id": 82829, "name": "Nagameru Dake de Kashikoku nareru! Mojipittan Shiritori Tokei", "site_detail_url": "https://www.giantbomb.com/nagameru-dake-de-kashikoku-nareru-mojipittan-shiri/3030-82829/"}]}, "version": "1.0"}