{"error": "OK", "limit": 1, "offset": 0, "number_of_page_results": 1, "number_of_total_results": 1, "status_code": 1, "results": {"games": [{"api_detail_url": "https://www.giantbomb.com/api/game/3030-1788/", "id": 1788, "name": "Darius R", "site_detail_url": "https://www.giantbomb.com/darius-r/3030-1788/"}, {"api_detail_url": "https://www.giantbomb.com/api/game/3030-5412/", "id": 5412, "name": "Darius Plus", "site_detail_url": "https://www.giantbomb.com/darius-plus/3030-5412/"}, {"api_detail_url": "https://www.giantbomb.com/api/game/3030-15999/", "id": 15999, "name": "Darius Twin", "site_detail_url": "https://www.giantbomb.com/darius-twin/3030-15999/"}, {"api_detail_url": "https://www.giantbomb.com/api/game/3030-16956/", "id": 16956, "name": "Darius Alpha", "site_detail_url": "https://www.giantbomb.com/darius-alpha/3030-16956/"}, {"api_detail_url": "https://www.giantbomb.com/api/game/3030-18719/", "id": 18719, "name": "Darius Gaiden", "site_detail_url": "https://www.giantbomb.com/darius-gaiden/3030-18719/"}, {"api_detail_url": "https://www.giantbomb.com/api/game/3030-494/", "id": 494, "name": "G Darius", "site_detail_url": "https://www.giantbomb.com/g-darius/3030-494/"}, {"api_detail_url": "https://www.giantbomb.com/api/game/3030-10531/", "id": 10531, "name": "Super Nova", "site_detail_url": "https://www.giantbomb.com/super-nova/3030-10531/"}, {"api_detail_url": "https://www.giantbomb.com/api/game/3030-25236/", "id": 25236, "name": "Super Darius", "site_detail_url": "https://www.giantbomb.com/super-darius/3030-25236/"}, {"api_detail_url": "https://www.giantbomb.com/api/game/3030-25237/", "id": 25237, "name": "Super Darius II", "site_detail_url": "https://www.giantbomb.com/super-darius-ii/3030-25237/"}, {"api_detail_url": "https://www.giantbomb.com/api/game/3030-25802/", "id": 25802, "name": "Sagaia", "site_detail_url": "https://www.giantbomb.com/sagaia/3030-25802/"}, {"api_detail_url": "https://www.giantbomb.com/api/game/3030-27949/", "id": 27949, "name": "Darius Burst", "site_detail_url": "https://www.giantbomb.com/darius-burst/3030-27949/"}, {"api_detail_url": "https://www.giantbomb.com/api/game/3030-32891/", "id": 32891, "name": "Darius", "site_detail_url": "https://www.giantbomb.com/darius/3030-32891/"}, {"api_detail_url": "https://www.giantbomb.com/api/game/3030-51338/", "id": 51338, "name": "Darius Burst: Chronicle Saviours", "site_detail_url": "https://www.giantbomb.com/darius-burst-chronicle-saviours/3030-51338/"}, {"api_detail_url": "https://www.giantbomb.com/api/game/3030-53459/", "id": 53459, "name": "Darius+", "site_detail_url": "https://www.giantbomb.com/darius/3030-53459/"}, {"api_detail_url": "https://www.giantbomb.com/api/game/3030-69206/", "id": 69206, "name": "Darius Cozmic Collection", "site_detail_url": "https://www.giantbomb.com/darius-cozmic-collection/3030-69206/"}, {"api_detail_url": "https://www.giantbomb.com/api/game/3030-77484/", "id": 77484, "name": "Darius Cozmic Revelation", "site_detail_url": "https://www.giantbomb.com/darius-cozmic-revelation/3030-77484/"}, {"api_detail_url": "https://www.giantbomb.com/api/game/3030-79314/", "id": 79314, "name": "Darius Burst: Another Chronicle EX", "site_detail_url": "https://www.giantbomb.com/darius-burst-another-chronicle-ex/3030-79314/"}]}, "version": "1.0"}