{"error": "OK", "limit": 1, "offset": 0, "number_of_page_results": 1, "number_of_total_results": 1, "status_code": 1, "results": {"games": [{"api_detail_url": "https://www.giantbomb.com/api/game/3030-10972/", "id": 10972, "name": "Kyuuyaku Megami Tensei", "site_detail_url": "https://www.giantbomb.com/kyuuyaku-megami-tensei/3030-10972/"}, {"api_detail_url": "https://www.giantbomb.com/api/game/3030-11419/", "id": 11419, "name": "Digital Devil Monogatari: Megami Tensei II", "site_detail_url": "https://www.giantbomb.com/digital-devil-monogatari-megami-tensei-ii/3030-11419/"}, {"api_detail_url": "https://www.giantbomb.com/api/game/3030-19243/", "id": 19243, "name": "Digital Devil Monogatari: Megami Tensei", "site_detail_url": "https://www.giantbomb.com/digital-devil-monogatari-megami-tensei/3030-19243/"}]}, "version": "1.0"}