{"error": "OK", "limit": 1, "offset": 0, "number_of_page_results": 1, "number_of_total_results": 1, "status_code": 1, "results": {"games": [{"api_detail_url": "https://www.giantbomb.com/api/game/3030-22717/", "id": 22717, "name": "Mobile Suit Gundam: Federation vs. Zeon", "site_detail_url": "https://www.giantbomb.com/mobile-suit-gundam-federation-vs-zeon/3030-22717/"}, {"api_detail_url": "https://www.giantbomb.com/api/game/3030-26731/", "id": 26731, "name": "Mobile Suit Zeta Gundam: AEUG vs. Titans", "site_detail_url": "https://www.giantbomb.com/mobile-suit-zeta-gundam-aeug-vs-titans/3030-26731/"}, {"api_detail_url": "https://www.giantbomb.com/api/game/3030-22604/", "id": 22604, "name": "Mobile Suit Gundam: Gundam vs. Zeta Gundam", "site_detail_url": "https://www.giantbomb.com/mobile-suit-gundam-gundam-vs-zeta-gundam/3030-22604/"}, {"api_detail_url": "https://www.giantbomb.com/api/game/3030-26732/", "id": 26732, "name": "Mobile Suit Gundam SEED: Rengou vs. Z.A.F.T.", "site_detail_url": "https://www.giantbomb.com/mobile-suit-gundam-seed-rengou-vs-zaft/3030-26732/"}, {"api_detail_url": "https://www.giantbomb.com/api/game/3030-26733/", "id": 26733, "name": "Mobile Suit Gundam SEED Destiny: Rengou vs. Z.A.F.T. II", "site_detail_url": "https://www.giantbomb.com/mobile-suit-gundam-seed-destiny-rengou-vs-zaft-ii/3030-26733/"}, {"api_detail_url": "https://www.giantbomb.com/api/game/3030-23032/", "id": 23032, "name": "Mobile Suit Gundam: Gundam vs. Gundam", "site_detail_url": "https://www.giantbomb.com/mobile-suit-gundam-gundam-vs-gundam/3030-23032/"}, {"api_detail_url": "https://www.giantbomb.com/api/game/3030-23686/", "id": 23686, "name": "Mobile Suit Gundam: Gundam vs. Gundam Next", "site_detail_url": "https://www.giantbomb.com/mobile-suit-gundam-gundam-vs-gundam-next/3030-23686/"}, {"api_detail_url": "https://www.giantbomb.com/api/game/3030-28190/", "id": 28190, "name": "Mobile Suit Gundam: Gundam vs. Gundam Next Plus", "site_detail_url": "https://www.giantbomb.com/mobile-suit-gundam-gundam-vs-gundam-next-plus/3030-28190/"}, {"api_detail_url": "https://www.giantbomb.com/api/game/3030-30063/", "id": 30063, "name": "Mobile Suit Gundam Extreme VS.", "site_detail_url": "https://www.giantbomb.com/mobile-suit-gundam-extreme-vs/3030-30063/"}, {"api_detail_url": "https://www.giantbomb.com/api/game/3030-45281/", "id": 45281, "name": "Mobile Suit Gundam Extreme VS. Full Boost", "site_detail_url": "https://www.giantbomb.com/mobile-suit-gundam-extreme-vs-full-boost/3030-45281/"}, {"api_detail_url": "https://www.giantbomb.com/api/game/3030-58675/", "id": 58675, "name": "Gundam Versus", "site_detail_url": "https://www.giantbomb.com/gundam-versus/3030-58675/"}, {"api_detail_url": "https://www.giantbomb.com/api/game/3030-73694/", "id": 73694, "name": "Mobile Suit Gundam: Extreme VS. 2", "site_detail_url": "https://www.giantbomb.com/mobile-suit-gundam-extreme-vs-2/3030-73694/"}, {"api_detail_url": "https://www.giantbomb.com/api/game/3030-76823/", "id": 76823, "name": "Mobile Suit Gundam Extreme Vs. Maxi Boost ON", "site_detail_url": "https://www.giantbomb.com/mobile-suit-gundam-extreme-vs-maxi-boost-on/3030-76823/"}]}, "version": "1.0"}