{"error": "OK", "limit": 1, "offset": 0, "number_of_page_results": 1, "number_of_total_results": 1, "status_code": 1, "results": {"games": [{"api_detail_url": "https://www.giantbomb.com/api/game/3030-4866/", "id": 4866, "name": "Hearts of Iron II", "site_detail_url": "https://www.giantbomb.com/hearts-of-iron-ii/3030-4866/"}, {"api_detail_url": "https://www.giantbomb.com/api/game/3030-5829/", "id": 5829, "name": "Hearts of Iron Anthology", "site_detail_url": "https://www.giantbomb.com/hearts-of-iron-anthology/3030-5829/"}, {"api_detail_url": "https://www.giantbomb.com/api/game/3030-8349/", "id": 8349, "name": "Hearts of Iron", "site_detail_url": "https://www.giantbomb.com/hearts-of-iron/3030-8349/"}, {"api_detail_url": "https://www.giantbomb.com/api/game/3030-8078/", "id": 8078, "name": "Hearts of Iron II: Doomsday", "site_detail_url": "https://www.giantbomb.com/hearts-of-iron-ii-doomsday/3030-8078/"}, {"api_detail_url": "https://www.giantbomb.com/api/game/3030-13613/", "id": 13613, "name": "Hearts of Iron II: Doomsday - Armageddon", "site_detail_url": "https://www.giantbomb.com/hearts-of-iron-ii-doomsday-armageddon/3030-13613/"}, {"api_detail_url": "https://www.giantbomb.com/api/game/3030-23460/", "id": 23460, "name": "Hearts of Iron III", "site_detail_url": "https://www.giantbomb.com/hearts-of-iron-iii/3030-23460/"}, {"api_detail_url": "https://www.giantbomb.com/api/game/3030-31929/", "id": 31929, "name": "Hearts of Iron III: Semper Fi", "site_detail_url": "https://www.giantbomb.com/hearts-of-iron-iii-semper-fi/3030-31929/"}, {"api_detail_url": "https://www.giantbomb.com/api/game/3030-34698/", "id": 34698, "name": "Darkest Hour: A Hearts of Iron Game", "site_detail_url": "https://www.giantbomb.com/darkest-hour-a-hearts-of-iron-game/3030-34698/"}, {"api_detail_url": "https://www.giantbomb.com/api/game/3030-34881/", "id": 34881, "name": "Hearts of Iron III: For the Motherland", "site_detail_url": "https://www.giantbomb.com/hearts-of-iron-iii-for-the-motherland/3030-34881/"}, {"api_detail_url": "https://www.giantbomb.com/api/game/3030-38761/", "id": 38761, "name": "Hearts of Iron: Road to War", "site_detail_url": "https://www.giantbomb.com/hearts-of-iron-road-to-war/3030-38761/"}, {"api_detail_url": "https://www.giantbomb.com/api/game/3030-45214/", "id": 45214, "name": "Hearts of Iron IV", "site_detail_url": "https://www.giantbomb.com/hearts-of-iron-iv/3030-45214/"}]}, "version": "1.0"}