{"error": "OK", "limit": 1, "offset": 0, "number_of_page_results": 1, "number_of_total_results": 1, "status_code": 1, "results": {"games": [{"api_detail_url": "https://www.giantbomb.com/api/game/3030-17905/", "id": 17905, "name": "PoPoLoCrois", "site_detail_url": "https://www.giantbomb.com/popolocrois/3030-17905/"}, {"api_detail_url": "https://www.giantbomb.com/api/game/3030-25803/", "id": 25803, "name": "PoPoRoGue", "site_detail_url": "https://www.giantbomb.com/poporogue/3030-25803/"}, {"api_detail_url": "https://www.giantbomb.com/api/game/3030-25804/", "id": 25804, "name": "PoPoLoCrois: A New Adventure", "site_detail_url": "https://www.giantbomb.com/popolocrois-a-new-adventure/3030-25804/"}, {"api_detail_url": "https://www.giantbomb.com/api/game/3030-34771/", "id": 34771, "name": "PoPoLoCrois: Tsuki no Okite no Bouken", "site_detail_url": "https://www.giantbomb.com/popolocrois-tsuki-no-okite-no-bouken/3030-34771/"}, {"api_detail_url": "https://www.giantbomb.com/api/game/3030-43519/", "id": 43519, "name": "PoPoLoCrois Monogatari", "site_detail_url": "https://www.giantbomb.com/popolocrois-monogatari/3030-43519/"}, {"api_detail_url": "https://www.giantbomb.com/api/game/3030-43520/", "id": 43520, "name": "PoPoLoCrois Monogatari II", "site_detail_url": "https://www.giantbomb.com/popolocrois-monogatari-ii/3030-43520/"}, {"api_detail_url": "https://www.giantbomb.com/api/game/3030-47759/", "id": 47759, "name": "Return to PopoloCrois: A Story of Seasons Fairytale", "site_detail_url": "https://www.giantbomb.com/return-to-popolocrois-a-story-of-seasons-fairytale/3030-47759/"}, {"api_detail_url": "https://www.giantbomb.com/api/game/3030-63511/", "id": 63511, "name": "PoPoLoCrois Monogatari: Narcia no Namida to Yousei no Fue", "site_detail_url": "https://www.giantbomb.com/popolocrois-monogatari-narcia-no-namida-to-yousei-/3030-63511/"}]}, "version": "1.0"}