{"error": "OK", "limit": 1, "offset": 0, "number_of_page_results": 1, "number_of_total_results": 1, "status_code": 1, "results": {"games": [{"api_detail_url": "https://www.giantbomb.com/api/game/3030-14533/", "id": 14533, "name": "Miner 2049er", "site_detail_url": "https://www.giantbomb.com/miner-2049er/3030-14533/"}, {"api_detail_url": "https://www.giantbomb.com/api/game/3030-90/", "id": 90, "name": "Miner 2049er Volume II", "site_detail_url": "https://www.giantbomb.com/miner-2049er-volume-ii/3030-90/"}, {"api_detail_url": "https://www.giantbomb.com/api/game/3030-5532/", "id": 5532, "name": "Bounty Bob Strikes Back!", "site_detail_url": "https://www.giantbomb.com/bounty-bob-strikes-back/3030-5532/"}, {"api_detail_url": "https://www.giantbomb.com/api/game/3030-51545/", "id": 51545, "name": "Miner 2049er II", "site_detail_url": "https://www.giantbomb.com/miner-2049er-ii/3030-51545/"}]}, "version": "1.0"}