{"error": "OK", "limit": 1, "offset": 0, "number_of_page_results": 1, "number_of_total_results": 1, "status_code": 1, "results": {"games": [{"api_detail_url": "https://www.giantbomb.com/api/game/3030-27097/", "id": 27097, "name": "Horse Racing Manager", "site_detail_url": "https://www.giantbomb.com/horse-racing-manager/3030-27097/"}, {"api_detail_url": "https://www.giantbomb.com/api/game/3030-27098/", "id": 27098, "name": "Horse Racing Manager 2", "site_detail_url": "https://www.giantbomb.com/horse-racing-manager-2/3030-27098/"}]}, "version": "1.0"}