{"error": "OK", "limit": 1, "offset": 0, "number_of_page_results": 1, "number_of_total_results": 1, "status_code": 1, "results": {"games": [{"api_detail_url": "https://www.giantbomb.com/api/game/3030-489/", "id": 489, "name": "ClayFighter", "site_detail_url": "https://www.giantbomb.com/clayfighter/3030-489/"}, {"api_detail_url": "https://www.giantbomb.com/api/game/3030-18423/", "id": 18423, "name": "ClayFighter 2: Judgment Clay", "site_detail_url": "https://www.giantbomb.com/clayfighter-2-judgment-clay/3030-18423/"}, {"api_detail_url": "https://www.giantbomb.com/api/game/3030-16199/", "id": 16199, "name": "ClayFighter: Tournament Edition", "site_detail_url": "https://www.giantbomb.com/clayfighter-tournament-edition/3030-16199/"}, {"api_detail_url": "https://www.giantbomb.com/api/game/3030-3185/", "id": 3185, "name": "ClayFighter 63 1/3", "site_detail_url": "https://www.giantbomb.com/clayfighter-63-13/3030-3185/"}, {"api_detail_url": "https://www.giantbomb.com/api/game/3030-18019/", "id": 18019, "name": "ClayFighter: Sculptor's Cut", "site_detail_url": "https://www.giantbomb.com/clayfighter-sculptors-cut/3030-18019/"}, {"api_detail_url": "https://www.giantbomb.com/api/game/3030-49030/", "id": 49030, "name": "ClayFighter Remastered (working title)", "site_detail_url": "https://www.giantbomb.com/clayfighter-remastered-working-title/3030-49030/"}, {"api_detail_url": "https://www.giantbomb.com/api/game/3030-72911/", "id": 72911, "name": "ClayFighter: Call of Putty", "site_detail_url": "https://www.giantbomb.com/clayfighter-call-of-putty/3030-72911/"}]}, "version": "1.0"}