{"error": "OK", "limit": 1, "offset": 0, "number_of_page_results": 1, "number_of_total_results": 1, "status_code": 1, "results": {"games": [{"api_detail_url": "https://www.giantbomb.com/api/game/3030-20558/", "id": 20558, "name": "Petz: Catz 2", "site_detail_url": "https://www.giantbomb.com/petz-catz-2/3030-20558/"}, {"api_detail_url": "https://www.giantbomb.com/api/game/3030-20559/", "id": 20559, "name": "Petz: Dogz 2", "site_detail_url": "https://www.giantbomb.com/petz-dogz-2/3030-20559/"}, {"api_detail_url": "https://www.giantbomb.com/api/game/3030-20560/", "id": 20560, "name": "Petz: Hamsterz 2", "site_detail_url": "https://www.giantbomb.com/petz-hamsterz-2/3030-20560/"}, {"api_detail_url": "https://www.giantbomb.com/api/game/3030-24432/", "id": 24432, "name": "Petz Horse Club", "site_detail_url": "https://www.giantbomb.com/petz-horse-club/3030-24432/"}, {"api_detail_url": "https://www.giantbomb.com/api/game/3030-20561/", "id": 20561, "name": "Petz: Horsez 2", "site_detail_url": "https://www.giantbomb.com/petz-horsez-2/3030-20561/"}, {"api_detail_url": "https://www.giantbomb.com/api/game/3030-2316/", "id": 2316, "name": "Dogz", "site_detail_url": "https://www.giantbomb.com/dogz/3030-2316/"}, {"api_detail_url": "https://www.giantbomb.com/api/game/3030-17378/", "id": 17378, "name": "Catz II: Your Virtual Petz", "site_detail_url": "https://www.giantbomb.com/catz-ii-your-virtual-petz/3030-17378/"}, {"api_detail_url": "https://www.giantbomb.com/api/game/3030-13765/", "id": 13765, "name": "Catz: Your Computer Petz", "site_detail_url": "https://www.giantbomb.com/catz-your-computer-petz/3030-13765/"}, {"api_detail_url": "https://www.giantbomb.com/api/game/3030-5932/", "id": 5932, "name": "Dogz 2: Your Virtual Petz", "site_detail_url": "https://www.giantbomb.com/dogz-2-your-virtual-petz/3030-5932/"}, {"api_detail_url": "https://www.giantbomb.com/api/game/3030-24650/", "id": 24650, "name": "Petz Dogz Pack", "site_detail_url": "https://www.giantbomb.com/petz-dogz-pack/3030-24650/"}, {"api_detail_url": "https://www.giantbomb.com/api/game/3030-24655/", "id": 24655, "name": "Petz Crazy Monkeyz", "site_detail_url": "https://www.giantbomb.com/petz-crazy-monkeyz/3030-24655/"}, {"api_detail_url": "https://www.giantbomb.com/api/game/3030-24654/", "id": 24654, "name": "Petz: Monkeyz House", "site_detail_url": "https://www.giantbomb.com/petz-monkeyz-house/3030-24654/"}, {"api_detail_url": "https://www.giantbomb.com/api/game/3030-24822/", "id": 24822, "name": "Petz Rescue Ocean Patrol", "site_detail_url": "https://www.giantbomb.com/petz-rescue-ocean-patrol/3030-24822/"}, {"api_detail_url": "https://www.giantbomb.com/api/game/3030-24823/", "id": 24823, "name": "Petz Rescue Endangered Paradise", "site_detail_url": "https://www.giantbomb.com/petz-rescue-endangered-paradise/3030-24823/"}, {"api_detail_url": "https://www.giantbomb.com/api/game/3030-25023/", "id": 25023, "name": "Petz Sports: Dog Playground", "site_detail_url": "https://www.giantbomb.com/petz-sports-dog-playground/3030-25023/"}, {"api_detail_url": "https://www.giantbomb.com/api/game/3030-25925/", "id": 25925, "name": "Petz Fashion: Dogz and Catz", "site_detail_url": "https://www.giantbomb.com/petz-fashion-dogz-and-catz/3030-25925/"}, {"api_detail_url": "https://www.giantbomb.com/api/game/3030-26851/", "id": 26851, "name": "Petz Pony Beauty Pageant", "site_detail_url": "https://www.giantbomb.com/petz-pony-beauty-pageant/3030-26851/"}, {"api_detail_url": "https://www.giantbomb.com/api/game/3030-27953/", "id": 27953, "name": "Petz: Hamsterz Superstarz", "site_detail_url": "https://www.giantbomb.com/petz-hamsterz-superstarz/3030-27953/"}, {"api_detail_url": "https://www.giantbomb.com/api/game/3030-29052/", "id": 29052, "name": "Petz Dolphinz Encounter", "site_detail_url": "https://www.giantbomb.com/petz-dolphinz-encounter/3030-29052/"}, {"api_detail_url": "https://www.giantbomb.com/api/game/3030-29053/", "id": 29053, "name": "Petz Wild Animals Dolphinz", "site_detail_url": "https://www.giantbomb.com/petz-wild-animals-dolphinz/3030-29053/"}, {"api_detail_url": "https://www.giantbomb.com/api/game/3030-29227/", "id": 29227, "name": "Petz Dogz Talent Show", "site_detail_url": "https://www.giantbomb.com/petz-dogz-talent-show/3030-29227/"}, {"api_detail_url": "https://www.giantbomb.com/api/game/3030-32751/", "id": 32751, "name": "Petz Fantasy: Moonlight Magic", "site_detail_url": "https://www.giantbomb.com/petz-fantasy-moonlight-magic/3030-32751/"}, {"api_detail_url": "https://www.giantbomb.com/api/game/3030-32753/", "id": 32753, "name": "Petz Fantasy: Sunshine Magic", "site_detail_url": "https://www.giantbomb.com/petz-fantasy-sunshine-magic/3030-32753/"}, {"api_detail_url": "https://www.giantbomb.com/api/game/3030-22229/", "id": 22229, "name": "Hamsterz Life", "site_detail_url": "https://www.giantbomb.com/hamsterz-life/3030-22229/"}, {"api_detail_url": "https://www.giantbomb.com/api/game/3030-33405/", "id": 33405, "name": "Petz Bunnyz", "site_detail_url": "https://www.giantbomb.com/petz-bunnyz/3030-33405/"}, {"api_detail_url": "https://www.giantbomb.com/api/game/3030-33435/", "id": 33435, "name": "Petz Catz Clan", "site_detail_url": "https://www.giantbomb.com/petz-catz-clan/3030-33435/"}, {"api_detail_url": "https://www.giantbomb.com/api/game/3030-32522/", "id": 32522, "name": "Petz: Saddle Club", "site_detail_url": "https://www.giantbomb.com/petz-saddle-club/3030-32522/"}, {"api_detail_url": "https://www.giantbomb.com/api/game/3030-35431/", "id": 35431, "name": "Petz Fantasy 3D", "site_detail_url": "https://www.giantbomb.com/petz-fantasy-3d/3030-35431/"}, {"api_detail_url": "https://www.giantbomb.com/api/game/3030-8820/", "id": 8820, "name": "Oddballz: Your Wacky Computer Petz", "site_detail_url": "https://www.giantbomb.com/oddballz-your-wacky-computer-petz/3030-8820/"}, {"api_detail_url": "https://www.giantbomb.com/api/game/3030-6000/", "id": 6000, "name": "Dogz: Your Computer Pet", "site_detail_url": "https://www.giantbomb.com/dogz-your-computer-pet/3030-6000/"}, {"api_detail_url": "https://www.giantbomb.com/api/game/3030-44731/", "id": 44731, "name": "Petz: My Puppy Family", "site_detail_url": "https://www.giantbomb.com/petz-my-puppy-family/3030-44731/"}, {"api_detail_url": "https://www.giantbomb.com/api/game/3030-44732/", "id": 44732, "name": "Petz: My Baby Hamster", "site_detail_url": "https://www.giantbomb.com/petz-my-baby-hamster/3030-44732/"}, {"api_detail_url": "https://www.giantbomb.com/api/game/3030-47655/", "id": 47655, "name": "Petz Beach", "site_detail_url": "https://www.giantbomb.com/petz-beach/3030-47655/"}, {"api_detail_url": "https://www.giantbomb.com/api/game/3030-10273/", "id": 10273, "name": "Catz 5", "site_detail_url": "https://www.giantbomb.com/catz-5/3030-10273/"}, {"api_detail_url": "https://www.giantbomb.com/api/game/3030-45119/", "id": 45119, "name": "Catz", "site_detail_url": "https://www.giantbomb.com/catz/3030-45119/"}, {"api_detail_url": "https://www.giantbomb.com/api/game/3030-38496/", "id": 38496, "name": "Catz", "site_detail_url": "https://www.giantbomb.com/catz/3030-38496/"}, {"api_detail_url": "https://www.giantbomb.com/api/game/3030-85670/", "id": 85670, "name": "Petz Countryside", "site_detail_url": "https://www.giantbomb.com/petz-countryside/3030-85670/"}, {"api_detail_url": "https://www.giantbomb.com/api/game/3030-85680/", "id": 85680, "name": "Dogz Fashion", "site_detail_url": "https://www.giantbomb.com/dogz-fashion/3030-85680/"}, {"api_detail_url": "https://www.giantbomb.com/api/game/3030-30069/", "id": 30069, "name": "Horsez", "site_detail_url": "https://www.giantbomb.com/horsez/3030-30069/"}, {"api_detail_url": "https://www.giantbomb.com/api/game/3030-45088/", "id": 45088, "name": "Dogz 2", "site_detail_url": "https://www.giantbomb.com/dogz-2/3030-45088/"}, {"api_detail_url": "https://www.giantbomb.com/api/game/3030-87258/", "id": 87258, "name": "Horsez", "site_detail_url": "https://www.giantbomb.com/horsez/3030-87258/"}, {"api_detail_url": "https://www.giantbomb.com/api/game/3030-87260/", "id": 87260, "name": "Petz: Horseshoe Ranch", "site_detail_url": "https://www.giantbomb.com/petz-horseshoe-ranch/3030-87260/"}]}, "version": "1.0"}