{"error": "OK", "limit": 1, "offset": 0, "number_of_page_results": 1, "number_of_total_results": 1, "status_code": 1, "results": {"games": [{"api_detail_url": "https://www.giantbomb.com/api/game/3030-8694/", "id": 8694, "name": "The Sopranos: Road to Respect", "site_detail_url": "https://www.giantbomb.com/the-sopranos-road-to-respect/3030-8694/"}, {"api_detail_url": "https://www.giantbomb.com/api/game/3030-27381/", "id": 27381, "name": "The Sopranos", "site_detail_url": "https://www.giantbomb.com/the-sopranos/3030-27381/"}, {"api_detail_url": "https://www.giantbomb.com/api/game/3030-55151/", "id": 55151, "name": "The Sopranos Poker", "site_detail_url": "https://www.giantbomb.com/the-sopranos-poker/3030-55151/"}]}, "version": "1.0"}