{"error": "OK", "limit": 1, "offset": 0, "number_of_page_results": 1, "number_of_total_results": 1, "status_code": 1, "results": {"games": [{"api_detail_url": "https://www.giantbomb.com/api/game/3030-25776/", "id": 25776, "name": "Acceleration of SUGURI", "site_detail_url": "https://www.giantbomb.com/acceleration-of-suguri/3030-25776/"}, {"api_detail_url": "https://www.giantbomb.com/api/game/3030-25779/", "id": 25779, "name": "SUGURI Perfect Edition", "site_detail_url": "https://www.giantbomb.com/suguri-perfect-edition/3030-25779/"}, {"api_detail_url": "https://www.giantbomb.com/api/game/3030-25780/", "id": 25780, "name": "SUGURI", "site_detail_url": "https://www.giantbomb.com/suguri/3030-25780/"}, {"api_detail_url": "https://www.giantbomb.com/api/game/3030-37241/", "id": 37241, "name": "Acceleration Of SUGURI 2", "site_detail_url": "https://www.giantbomb.com/acceleration-of-suguri-2/3030-37241/"}]}, "version": "1.0"}