{"error": "OK", "limit": 1, "offset": 0, "number_of_page_results": 1, "number_of_total_results": 1, "status_code": 1, "results": {"games": [{"api_detail_url": "https://www.giantbomb.com/api/game/3030-21638/", "id": 21638, "name": "Itadaki Street Special", "site_detail_url": "https://www.giantbomb.com/itadaki-street-special/3030-21638/"}, {"api_detail_url": "https://www.giantbomb.com/api/game/3030-24044/", "id": 24044, "name": "Itadaki Street DS", "site_detail_url": "https://www.giantbomb.com/itadaki-street-ds/3030-24044/"}, {"api_detail_url": "https://www.giantbomb.com/api/game/3030-25496/", "id": 25496, "name": "Itadaki Street: Watashi no Omise ni Yottette", "site_detail_url": "https://www.giantbomb.com/itadaki-street-watashi-no-omise-ni-yottette/3030-25496/"}, {"api_detail_url": "https://www.giantbomb.com/api/game/3030-25497/", "id": 25497, "name": "Itadaki Street Portable", "site_detail_url": "https://www.giantbomb.com/itadaki-street-portable/3030-25497/"}, {"api_detail_url": "https://www.giantbomb.com/api/game/3030-25498/", "id": 25498, "name": "Itadaki Street 2: Neon Sign wa Bara Iro ni", "site_detail_url": "https://www.giantbomb.com/itadaki-street-2-neon-sign-wa-bara-iro-ni/3030-25498/"}, {"api_detail_url": "https://www.giantbomb.com/api/game/3030-35610/", "id": 35610, "name": "Fortune Street", "site_detail_url": "https://www.giantbomb.com/fortune-street/3030-35610/"}, {"api_detail_url": "https://www.giantbomb.com/api/game/3030-40247/", "id": 40247, "name": "Fortune Street Smart", "site_detail_url": "https://www.giantbomb.com/fortune-street-smart/3030-40247/"}, {"api_detail_url": "https://www.giantbomb.com/api/game/3030-49196/", "id": 49196, "name": "Itadaki Street: Gorgeous King", "site_detail_url": "https://www.giantbomb.com/itadaki-street-gorgeous-king/3030-49196/"}, {"api_detail_url": "https://www.giantbomb.com/api/game/3030-49197/", "id": 49197, "name": "Itadaki Street 3", "site_detail_url": "https://www.giantbomb.com/itadaki-street-3/3030-49197/"}, {"api_detail_url": "https://www.giantbomb.com/api/game/3030-55470/", "id": 55470, "name": "Itadaki Street: Dragon Quest & Final Fantasy 30th Anniversary", "site_detail_url": "https://www.giantbomb.com/itadaki-street-dragon-quest-final-fantasy-30th-ann/3030-55470/"}]}, "version": "1.0"}