{"error": "OK", "limit": 1, "offset": 0, "number_of_page_results": 1, "number_of_total_results": 1, "status_code": 1, "results": {"games": [{"api_detail_url": "https://www.giantbomb.com/api/game/3030-11345/", "id": 11345, "name": "Depths of Peril", "site_detail_url": "https://www.giantbomb.com/depths-of-peril/3030-11345/"}, {"api_detail_url": "https://www.giantbomb.com/api/game/3030-24116/", "id": 24116, "name": "Kivi's Underworld", "site_detail_url": "https://www.giantbomb.com/kivis-underworld/3030-24116/"}, {"api_detail_url": "https://www.giantbomb.com/api/game/3030-29172/", "id": 29172, "name": "Din's Curse", "site_detail_url": "https://www.giantbomb.com/dins-curse/3030-29172/"}]}, "version": "1.0"}