{"error": "OK", "limit": 1, "offset": 0, "number_of_page_results": 1, "number_of_total_results": 1, "status_code": 1, "results": {"games": [{"api_detail_url": "https://www.giantbomb.com/api/game/3030-23232/", "id": 23232, "name": "TV Show King", "site_detail_url": "https://www.giantbomb.com/tv-show-king/3030-23232/"}, {"api_detail_url": "https://www.giantbomb.com/api/game/3030-24627/", "id": 24627, "name": "TV Show King Party", "site_detail_url": "https://www.giantbomb.com/tv-show-king-party/3030-24627/"}, {"api_detail_url": "https://www.giantbomb.com/api/game/3030-29516/", "id": 29516, "name": "TV Show King 2", "site_detail_url": "https://www.giantbomb.com/tv-show-king-2/3030-29516/"}]}, "version": "1.0"}