{"error": "OK", "limit": 1, "offset": 0, "number_of_page_results": 1, "number_of_total_results": 1, "status_code": 1, "results": {"games": [{"api_detail_url": "https://www.giantbomb.com/api/game/3030-13538/", "id": 13538, "name": "Rapala Pro Fishing", "site_detail_url": "https://www.giantbomb.com/rapala-pro-fishing/3030-13538/"}, {"api_detail_url": "https://www.giantbomb.com/api/game/3030-22688/", "id": 22688, "name": "Rapala Tournament Fishing", "site_detail_url": "https://www.giantbomb.com/rapala-tournament-fishing/3030-22688/"}, {"api_detail_url": "https://www.giantbomb.com/api/game/3030-24477/", "id": 24477, "name": "Rapala's Fishing Frenzy", "site_detail_url": "https://www.giantbomb.com/rapalas-fishing-frenzy/3030-24477/"}, {"api_detail_url": "https://www.giantbomb.com/api/game/3030-24478/", "id": 24478, "name": "Rapala Fishing Frenzy 2009", "site_detail_url": "https://www.giantbomb.com/rapala-fishing-frenzy-2009/3030-24478/"}, {"api_detail_url": "https://www.giantbomb.com/api/game/3030-24476/", "id": 24476, "name": "Rapala Trophies", "site_detail_url": "https://www.giantbomb.com/rapala-trophies/3030-24476/"}, {"api_detail_url": "https://www.giantbomb.com/api/game/3030-32312/", "id": 32312, "name": "Rapala Pro Bass Fishing", "site_detail_url": "https://www.giantbomb.com/rapala-pro-bass-fishing/3030-32312/"}, {"api_detail_url": "https://www.giantbomb.com/api/game/3030-36718/", "id": 36718, "name": "Rapala for Kinect", "site_detail_url": "https://www.giantbomb.com/rapala-for-kinect/3030-36718/"}, {"api_detail_url": "https://www.giantbomb.com/api/game/3030-83517/", "id": 83517, "name": "Rapala Fishing: Pro Series", "site_detail_url": "https://www.giantbomb.com/rapala-fishing-pro-series/3030-83517/"}, {"api_detail_url": "https://www.giantbomb.com/api/game/3030-28010/", "id": 28010, "name": "Rapala: We Fish", "site_detail_url": "https://www.giantbomb.com/rapala-we-fish/3030-28010/"}]}, "version": "1.0"}