{"error": "OK", "limit": 1, "offset": 0, "number_of_page_results": 1, "number_of_total_results": 1, "status_code": 1, "results": {"games": [{"api_detail_url": "https://www.giantbomb.com/api/game/3030-20945/", "id": 20945, "name": "Brave: A Warrior's Tale", "site_detail_url": "https://www.giantbomb.com/brave-a-warriors-tale/3030-20945/"}, {"api_detail_url": "https://www.giantbomb.com/api/game/3030-5731/", "id": 5731, "name": "Brave: The Search for Spirit Dancer", "site_detail_url": "https://www.giantbomb.com/brave-the-search-for-spirit-dancer/3030-5731/"}, {"api_detail_url": "https://www.giantbomb.com/api/game/3030-21045/", "id": 21045, "name": "Brave: Shaman\u2019s Challenge", "site_detail_url": "https://www.giantbomb.com/brave-shamans-challenge/3030-21045/"}]}, "version": "1.0"}