{"error": "OK", "limit": 1, "offset": 0, "number_of_page_results": 1, "number_of_total_results": 1, "status_code": 1, "results": {"games": [{"api_detail_url": "https://www.giantbomb.com/api/game/3030-16334/", "id": 16334, "name": "Do You Like Horny Bunnies?", "site_detail_url": "https://www.giantbomb.com/do-you-like-horny-bunnies/3030-16334/"}, {"api_detail_url": "https://www.giantbomb.com/api/game/3030-2907/", "id": 2907, "name": "Do You Like Horny Bunnies? 2", "site_detail_url": "https://www.giantbomb.com/do-you-like-horny-bunnies-2/3030-2907/"}]}, "version": "1.0"}