{"error": "OK", "limit": 1, "offset": 0, "number_of_page_results": 1, "number_of_total_results": 1, "status_code": 1, "results": {"games": [{"api_detail_url": "https://www.giantbomb.com/api/game/3030-18440/", "id": 18440, "name": "Feeding Frenzy", "site_detail_url": "https://www.giantbomb.com/feeding-frenzy/3030-18440/"}, {"api_detail_url": "https://www.giantbomb.com/api/game/3030-2334/", "id": 2334, "name": "Feeding Frenzy 2: Shipwreck Showdown", "site_detail_url": "https://www.giantbomb.com/feeding-frenzy-2-shipwreck-showdown/3030-2334/"}]}, "version": "1.0"}