{"error": "OK", "limit": 1, "offset": 0, "number_of_page_results": 1, "number_of_total_results": 1, "status_code": 1, "results": {"games": [{"api_detail_url": "https://www.giantbomb.com/api/game/3030-5624/", "id": 5624, "name": "Dominions 2: The Ascension Wars", "site_detail_url": "https://www.giantbomb.com/dominions-2-the-ascension-wars/3030-5624/"}, {"api_detail_url": "https://www.giantbomb.com/api/game/3030-9446/", "id": 9446, "name": "Dominions 3: The Awakening", "site_detail_url": "https://www.giantbomb.com/dominions-3-the-awakening/3030-9446/"}, {"api_detail_url": "https://www.giantbomb.com/api/game/3030-24522/", "id": 24522, "name": "Dominions: Priests, Prophets, and Pretenders", "site_detail_url": "https://www.giantbomb.com/dominions-priests-prophets-and-pretenders/3030-24522/"}, {"api_detail_url": "https://www.giantbomb.com/api/game/3030-45211/", "id": 45211, "name": "Dominions 4: Thrones of Ascension", "site_detail_url": "https://www.giantbomb.com/dominions-4-thrones-of-ascension/3030-45211/"}, {"api_detail_url": "https://www.giantbomb.com/api/game/3030-62939/", "id": 62939, "name": "Dominions 5: Warriors of the Faith", "site_detail_url": "https://www.giantbomb.com/dominions-5-warriors-of-the-faith/3030-62939/"}]}, "version": "1.0"}