{"error": "OK", "limit": 1, "offset": 0, "number_of_page_results": 1, "number_of_total_results": 1, "status_code": 1, "results": {"games": [{"api_detail_url": "https://www.giantbomb.com/api/game/3030-25342/", "id": 25342, "name": "Pro Yakyuu Team o Tsukurou! 2", "site_detail_url": "https://www.giantbomb.com/pro-yakyuu-team-o-tsukurou-2/3030-25342/"}, {"api_detail_url": "https://www.giantbomb.com/api/game/3030-25344/", "id": 25344, "name": "Pro Yakyuu Team o Tsukurou!", "site_detail_url": "https://www.giantbomb.com/pro-yakyuu-team-o-tsukurou/3030-25344/"}, {"api_detail_url": "https://www.giantbomb.com/api/game/3030-73426/", "id": 73426, "name": "Pro Yakyuu Team o Tsukurou!", "site_detail_url": "https://www.giantbomb.com/pro-yakyuu-team-o-tsukurou/3030-73426/"}, {"api_detail_url": "https://www.giantbomb.com/api/game/3030-73427/", "id": 73427, "name": "Motto Pro Yaky\u016b Team o Tsukurou", "site_detail_url": "https://www.giantbomb.com/motto-pro-yakyu-team-o-tsukurou/3030-73427/"}, {"api_detail_url": "https://www.giantbomb.com/api/game/3030-73430/", "id": 73430, "name": "Pro Yaky\u016b Team o Tsukurou! Advance", "site_detail_url": "https://www.giantbomb.com/pro-yakyu-team-o-tsukurou-advance/3030-73430/"}, {"api_detail_url": "https://www.giantbomb.com/api/game/3030-73431/", "id": 73431, "name": "Pro Yaky\u016b Team o Tsukurou! 2 ", "site_detail_url": "https://www.giantbomb.com/pro-yakyu-team-o-tsukurou-2/3030-73431/"}, {"api_detail_url": "https://www.giantbomb.com/api/game/3030-73435/", "id": 73435, "name": "Pro Yaky\u016b Team o Tsukurou! 2003", "site_detail_url": "https://www.giantbomb.com/pro-yakyu-team-o-tsukurou-2003/3030-73435/"}, {"api_detail_url": "https://www.giantbomb.com/api/game/3030-73438/", "id": 73438, "name": "Pro Yaky\u016b Team o Tsukurou! 3", "site_detail_url": "https://www.giantbomb.com/pro-yakyu-team-o-tsukurou-3/3030-73438/"}]}, "version": "1.0"}