{"error": "OK", "limit": 1, "offset": 0, "number_of_page_results": 1, "number_of_total_results": 1, "status_code": 1, "results": {"games": [{"api_detail_url": "https://www.giantbomb.com/api/game/3030-20469/", "id": 20469, "name": "TNA iMPACT!", "site_detail_url": "https://www.giantbomb.com/tna-impact/3030-20469/"}, {"api_detail_url": "https://www.giantbomb.com/api/game/3030-29222/", "id": 29222, "name": "TNA iMPACT: Cross the Line", "site_detail_url": "https://www.giantbomb.com/tna-impact-cross-the-line/3030-29222/"}, {"api_detail_url": "https://www.giantbomb.com/api/game/3030-25903/", "id": 25903, "name": "TNA Wrestling", "site_detail_url": "https://www.giantbomb.com/tna-wrestling/3030-25903/"}, {"api_detail_url": "https://www.giantbomb.com/api/game/3030-38243/", "id": 38243, "name": "TNA Wrestling iMPACT!", "site_detail_url": "https://www.giantbomb.com/tna-wrestling-impact/3030-38243/"}]}, "version": "1.0"}