{"error": "OK", "limit": 1, "offset": 0, "number_of_page_results": 1, "number_of_total_results": 1, "status_code": 1, "results": {"games": [{"api_detail_url": "https://www.giantbomb.com/api/game/3030-232/", "id": 232, "name": "X-Men: The Official Game", "site_detail_url": "https://www.giantbomb.com/x-men-the-official-game/3030-232/"}, {"api_detail_url": "https://www.giantbomb.com/api/game/3030-458/", "id": 458, "name": "X-Men: Wolverine's Rage", "site_detail_url": "https://www.giantbomb.com/x-men-wolverines-rage/3030-458/"}, {"api_detail_url": "https://www.giantbomb.com/api/game/3030-3965/", "id": 3965, "name": "X-Men: Mutant Academy 2", "site_detail_url": "https://www.giantbomb.com/x-men-mutant-academy-2/3030-3965/"}, {"api_detail_url": "https://www.giantbomb.com/api/game/3030-4324/", "id": 4324, "name": "X-Men: The Ravages of Apocalypse", "site_detail_url": "https://www.giantbomb.com/x-men-the-ravages-of-apocalypse/3030-4324/"}, {"api_detail_url": "https://www.giantbomb.com/api/game/3030-4477/", "id": 4477, "name": "X-Men II: The Fall of the Mutants", "site_detail_url": "https://www.giantbomb.com/x-men-ii-the-fall-of-the-mutants/3030-4477/"}, {"api_detail_url": "https://www.giantbomb.com/api/game/3030-5428/", "id": 5428, "name": "X-Men", "site_detail_url": "https://www.giantbomb.com/x-men/3030-5428/"}, {"api_detail_url": "https://www.giantbomb.com/api/game/3030-5981/", "id": 5981, "name": "X-Men: Mutant Apocalypse", "site_detail_url": "https://www.giantbomb.com/x-men-mutant-apocalypse/3030-5981/"}, {"api_detail_url": "https://www.giantbomb.com/api/game/3030-6206/", "id": 6206, "name": "X-Men: Reign of Apocalypse", "site_detail_url": "https://www.giantbomb.com/x-men-reign-of-apocalypse/3030-6206/"}, {"api_detail_url": "https://www.giantbomb.com/api/game/3030-7150/", "id": 7150, "name": "X-Men: Madness in Murderworld", "site_detail_url": "https://www.giantbomb.com/x-men-madness-in-murderworld/3030-7150/"}, {"api_detail_url": "https://www.giantbomb.com/api/game/3030-7676/", "id": 7676, "name": "X-Men: Legends II - Rise of Apocalypse", "site_detail_url": "https://www.giantbomb.com/x-men-legends-ii-rise-of-apocalypse/3030-7676/"}, {"api_detail_url": "https://www.giantbomb.com/api/game/3030-10126/", "id": 10126, "name": "X-Men: Next Dimension", "site_detail_url": "https://www.giantbomb.com/x-men-next-dimension/3030-10126/"}, {"api_detail_url": "https://www.giantbomb.com/api/game/3030-10574/", "id": 10574, "name": "X-Men: Children of the Atom", "site_detail_url": "https://www.giantbomb.com/x-men-children-of-the-atom/3030-10574/"}, {"api_detail_url": "https://www.giantbomb.com/api/game/3030-11156/", "id": 11156, "name": "X-Men vs. Street Fighter", "site_detail_url": "https://www.giantbomb.com/x-men-vs-street-fighter/3030-11156/"}, {"api_detail_url": "https://www.giantbomb.com/api/game/3030-11564/", "id": 11564, "name": "X-Men 2: Clone Wars", "site_detail_url": "https://www.giantbomb.com/x-men-2-clone-wars/3030-11564/"}, {"api_detail_url": "https://www.giantbomb.com/api/game/3030-12288/", "id": 12288, "name": "X-Men: Mutant Wars", "site_detail_url": "https://www.giantbomb.com/x-men-mutant-wars/3030-12288/"}, {"api_detail_url": "https://www.giantbomb.com/api/game/3030-13087/", "id": 13087, "name": "X-Men: Legends", "site_detail_url": "https://www.giantbomb.com/x-men-legends/3030-13087/"}, {"api_detail_url": "https://www.giantbomb.com/api/game/3030-15044/", "id": 15044, "name": "X-Men: Mutant Academy", "site_detail_url": "https://www.giantbomb.com/x-men-mutant-academy/3030-15044/"}, {"api_detail_url": "https://www.giantbomb.com/api/game/3030-16994/", "id": 16994, "name": "X-Men: Mojo World", "site_detail_url": "https://www.giantbomb.com/x-men-mojo-world/3030-16994/"}, {"api_detail_url": "https://www.giantbomb.com/api/game/3030-12002/", "id": 12002, "name": "Wolverine: Adamantium Rage", "site_detail_url": "https://www.giantbomb.com/wolverine-adamantium-rage/3030-12002/"}, {"api_detail_url": "https://www.giantbomb.com/api/game/3030-22276/", "id": 22276, "name": "X-Men", "site_detail_url": "https://www.giantbomb.com/x-men/3030-22276/"}, {"api_detail_url": "https://www.giantbomb.com/api/game/3030-24747/", "id": 24747, "name": "X-Men Origins: Wolverine", "site_detail_url": "https://www.giantbomb.com/x-men-origins-wolverine/3030-24747/"}, {"api_detail_url": "https://www.giantbomb.com/api/game/3030-24897/", "id": 24897, "name": "X-Men", "site_detail_url": "https://www.giantbomb.com/x-men/3030-24897/"}, {"api_detail_url": "https://www.giantbomb.com/api/game/3030-2424/", "id": 2424, "name": "The Uncanny X-Men", "site_detail_url": "https://www.giantbomb.com/the-uncanny-x-men/3030-2424/"}, {"api_detail_url": "https://www.giantbomb.com/api/game/3030-32853/", "id": 32853, "name": "X-Men: Destiny", "site_detail_url": "https://www.giantbomb.com/x-men-destiny/3030-32853/"}, {"api_detail_url": "https://www.giantbomb.com/api/game/3030-29090/", "id": 29090, "name": "X-Men: GamesMaster's Legacy", "site_detail_url": "https://www.giantbomb.com/x-men-gamesmasters-legacy/3030-29090/"}, {"api_detail_url": "https://www.giantbomb.com/api/game/3030-38296/", "id": 38296, "name": "Wolverine and the X-Men", "site_detail_url": "https://www.giantbomb.com/wolverine-and-the-x-men/3030-38296/"}, {"api_detail_url": "https://www.giantbomb.com/api/game/3030-38595/", "id": 38595, "name": "X-Men", "site_detail_url": "https://www.giantbomb.com/x-men/3030-38595/"}, {"api_detail_url": "https://www.giantbomb.com/api/game/3030-10085/", "id": 10085, "name": "Spider-Man and the X-Men: Arcade's Revenge", "site_detail_url": "https://www.giantbomb.com/spider-man-and-the-x-men-arcades-revenge/3030-10085/"}, {"api_detail_url": "https://www.giantbomb.com/api/game/3030-44191/", "id": 44191, "name": "X-Men: Battle of the Atom", "site_detail_url": "https://www.giantbomb.com/xmen-battle-of-the-atom/3030-44191/"}, {"api_detail_url": "https://www.giantbomb.com/api/game/3030-45544/", "id": 45544, "name": "The Uncanny X-Men: Days of the Future Past", "site_detail_url": "https://www.giantbomb.com/the-uncanny-xmen-days-of-the-future-past/3030-45544/"}, {"api_detail_url": "https://www.giantbomb.com/api/game/3030-2113/", "id": 2113, "name": "X2: Wolverine's Revenge", "site_detail_url": "https://www.giantbomb.com/x2-wolverines-revenge/3030-2113/"}, {"api_detail_url": "https://www.giantbomb.com/api/game/3030-74288/", "id": 74288, "name": "X-Men Cartoon Maker", "site_detail_url": "https://www.giantbomb.com/x-men-cartoon-maker/3030-74288/"}]}, "version": "1.0"}