{"error": "OK", "limit": 1, "offset": 0, "number_of_page_results": 1, "number_of_total_results": 1, "status_code": 1, "results": {"games": [{"api_detail_url": "https://www.giantbomb.com/api/game/3030-26620/", "id": 26620, "name": "Silver Star Chess", "site_detail_url": "https://www.giantbomb.com/silver-star-chess/3030-26620/"}, {"api_detail_url": "https://www.giantbomb.com/api/game/3030-27180/", "id": 27180, "name": "Silver Star Reversi", "site_detail_url": "https://www.giantbomb.com/silver-star-reversi/3030-27180/"}]}, "version": "1.0"}