{"error": "OK", "limit": 1, "offset": 0, "number_of_page_results": 1, "number_of_total_results": 1, "status_code": 1, "results": {"games": [{"api_detail_url": "https://www.giantbomb.com/api/game/3030-20477/", "id": 20477, "name": "Arcana Heart", "site_detail_url": "https://www.giantbomb.com/arcana-heart/3030-20477/"}, {"api_detail_url": "https://www.giantbomb.com/api/game/3030-22818/", "id": 22818, "name": "Arcana Heart 2", "site_detail_url": "https://www.giantbomb.com/arcana-heart-2/3030-22818/"}, {"api_detail_url": "https://www.giantbomb.com/api/game/3030-29341/", "id": 29341, "name": "Arcana Heart 3", "site_detail_url": "https://www.giantbomb.com/arcana-heart-3/3030-29341/"}, {"api_detail_url": "https://www.giantbomb.com/api/game/3030-47328/", "id": 47328, "name": "Arcana Heart 3: LOVE MAX!!!!!", "site_detail_url": "https://www.giantbomb.com/arcana-heart-3-love-max/3030-47328/"}, {"api_detail_url": "https://www.giantbomb.com/api/game/3030-48678/", "id": 48678, "name": "Arcana Heart 3: LOVE MAX SIX STARS!!!!!!", "site_detail_url": "https://www.giantbomb.com/arcana-heart-3-love-max-six-stars/3030-48678/"}]}, "version": "1.0"}