{"error": "OK", "limit": 1, "offset": 0, "number_of_page_results": 1, "number_of_total_results": 1, "status_code": 1, "results": {"games": [{"api_detail_url": "https://www.giantbomb.com/api/game/3030-1541/", "id": 1541, "name": "Darkstalkers 3", "site_detail_url": "https://www.giantbomb.com/darkstalkers-3/3030-1541/"}, {"api_detail_url": "https://www.giantbomb.com/api/game/3030-6295/", "id": 6295, "name": "Darkstalkers Chronicle: The Chaos Tower", "site_detail_url": "https://www.giantbomb.com/darkstalkers-chronicle-the-chaos-tower/3030-6295/"}, {"api_detail_url": "https://www.giantbomb.com/api/game/3030-16793/", "id": 16793, "name": "Darkstalkers: The Night Warriors", "site_detail_url": "https://www.giantbomb.com/darkstalkers-the-night-warriors/3030-16793/"}, {"api_detail_url": "https://www.giantbomb.com/api/game/3030-9542/", "id": 9542, "name": "Night Warriors: Darkstalkers' Revenge", "site_detail_url": "https://www.giantbomb.com/night-warriors-darkstalkers-revenge/3030-9542/"}, {"api_detail_url": "https://www.giantbomb.com/api/game/3030-6559/", "id": 6559, "name": "Vampire Chronicle For Matching Service", "site_detail_url": "https://www.giantbomb.com/vampire-chronicle-for-matching-service/3030-6559/"}, {"api_detail_url": "https://www.giantbomb.com/api/game/3030-40026/", "id": 40026, "name": "Darkstalkers Resurrection", "site_detail_url": "https://www.giantbomb.com/darkstalkers-resurrection/3030-40026/"}, {"api_detail_url": "https://www.giantbomb.com/api/game/3030-41159/", "id": 41159, "name": "Vampire: Darkstalkers Collection", "site_detail_url": "https://www.giantbomb.com/vampire-darkstalkers-collection/3030-41159/"}, {"api_detail_url": "https://www.giantbomb.com/api/game/3030-43254/", "id": 43254, "name": "Line Drop: Spirit Catcher", "site_detail_url": "https://www.giantbomb.com/line-drop-spirit-catcher/3030-43254/"}]}, "version": "1.0"}