{"error": "OK", "limit": 1, "offset": 0, "number_of_page_results": 1, "number_of_total_results": 1, "status_code": 1, "results": {"games": [{"api_detail_url": "https://www.giantbomb.com/api/game/3030-21529/", "id": 21529, "name": "Aedis Eclipse: Generation of Chaos", "site_detail_url": "https://www.giantbomb.com/aedis-eclipse-generation-of-chaos/3030-21529/"}, {"api_detail_url": "https://www.giantbomb.com/api/game/3030-24990/", "id": 24990, "name": "Generation of Chaos", "site_detail_url": "https://www.giantbomb.com/generation-of-chaos/3030-24990/"}, {"api_detail_url": "https://www.giantbomb.com/api/game/3030-24991/", "id": 24991, "name": "Generation of Chaos", "site_detail_url": "https://www.giantbomb.com/generation-of-chaos/3030-24991/"}, {"api_detail_url": "https://www.giantbomb.com/api/game/3030-40252/", "id": 40252, "name": "Generation of Chaos: Pandora\u2019s Reflection", "site_detail_url": "https://www.giantbomb.com/generation-of-chaos-pandoras-reflection/3030-40252/"}, {"api_detail_url": "https://www.giantbomb.com/api/game/3030-47083/", "id": 47083, "name": "Spectral Vs Generation", "site_detail_url": "https://www.giantbomb.com/spectral-vs-generation/3030-47083/"}, {"api_detail_url": "https://www.giantbomb.com/api/game/3030-47093/", "id": 47093, "name": "Generation of Chaos Next", "site_detail_url": "https://www.giantbomb.com/generation-of-chaos-next/3030-47093/"}, {"api_detail_url": "https://www.giantbomb.com/api/game/3030-47094/", "id": 47094, "name": "Generation of Chaos III", "site_detail_url": "https://www.giantbomb.com/generation-of-chaos-iii/3030-47094/"}, {"api_detail_url": "https://www.giantbomb.com/api/game/3030-47096/", "id": 47096, "name": "Shinten Makai: Generation of Chaos V", "site_detail_url": "https://www.giantbomb.com/shinten-makai-generation-of-chaos-v/3030-47096/"}, {"api_detail_url": "https://www.giantbomb.com/api/game/3030-47097/", "id": 47097, "name": "Generation of Chaos Exceed", "site_detail_url": "https://www.giantbomb.com/generation-of-chaos-exceed/3030-47097/"}, {"api_detail_url": "https://www.giantbomb.com/api/game/3030-47098/", "id": 47098, "name": "Generation of Chaos: Desire", "site_detail_url": "https://www.giantbomb.com/generation-of-chaos-desire/3030-47098/"}]}, "version": "1.0"}