{"error": "OK", "limit": 1, "offset": 0, "number_of_page_results": 1, "number_of_total_results": 1, "status_code": 1, "results": {"games": [{"api_detail_url": "https://www.giantbomb.com/api/game/3030-10837/", "id": 10837, "name": "Bone: Out from Boneville", "site_detail_url": "https://www.giantbomb.com/bone-out-from-boneville/3030-10837/"}, {"api_detail_url": "https://www.giantbomb.com/api/game/3030-10505/", "id": 10505, "name": "Bone: The Great Cow Race", "site_detail_url": "https://www.giantbomb.com/bone-the-great-cow-race/3030-10505/"}]}, "version": "1.0"}