{"error": "OK", "limit": 1, "offset": 0, "number_of_page_results": 1, "number_of_total_results": 1, "status_code": 1, "results": {"games": [{"api_detail_url": "https://www.giantbomb.com/api/game/3030-21184/", "id": 21184, "name": "Fat Princess", "site_detail_url": "https://www.giantbomb.com/fat-princess/3030-21184/"}, {"api_detail_url": "https://www.giantbomb.com/api/game/3030-26875/", "id": 26875, "name": "Fat Princess: Fistful of Cake", "site_detail_url": "https://www.giantbomb.com/fat-princess-fistful-of-cake/3030-26875/"}, {"api_detail_url": "https://www.giantbomb.com/api/game/3030-46606/", "id": 46606, "name": "Fat Princess: Piece of Cake", "site_detail_url": "https://www.giantbomb.com/fat-princess-piece-of-cake/3030-46606/"}, {"api_detail_url": "https://www.giantbomb.com/api/game/3030-48334/", "id": 48334, "name": "Fat Princess Adventures", "site_detail_url": "https://www.giantbomb.com/fat-princess-adventures/3030-48334/"}]}, "version": "1.0"}