{"error": "OK", "limit": 1, "offset": 0, "number_of_page_results": 1, "number_of_total_results": 1, "status_code": 1, "results": {"games": [{"api_detail_url": "https://www.giantbomb.com/api/game/3030-8804/", "id": 8804, "name": "Condemned: Criminal Origins", "site_detail_url": "https://www.giantbomb.com/condemned-criminal-origins/3030-8804/"}, {"api_detail_url": "https://www.giantbomb.com/api/game/3030-20465/", "id": 20465, "name": "Condemned 2: Bloodshot", "site_detail_url": "https://www.giantbomb.com/condemned-2-bloodshot/3030-20465/"}]}, "version": "1.0"}