{"error": "OK", "limit": 1, "offset": 0, "number_of_page_results": 1, "number_of_total_results": 1, "status_code": 1, "results": {"games": [{"api_detail_url": "https://www.giantbomb.com/api/game/3030-23658/", "id": 23658, "name": "Gradius ReBirth", "site_detail_url": "https://www.giantbomb.com/gradius-rebirth/3030-23658/"}, {"api_detail_url": "https://www.giantbomb.com/api/game/3030-26376/", "id": 26376, "name": "Contra ReBirth", "site_detail_url": "https://www.giantbomb.com/contra-rebirth/3030-26376/"}, {"api_detail_url": "https://www.giantbomb.com/api/game/3030-29286/", "id": 29286, "name": "Castlevania: The Adventure ReBirth", "site_detail_url": "https://www.giantbomb.com/castlevania-the-adventure-rebirth/3030-29286/"}]}, "version": "1.0"}