{"error": "OK", "limit": 1, "offset": 0, "number_of_page_results": 1, "number_of_total_results": 1, "status_code": 1, "results": {"games": [{"api_detail_url": "https://www.giantbomb.com/api/game/3030-20690/", "id": 20690, "name": "Left 4 Dead", "site_detail_url": "https://www.giantbomb.com/left-4-dead/3030-20690/"}, {"api_detail_url": "https://www.giantbomb.com/api/game/3030-26782/", "id": 26782, "name": "Left 4 Dead 2", "site_detail_url": "https://www.giantbomb.com/left-4-dead-2/3030-26782/"}, {"api_detail_url": "https://www.giantbomb.com/api/game/3030-47811/", "id": 47811, "name": "Left 4 Dead: Survivors", "site_detail_url": "https://www.giantbomb.com/left-4-dead-survivors/3030-47811/"}]}, "version": "1.0"}