{"error": "OK", "limit": 1, "offset": 0, "number_of_page_results": 1, "number_of_total_results": 1, "status_code": 1, "results": {"games": [{"api_detail_url": "https://www.giantbomb.com/api/game/3030-7017/", "id": 7017, "name": "Monster Truck Madness", "site_detail_url": "https://www.giantbomb.com/monster-truck-madness/3030-7017/"}, {"api_detail_url": "https://www.giantbomb.com/api/game/3030-6529/", "id": 6529, "name": "Monster Truck Madness 2", "site_detail_url": "https://www.giantbomb.com/monster-truck-madness-2/3030-6529/"}, {"api_detail_url": "https://www.giantbomb.com/api/game/3030-26441/", "id": 26441, "name": "Monster Truck Madness 64", "site_detail_url": "https://www.giantbomb.com/monster-truck-madness-64/3030-26441/"}]}, "version": "1.0"}