{"error": "OK", "limit": 1, "offset": 0, "number_of_page_results": 1, "number_of_total_results": 1, "status_code": 1, "results": {"games": [{"api_detail_url": "https://www.giantbomb.com/api/game/3030-20555/", "id": 20555, "name": "\u014ckami", "site_detail_url": "https://www.giantbomb.com/okami/3030-20555/"}, {"api_detail_url": "https://www.giantbomb.com/api/game/3030-28006/", "id": 28006, "name": "Okamiden", "site_detail_url": "https://www.giantbomb.com/okamiden/3030-28006/"}]}, "version": "1.0"}