{"error": "OK", "limit": 1, "offset": 0, "number_of_page_results": 1, "number_of_total_results": 1, "status_code": 1, "results": {"games": [{"api_detail_url": "https://www.giantbomb.com/api/game/3030-10707/", "id": 10707, "name": "Kira Kira Pop Princess", "site_detail_url": "https://www.giantbomb.com/kira-kira-pop-princess/3030-10707/"}, {"api_detail_url": "https://www.giantbomb.com/api/game/3030-23989/", "id": 23989, "name": "Pop Town", "site_detail_url": "https://www.giantbomb.com/pop-town/3030-23989/"}, {"api_detail_url": "https://www.giantbomb.com/api/game/3030-23990/", "id": 23990, "name": "Pinky Street: Kira Kira Rainbow Pack", "site_detail_url": "https://www.giantbomb.com/pinky-street-kira-kira-rainbow-pack/3030-23990/"}]}, "version": "1.0"}