{"error": "OK", "limit": 1, "offset": 0, "number_of_page_results": 1, "number_of_total_results": 1, "status_code": 1, "results": {"games": [{"api_detail_url": "https://www.giantbomb.com/api/game/3030-20651/", "id": 20651, "name": "Pop", "site_detail_url": "https://www.giantbomb.com/pop/3030-20651/"}, {"api_detail_url": "https://www.giantbomb.com/api/game/3030-27345/", "id": 27345, "name": "Pop Plus: Solo", "site_detail_url": "https://www.giantbomb.com/pop-plus-solo/3030-27345/"}]}, "version": "1.0"}