{"error": "OK", "limit": 1, "offset": 0, "number_of_page_results": 1, "number_of_total_results": 1, "status_code": 1, "results": {"games": [{"api_detail_url": "https://www.giantbomb.com/api/game/3030-20211/", "id": 20211, "name": "Evolution: Eternal Dungeon", "site_detail_url": "https://www.giantbomb.com/evolution-eternal-dungeon/3030-20211/"}, {"api_detail_url": "https://www.giantbomb.com/api/game/3030-10842/", "id": 10842, "name": "Evolution 2: Far off Promise", "site_detail_url": "https://www.giantbomb.com/evolution-2-far-off-promise/3030-10842/"}, {"api_detail_url": "https://www.giantbomb.com/api/game/3030-4202/", "id": 4202, "name": "Evolution: The World of Sacred Device", "site_detail_url": "https://www.giantbomb.com/evolution-the-world-of-sacred-device/3030-4202/"}, {"api_detail_url": "https://www.giantbomb.com/api/game/3030-18762/", "id": 18762, "name": "Evolution Worlds", "site_detail_url": "https://www.giantbomb.com/evolution-worlds/3030-18762/"}]}, "version": "1.0"}