{"error": "OK", "limit": 1, "offset": 0, "number_of_page_results": 1, "number_of_total_results": 1, "status_code": 1, "results": {"games": [{"api_detail_url": "https://www.giantbomb.com/api/game/3030-17641/", "id": 17641, "name": "Dr. Mario", "site_detail_url": "https://www.giantbomb.com/dr-mario/3030-17641/"}, {"api_detail_url": "https://www.giantbomb.com/api/game/3030-1072/", "id": 1072, "name": "Dr. Mario 64", "site_detail_url": "https://www.giantbomb.com/dr-mario-64/3030-1072/"}, {"api_detail_url": "https://www.giantbomb.com/api/game/3030-14788/", "id": 14788, "name": "Dr. Mario & Puzzle League", "site_detail_url": "https://www.giantbomb.com/dr-mario-puzzle-league/3030-14788/"}, {"api_detail_url": "https://www.giantbomb.com/api/game/3030-20691/", "id": 20691, "name": "Dr. Mario Online RX", "site_detail_url": "https://www.giantbomb.com/dr-mario-online-rx/3030-20691/"}, {"api_detail_url": "https://www.giantbomb.com/api/game/3030-24924/", "id": 24924, "name": "Dr. Mario Express", "site_detail_url": "https://www.giantbomb.com/dr-mario-express/3030-24924/"}, {"api_detail_url": "https://www.giantbomb.com/api/game/3030-29967/", "id": 29967, "name": "Vs. Dr. Mario", "site_detail_url": "https://www.giantbomb.com/vs-dr-mario/3030-29967/"}, {"api_detail_url": "https://www.giantbomb.com/api/game/3030-6805/", "id": 6805, "name": "Tetris & Dr. Mario", "site_detail_url": "https://www.giantbomb.com/tetris-dr-mario/3030-6805/"}, {"api_detail_url": "https://www.giantbomb.com/api/game/3030-44784/", "id": 44784, "name": "Dr. Luigi", "site_detail_url": "https://www.giantbomb.com/dr-luigi/3030-44784/"}, {"api_detail_url": "https://www.giantbomb.com/api/game/3030-49801/", "id": 49801, "name": "Dr. Mario: Miracle Cure", "site_detail_url": "https://www.giantbomb.com/dr-mario-miracle-cure/3030-49801/"}, {"api_detail_url": "https://www.giantbomb.com/api/game/3030-71968/", "id": 71968, "name": "Dr. Mario World", "site_detail_url": "https://www.giantbomb.com/dr-mario-world/3030-71968/"}, {"api_detail_url": "https://www.giantbomb.com/api/game/3030-11736/", "id": 11736, "name": "Nintendo Puzzle Collection", "site_detail_url": "https://www.giantbomb.com/nintendo-puzzle-collection/3030-11736/"}]}, "version": "1.0"}