{"error": "OK", "limit": 1, "offset": 0, "number_of_page_results": 1, "number_of_total_results": 1, "status_code": 1, "results": {"games": [{"api_detail_url": "https://www.giantbomb.com/api/game/3030-5628/", "id": 5628, "name": "Action Man: Operation Extreme", "site_detail_url": "https://www.giantbomb.com/action-man-operation-extreme/3030-5628/"}, {"api_detail_url": "https://www.giantbomb.com/api/game/3030-6641/", "id": 6641, "name": "Action Man: Raid on Island X", "site_detail_url": "https://www.giantbomb.com/action-man-raid-on-island-x/3030-6641/"}, {"api_detail_url": "https://www.giantbomb.com/api/game/3030-20085/", "id": 20085, "name": "Action Man: Arctic Adventure", "site_detail_url": "https://www.giantbomb.com/action-man-arctic-adventure/3030-20085/"}, {"api_detail_url": "https://www.giantbomb.com/api/game/3030-24977/", "id": 24977, "name": "Action Man: Robot Atak", "site_detail_url": "https://www.giantbomb.com/action-man-robot-atak/3030-24977/"}, {"api_detail_url": "https://www.giantbomb.com/api/game/3030-27310/", "id": 27310, "name": "Action Man: Search for Base X", "site_detail_url": "https://www.giantbomb.com/action-man-search-for-base-x/3030-27310/"}, {"api_detail_url": "https://www.giantbomb.com/api/game/3030-15096/", "id": 15096, "name": "Action Man: Jungle Storm", "site_detail_url": "https://www.giantbomb.com/action-man-jungle-storm/3030-15096/"}, {"api_detail_url": "https://www.giantbomb.com/api/game/3030-39856/", "id": 39856, "name": "Action Man: Destruction X", "site_detail_url": "https://www.giantbomb.com/action-man-destruction-x/3030-39856/"}, {"api_detail_url": "https://www.giantbomb.com/api/game/3030-4359/", "id": 4359, "name": "G.I. Joe: Cobra Strike", "site_detail_url": "https://www.giantbomb.com/gi-joe-cobra-strike/3030-4359/"}, {"api_detail_url": "https://www.giantbomb.com/api/game/3030-64277/", "id": 64277, "name": "Action Man A.T.O.M.: Alpha Teens on Machines", "site_detail_url": "https://www.giantbomb.com/action-man-atom-alpha-teens-on-machines/3030-64277/"}]}, "version": "1.0"}