{"error": "OK", "limit": 1, "offset": 0, "number_of_page_results": 1, "number_of_total_results": 1, "status_code": 1, "results": {"games": [{"api_detail_url": "https://www.giantbomb.com/api/game/3030-20300/", "id": 20300, "name": "Super Robot Taisen Original Generation", "site_detail_url": "https://www.giantbomb.com/super-robot-taisen-original-generation/3030-20300/"}, {"api_detail_url": "https://www.giantbomb.com/api/game/3030-11145/", "id": 11145, "name": "Super Robot Taisen Original Generation 2", "site_detail_url": "https://www.giantbomb.com/super-robot-taisen-original-generation-2/3030-11145/"}, {"api_detail_url": "https://www.giantbomb.com/api/game/3030-22660/", "id": 22660, "name": "Super Robot Wars OG: Original Generations", "site_detail_url": "https://www.giantbomb.com/super-robot-wars-og-original-generations/3030-22660/"}, {"api_detail_url": "https://www.giantbomb.com/api/game/3030-23222/", "id": 23222, "name": "Super Robot Wars Original Generation Gaiden", "site_detail_url": "https://www.giantbomb.com/super-robot-wars-original-generation-gaiden/3030-23222/"}, {"api_detail_url": "https://www.giantbomb.com/api/game/3030-23621/", "id": 23621, "name": "Super Robot Taisen OG Saga: Endless Frontier", "site_detail_url": "https://www.giantbomb.com/super-robot-taisen-og-saga-endless-frontier/3030-23621/"}, {"api_detail_url": "https://www.giantbomb.com/api/game/3030-28913/", "id": 28913, "name": "Mugen no Frontier EXCEED: Super Robot Wars OG Saga", "site_detail_url": "https://www.giantbomb.com/mugen-no-frontier-exceed-super-robot-wars-og-saga/3030-28913/"}, {"api_detail_url": "https://www.giantbomb.com/api/game/3030-30200/", "id": 30200, "name": "Super Robot Wars OG Saga: Masou Kishin - The Lord of Elemental", "site_detail_url": "https://www.giantbomb.com/super-robot-wars-og-saga-masou-kishin-the-lord-of-/3030-30200/"}, {"api_detail_url": "https://www.giantbomb.com/api/game/3030-37196/", "id": 37196, "name": "Super Robot Wars OG Saga: Masou Kishin II - Revelation of Evil God", "site_detail_url": "https://www.giantbomb.com/super-robot-wars-og-saga-masou-kishin-ii-revelatio/3030-37196/"}, {"api_detail_url": "https://www.giantbomb.com/api/game/3030-40956/", "id": 40956, "name": "Dai-2-Ji Super Robot Taisen Original Generations", "site_detail_url": "https://www.giantbomb.com/dai-2-ji-super-robot-taisen-original-generations/3030-40956/"}, {"api_detail_url": "https://www.giantbomb.com/api/game/3030-42730/", "id": 42730, "name": "Super Robot Taisen OG Saga: Masou Kishin III: Pride of Justice", "site_detail_url": "https://www.giantbomb.com/super-robot-taisen-og-saga-masou-kishin-iii-pride-/3030-42730/"}, {"api_detail_url": "https://www.giantbomb.com/api/game/3030-43781/", "id": 43781, "name": "Super Robot Taisen OG Infinite Battle", "site_detail_url": "https://www.giantbomb.com/super-robot-taisen-og-infinite-battle/3030-43781/"}, {"api_detail_url": "https://www.giantbomb.com/api/game/3030-46408/", "id": 46408, "name": "Super Robot Taisen OG Saga: Masou Kishin F: Coffin of the End", "site_detail_url": "https://www.giantbomb.com/super-robot-taisen-og-saga-masou-kishin-f-coffin-o/3030-46408/"}]}, "version": "1.0"}