{"error": "OK", "limit": 1, "offset": 0, "number_of_page_results": 1, "number_of_total_results": 1, "status_code": 1, "results": {"games": [{"api_detail_url": "https://www.giantbomb.com/api/game/3030-8550/", "id": 8550, "name": "Democracy", "site_detail_url": "https://www.giantbomb.com/democracy/3030-8550/"}, {"api_detail_url": "https://www.giantbomb.com/api/game/3030-898/", "id": 898, "name": "Democracy 2", "site_detail_url": "https://www.giantbomb.com/democracy-2/3030-898/"}, {"api_detail_url": "https://www.giantbomb.com/api/game/3030-44236/", "id": 44236, "name": "Democracy 3", "site_detail_url": "https://www.giantbomb.com/democracy-3/3030-44236/"}, {"api_detail_url": "https://www.giantbomb.com/api/game/3030-80528/", "id": 80528, "name": "Democracy 4", "site_detail_url": "https://www.giantbomb.com/democracy-4/3030-80528/"}]}, "version": "1.0"}