{"error": "OK", "limit": 1, "offset": 0, "number_of_page_results": 1, "number_of_total_results": 1, "status_code": 1, "results": {"games": [{"api_detail_url": "https://www.giantbomb.com/api/game/3030-8664/", "id": 8664, "name": "5 Days a Stranger", "site_detail_url": "https://www.giantbomb.com/5-days-a-stranger/3030-8664/"}, {"api_detail_url": "https://www.giantbomb.com/api/game/3030-17333/", "id": 17333, "name": "7 Days a Skeptic", "site_detail_url": "https://www.giantbomb.com/7-days-a-skeptic/3030-17333/"}, {"api_detail_url": "https://www.giantbomb.com/api/game/3030-7920/", "id": 7920, "name": "Trilby's Notes", "site_detail_url": "https://www.giantbomb.com/trilbys-notes/3030-7920/"}, {"api_detail_url": "https://www.giantbomb.com/api/game/3030-4151/", "id": 4151, "name": "6 Days a Sacrifice", "site_detail_url": "https://www.giantbomb.com/6-days-a-sacrifice/3030-4151/"}]}, "version": "1.0"}