{"error": "OK", "limit": 1, "offset": 0, "number_of_page_results": 1, "number_of_total_results": 1, "status_code": 1, "results": {"games": [{"api_detail_url": "https://www.giantbomb.com/api/game/3030-5651/", "id": 5651, "name": "Penumbra: Overture", "site_detail_url": "https://www.giantbomb.com/penumbra-overture/3030-5651/"}, {"api_detail_url": "https://www.giantbomb.com/api/game/3030-23596/", "id": 23596, "name": "Penumbra: Requiem", "site_detail_url": "https://www.giantbomb.com/penumbra-requiem/3030-23596/"}, {"api_detail_url": "https://www.giantbomb.com/api/game/3030-3346/", "id": 3346, "name": "Penumbra: Black Plague", "site_detail_url": "https://www.giantbomb.com/penumbra-black-plague/3030-3346/"}]}, "version": "1.0"}