{"error": "OK", "limit": 1, "offset": 0, "number_of_page_results": 1, "number_of_total_results": 1, "status_code": 1, "results": {"games": [{"api_detail_url": "https://www.giantbomb.com/api/game/3030-19874/", "id": 19874, "name": "Kane & Lynch: Dead Men", "site_detail_url": "https://www.giantbomb.com/kane-lynch-dead-men/3030-19874/"}, {"api_detail_url": "https://www.giantbomb.com/api/game/3030-26394/", "id": 26394, "name": "Kane & Lynch 2: Dog Days", "site_detail_url": "https://www.giantbomb.com/kane-lynch-2-dog-days/3030-26394/"}]}, "version": "1.0"}