{"error": "OK", "limit": 1, "offset": 0, "number_of_page_results": 1, "number_of_total_results": 1, "status_code": 1, "results": {"games": [{"api_detail_url": "https://www.giantbomb.com/api/game/3030-21290/", "id": 21290, "name": "Tap Tap Revenge", "site_detail_url": "https://www.giantbomb.com/tap-tap-revenge/3030-21290/"}, {"api_detail_url": "https://www.giantbomb.com/api/game/3030-24594/", "id": 24594, "name": "Tap Tap Revenge: NIN Edition", "site_detail_url": "https://www.giantbomb.com/tap-tap-revenge-nin-edition/3030-24594/"}, {"api_detail_url": "https://www.giantbomb.com/api/game/3030-24785/", "id": 24785, "name": "Christmas with Weezer", "site_detail_url": "https://www.giantbomb.com/christmas-with-weezer/3030-24785/"}, {"api_detail_url": "https://www.giantbomb.com/api/game/3030-25385/", "id": 25385, "name": "Tap Tap Dance", "site_detail_url": "https://www.giantbomb.com/tap-tap-dance/3030-25385/"}, {"api_detail_url": "https://www.giantbomb.com/api/game/3030-25484/", "id": 25484, "name": "Tap Tap Revenge 2", "site_detail_url": "https://www.giantbomb.com/tap-tap-revenge-2/3030-25484/"}, {"api_detail_url": "https://www.giantbomb.com/api/game/3030-25871/", "id": 25871, "name": "Tap Tap Revenge: Coldplay Edition", "site_detail_url": "https://www.giantbomb.com/tap-tap-revenge-coldplay-edition/3030-25871/"}, {"api_detail_url": "https://www.giantbomb.com/api/game/3030-27935/", "id": 27935, "name": "Dave Matthews Band Revenge", "site_detail_url": "https://www.giantbomb.com/dave-matthews-band-revenge/3030-27935/"}, {"api_detail_url": "https://www.giantbomb.com/api/game/3030-27934/", "id": 27934, "name": "Lady Gaga Revenge", "site_detail_url": "https://www.giantbomb.com/lady-gaga-revenge/3030-27934/"}, {"api_detail_url": "https://www.giantbomb.com/api/game/3030-29383/", "id": 29383, "name": "Tap Tap Revenge 3", "site_detail_url": "https://www.giantbomb.com/tap-tap-revenge-3/3030-29383/"}, {"api_detail_url": "https://www.giantbomb.com/api/game/3030-30703/", "id": 30703, "name": "Justin Bieber Revenge", "site_detail_url": "https://www.giantbomb.com/justin-bieber-revenge/3030-30703/"}, {"api_detail_url": "https://www.giantbomb.com/api/game/3030-34039/", "id": 34039, "name": "Tap Tap Revenge 4", "site_detail_url": "https://www.giantbomb.com/tap-tap-revenge-4/3030-34039/"}, {"api_detail_url": "https://www.giantbomb.com/api/game/3030-34528/", "id": 34528, "name": "Green Day Revenge", "site_detail_url": "https://www.giantbomb.com/green-day-revenge/3030-34528/"}, {"api_detail_url": "https://www.giantbomb.com/api/game/3030-39040/", "id": 39040, "name": "Tap Tap Revenge: Tour", "site_detail_url": "https://www.giantbomb.com/tap-tap-revenge-tour/3030-39040/"}, {"api_detail_url": "https://www.giantbomb.com/api/game/3030-33636/", "id": 33636, "name": "Tap Tap Radiation", "site_detail_url": "https://www.giantbomb.com/tap-tap-radiation/3030-33636/"}, {"api_detail_url": "https://www.giantbomb.com/api/game/3030-34696/", "id": 34696, "name": "Katy Perry Revenge", "site_detail_url": "https://www.giantbomb.com/katy-perry-revenge/3030-34696/"}, {"api_detail_url": "https://www.giantbomb.com/api/game/3030-34705/", "id": 34705, "name": "Katy Perry Revenge 2", "site_detail_url": "https://www.giantbomb.com/katy-perry-revenge-2/3030-34705/"}, {"api_detail_url": "https://www.giantbomb.com/api/game/3030-34693/", "id": 34693, "name": "Tap Tap Revenge: Metallica", "site_detail_url": "https://www.giantbomb.com/tap-tap-revenge-metallica/3030-34693/"}, {"api_detail_url": "https://www.giantbomb.com/api/game/3030-34692/", "id": 34692, "name": "Kings Of Leon Revenge", "site_detail_url": "https://www.giantbomb.com/kings-of-leon-revenge/3030-34692/"}, {"api_detail_url": "https://www.giantbomb.com/api/game/3030-34691/", "id": 34691, "name": "Nirvana Revenge", "site_detail_url": "https://www.giantbomb.com/nirvana-revenge/3030-34691/"}, {"api_detail_url": "https://www.giantbomb.com/api/game/3030-34690/", "id": 34690, "name": "Nickelback Revenge", "site_detail_url": "https://www.giantbomb.com/nickelback-revenge/3030-34690/"}, {"api_detail_url": "https://www.giantbomb.com/api/game/3030-34688/", "id": 34688, "name": "Linkin Park Revenge", "site_detail_url": "https://www.giantbomb.com/linkin-park-revenge/3030-34688/"}, {"api_detail_url": "https://www.giantbomb.com/api/game/3030-34695/", "id": 34695, "name": "Lady Gaga Revenge 2", "site_detail_url": "https://www.giantbomb.com/lady-gaga-revenge-2/3030-34695/"}, {"api_detail_url": "https://www.giantbomb.com/api/game/3030-34945/", "id": 34945, "name": "Bruno Mars Revenge", "site_detail_url": "https://www.giantbomb.com/bruno-mars-revenge/3030-34945/"}, {"api_detail_url": "https://www.giantbomb.com/api/game/3030-35437/", "id": 35437, "name": "Lady Gaga: Born This Way Revenge", "site_detail_url": "https://www.giantbomb.com/lady-gaga-born-this-way-revenge/3030-35437/"}, {"api_detail_url": "https://www.giantbomb.com/api/game/3030-39293/", "id": 39293, "name": "Tap Tap Muppets", "site_detail_url": "https://www.giantbomb.com/tap-tap-muppets/3030-39293/"}, {"api_detail_url": "https://www.giantbomb.com/api/game/3030-39296/", "id": 39296, "name": "Tap Tap Glee", "site_detail_url": "https://www.giantbomb.com/tap-tap-glee/3030-39296/"}]}, "version": "1.0"}