{"error": "OK", "limit": 1, "offset": 0, "number_of_page_results": 1, "number_of_total_results": 1, "status_code": 1, "results": {"games": [{"api_detail_url": "https://www.giantbomb.com/api/game/3030-28088/", "id": 28088, "name": "Genei Tougi: Shadow Struggle", "site_detail_url": "https://www.giantbomb.com/genei-tougi-shadow-struggle/3030-28088/"}, {"api_detail_url": "https://www.giantbomb.com/api/game/3030-28087/", "id": 28087, "name": "Critical Blow", "site_detail_url": "https://www.giantbomb.com/critical-blow/3030-28087/"}]}, "version": "1.0"}