{"error": "OK", "limit": 1, "offset": 0, "number_of_page_results": 1, "number_of_total_results": 1, "status_code": 1, "results": {"games": [{"api_detail_url": "https://www.giantbomb.com/api/game/3030-26811/", "id": 26811, "name": "Charm Girls Club Pajama Party", "site_detail_url": "https://www.giantbomb.com/charm-girls-club-pajama-party/3030-26811/"}, {"api_detail_url": "https://www.giantbomb.com/api/game/3030-26814/", "id": 26814, "name": "Charm Girls Club: My Fashion Mall", "site_detail_url": "https://www.giantbomb.com/charm-girls-club-my-fashion-mall/3030-26814/"}, {"api_detail_url": "https://www.giantbomb.com/api/game/3030-26813/", "id": 26813, "name": "Charm Girls Club: My Fashion Show", "site_detail_url": "https://www.giantbomb.com/charm-girls-club-my-fashion-show/3030-26813/"}, {"api_detail_url": "https://www.giantbomb.com/api/game/3030-26812/", "id": 26812, "name": "Charm Girls Club: My Perfect Prom", "site_detail_url": "https://www.giantbomb.com/charm-girls-club-my-perfect-prom/3030-26812/"}, {"api_detail_url": "https://www.giantbomb.com/api/game/3030-31896/", "id": 31896, "name": "Charm Girls Club: My Charmed Life", "site_detail_url": "https://www.giantbomb.com/charm-girls-club-my-charmed-life/3030-31896/"}]}, "version": "1.0"}