{"error": "OK", "limit": 1, "offset": 0, "number_of_page_results": 1, "number_of_total_results": 1, "status_code": 1, "results": {"games": [{"api_detail_url": "https://www.giantbomb.com/api/game/3030-23825/", "id": 23825, "name": "Super Sidekicks", "site_detail_url": "https://www.giantbomb.com/super-sidekicks/3030-23825/"}, {"api_detail_url": "https://www.giantbomb.com/api/game/3030-23826/", "id": 23826, "name": "Super Sidekicks 2: The World Championship", "site_detail_url": "https://www.giantbomb.com/super-sidekicks-2-the-world-championship/3030-23826/"}, {"api_detail_url": "https://www.giantbomb.com/api/game/3030-23712/", "id": 23712, "name": "Super Sidekicks 3: The Next Glory", "site_detail_url": "https://www.giantbomb.com/super-sidekicks-3-the-next-glory/3030-23712/"}, {"api_detail_url": "https://www.giantbomb.com/api/game/3030-37722/", "id": 37722, "name": "The Ultimate 11: SNK Football Championship", "site_detail_url": "https://www.giantbomb.com/the-ultimate-11-snk-football-championship/3030-37722/"}]}, "version": "1.0"}