{"error": "OK", "limit": 1, "offset": 0, "number_of_page_results": 1, "number_of_total_results": 1, "status_code": 1, "results": {"games": [{"api_detail_url": "https://www.giantbomb.com/api/game/3030-25682/", "id": 25682, "name": "Tenchi Muyou! Rensa Hitsuyou", "site_detail_url": "https://www.giantbomb.com/tenchi-muyou-rensa-hitsuyou/3030-25682/"}, {"api_detail_url": "https://www.giantbomb.com/api/game/3030-25732/", "id": 25732, "name": "Tenchi Muyou! Game-Hen", "site_detail_url": "https://www.giantbomb.com/tenchi-muyou-game-hen/3030-25732/"}, {"api_detail_url": "https://www.giantbomb.com/api/game/3030-32633/", "id": 32633, "name": "Tenchi Muyo! Toko Muyo", "site_detail_url": "https://www.giantbomb.com/tenchi-muyo-toko-muyo/3030-32633/"}, {"api_detail_url": "https://www.giantbomb.com/api/game/3030-46928/", "id": 46928, "name": "Maho Shojo Pretty Sammy", "site_detail_url": "https://www.giantbomb.com/maho-shojo-pretty-sammy/3030-46928/"}, {"api_detail_url": "https://www.giantbomb.com/api/game/3030-46929/", "id": 46929, "name": "Maho Shojo Pretty Sammy: Heart no Kimochi", "site_detail_url": "https://www.giantbomb.com/maho-shojo-pretty-sammy-heart-no-kimochi/3030-46929/"}, {"api_detail_url": "https://www.giantbomb.com/api/game/3030-73611/", "id": 73611, "name": "Tenchi Muy\u014d! Ry\u014d\u014dki", "site_detail_url": "https://www.giantbomb.com/tenchi-muyo-ryooki/3030-73611/"}]}, "version": "1.0"}