{"error": "OK", "limit": 1, "offset": 0, "number_of_page_results": 1, "number_of_total_results": 1, "status_code": 1, "results": {"games": [{"api_detail_url": "https://www.giantbomb.com/api/game/3030-26007/", "id": 26007, "name": "Wii Chess", "site_detail_url": "https://www.giantbomb.com/wii-chess/3030-26007/"}, {"api_detail_url": "https://www.giantbomb.com/api/game/3030-20503/", "id": 20503, "name": "Wii Fit", "site_detail_url": "https://www.giantbomb.com/wii-fit/3030-20503/"}, {"api_detail_url": "https://www.giantbomb.com/api/game/3030-9439/", "id": 9439, "name": "Wii Play", "site_detail_url": "https://www.giantbomb.com/wii-play/3030-9439/"}, {"api_detail_url": "https://www.giantbomb.com/api/game/3030-21099/", "id": 21099, "name": "Wii Music", "site_detail_url": "https://www.giantbomb.com/wii-music/3030-21099/"}, {"api_detail_url": "https://www.giantbomb.com/api/game/3030-21098/", "id": 21098, "name": "Wii Sports Resort", "site_detail_url": "https://www.giantbomb.com/wii-sports-resort/3030-21098/"}, {"api_detail_url": "https://www.giantbomb.com/api/game/3030-13328/", "id": 13328, "name": "Wii Sports", "site_detail_url": "https://www.giantbomb.com/wii-sports/3030-13328/"}, {"api_detail_url": "https://www.giantbomb.com/api/game/3030-26869/", "id": 26869, "name": "Wii Fit Plus", "site_detail_url": "https://www.giantbomb.com/wii-fit-plus/3030-26869/"}, {"api_detail_url": "https://www.giantbomb.com/api/game/3030-31210/", "id": 31210, "name": "Wii Party", "site_detail_url": "https://www.giantbomb.com/wii-party/3030-31210/"}, {"api_detail_url": "https://www.giantbomb.com/api/game/3030-35609/", "id": 35609, "name": "Wii Play Motion", "site_detail_url": "https://www.giantbomb.com/wii-play-motion/3030-35609/"}, {"api_detail_url": "https://www.giantbomb.com/api/game/3030-43957/", "id": 43957, "name": "Wii Sports Club", "site_detail_url": "https://www.giantbomb.com/wii-sports-club/3030-43957/"}, {"api_detail_url": "https://www.giantbomb.com/api/game/3030-24016/", "id": 24016, "name": "Project H.A.M.M.E.R.", "site_detail_url": "https://www.giantbomb.com/project-hammer/3030-24016/"}, {"api_detail_url": "https://www.giantbomb.com/api/game/3030-38546/", "id": 38546, "name": "Wii Fit U", "site_detail_url": "https://www.giantbomb.com/wii-fit-u/3030-38546/"}]}, "version": "1.0"}