{"error": "OK", "limit": 1, "offset": 0, "number_of_page_results": 1, "number_of_total_results": 1, "status_code": 1, "results": {"games": [{"api_detail_url": "https://www.giantbomb.com/api/game/3030-1505/", "id": 1505, "name": "Blake Stone: Aliens of Gold", "site_detail_url": "https://www.giantbomb.com/blake-stone-aliens-of-gold/3030-1505/"}, {"api_detail_url": "https://www.giantbomb.com/api/game/3030-7364/", "id": 7364, "name": "Blake Stone: Planet Strike", "site_detail_url": "https://www.giantbomb.com/blake-stone-planet-strike/3030-7364/"}]}, "version": "1.0"}