{"error": "OK", "limit": 1, "offset": 0, "number_of_page_results": 1, "number_of_total_results": 1, "status_code": 1, "results": {"games": [{"api_detail_url": "https://www.giantbomb.com/api/game/3030-23134/", "id": 23134, "name": "Battlestar Galactica", "site_detail_url": "https://www.giantbomb.com/battlestar-galactica/3030-23134/"}, {"api_detail_url": "https://www.giantbomb.com/api/game/3030-4576/", "id": 4576, "name": "Battlestar Galactica", "site_detail_url": "https://www.giantbomb.com/battlestar-galactica/3030-4576/"}, {"api_detail_url": "https://www.giantbomb.com/api/game/3030-25338/", "id": 25338, "name": "Beyond the Red Line", "site_detail_url": "https://www.giantbomb.com/beyond-the-red-line/3030-25338/"}, {"api_detail_url": "https://www.giantbomb.com/api/game/3030-31713/", "id": 31713, "name": "Battlestar Galactica Online", "site_detail_url": "https://www.giantbomb.com/battlestar-galactica-online/3030-31713/"}, {"api_detail_url": "https://www.giantbomb.com/api/game/3030-60623/", "id": 60623, "name": "Battlestar Galactica Deadlock", "site_detail_url": "https://www.giantbomb.com/battlestar-galactica-deadlock/3030-60623/"}, {"api_detail_url": "https://www.giantbomb.com/api/game/3030-64634/", "id": 64634, "name": "Battlestar Galactica: Squadrons", "site_detail_url": "https://www.giantbomb.com/battlestar-galactica-squadrons/3030-64634/"}]}, "version": "1.0"}