{"error": "OK", "limit": 1, "offset": 0, "number_of_page_results": 1, "number_of_total_results": 1, "status_code": 1, "results": {"games": [{"api_detail_url": "https://www.giantbomb.com/api/game/3030-9969/", "id": 9969, "name": "Full Spectrum Warrior", "site_detail_url": "https://www.giantbomb.com/full-spectrum-warrior/3030-9969/"}, {"api_detail_url": "https://www.giantbomb.com/api/game/3030-2444/", "id": 2444, "name": "Full Spectrum Warrior: Ten Hammers", "site_detail_url": "https://www.giantbomb.com/full-spectrum-warrior-ten-hammers/3030-2444/"}]}, "version": "1.0"}