{"error": "OK", "limit": 1, "offset": 0, "number_of_page_results": 1, "number_of_total_results": 1, "status_code": 1, "results": {"games": [{"api_detail_url": "https://www.giantbomb.com/api/game/3030-24535/", "id": 24535, "name": "Crash Time II", "site_detail_url": "https://www.giantbomb.com/crash-time-ii/3030-24535/"}, {"api_detail_url": "https://www.giantbomb.com/api/game/3030-21606/", "id": 21606, "name": "Crash Time: Autobahn Pursuit", "site_detail_url": "https://www.giantbomb.com/crash-time-autobahn-pursuit/3030-21606/"}, {"api_detail_url": "https://www.giantbomb.com/api/game/3030-27894/", "id": 27894, "name": "Crash Time III", "site_detail_url": "https://www.giantbomb.com/crash-time-iii/3030-27894/"}, {"api_detail_url": "https://www.giantbomb.com/api/game/3030-32498/", "id": 32498, "name": "Crash Time 4: The Syndicate", "site_detail_url": "https://www.giantbomb.com/crash-time-4-the-syndicate/3030-32498/"}, {"api_detail_url": "https://www.giantbomb.com/api/game/3030-36839/", "id": 36839, "name": "Crash Time 3D", "site_detail_url": "https://www.giantbomb.com/crash-time-3d/3030-36839/"}, {"api_detail_url": "https://www.giantbomb.com/api/game/3030-14889/", "id": 14889, "name": "Alarm f\u00fcr Cobra 11 Vol. III", "site_detail_url": "https://www.giantbomb.com/alarm-fur-cobra-11-vol-iii/3030-14889/"}, {"api_detail_url": "https://www.giantbomb.com/api/game/3030-39237/", "id": 39237, "name": "Crash Time 5: Undercover", "site_detail_url": "https://www.giantbomb.com/crash-time-5-undercover/3030-39237/"}, {"api_detail_url": "https://www.giantbomb.com/api/game/3030-26517/", "id": 26517, "name": "Alarm for Cobra 11: Hot Pursuit", "site_detail_url": "https://www.giantbomb.com/alarm-for-cobra-11-hot-pursuit/3030-26517/"}, {"api_detail_url": "https://www.giantbomb.com/api/game/3030-42835/", "id": 42835, "name": "Alarm f\u00fcr Cobra 11: Nitro", "site_detail_url": "https://www.giantbomb.com/alarm-fur-cobra-11-nitro/3030-42835/"}, {"api_detail_url": "https://www.giantbomb.com/api/game/3030-73237/", "id": 73237, "name": "Alarm f\u00fcr Cobra 11", "site_detail_url": "https://www.giantbomb.com/alarm-fur-cobra-11/3030-73237/"}]}, "version": "1.0"}