{"error": "OK", "limit": 1, "offset": 0, "number_of_page_results": 1, "number_of_total_results": 1, "status_code": 1, "results": {"games": [{"api_detail_url": "https://www.giantbomb.com/api/game/3030-12488/", "id": 12488, "name": "Jill of the Jungle: The Complete Trilogy", "site_detail_url": "https://www.giantbomb.com/jill-of-the-jungle-the-complete-trilogy/3030-12488/"}, {"api_detail_url": "https://www.giantbomb.com/api/game/3030-18541/", "id": 18541, "name": "Jill of the Jungle", "site_detail_url": "https://www.giantbomb.com/jill-of-the-jungle/3030-18541/"}, {"api_detail_url": "https://www.giantbomb.com/api/game/3030-13491/", "id": 13491, "name": "Jill of the Jungle: Jill Goes Underground", "site_detail_url": "https://www.giantbomb.com/jill-of-the-jungle-jill-goes-underground/3030-13491/"}, {"api_detail_url": "https://www.giantbomb.com/api/game/3030-5800/", "id": 5800, "name": "Jill of the Jungle: Jill Saves the Prince", "site_detail_url": "https://www.giantbomb.com/jill-of-the-jungle-jill-saves-the-prince/3030-5800/"}, {"api_detail_url": "https://www.giantbomb.com/api/game/3030-13015/", "id": 13015, "name": "Onesimus: A Quest for Freedom", "site_detail_url": "https://www.giantbomb.com/onesimus-a-quest-for-freedom/3030-13015/"}]}, "version": "1.0"}