{"error": "OK", "limit": 1, "offset": 0, "number_of_page_results": 1, "number_of_total_results": 1, "status_code": 1, "results": {"games": [{"api_detail_url": "https://www.giantbomb.com/api/game/3030-1064/", "id": 1064, "name": "Ultimate Soccer Manager", "site_detail_url": "https://www.giantbomb.com/ultimate-soccer-manager/3030-1064/"}, {"api_detail_url": "https://www.giantbomb.com/api/game/3030-12082/", "id": 12082, "name": "Ultimate Soccer Manager 98", "site_detail_url": "https://www.giantbomb.com/ultimate-soccer-manager-98/3030-12082/"}, {"api_detail_url": "https://www.giantbomb.com/api/game/3030-5466/", "id": 5466, "name": "Ultimate Soccer Manager 98-99", "site_detail_url": "https://www.giantbomb.com/ultimate-soccer-manager-98-99/3030-5466/"}, {"api_detail_url": "https://www.giantbomb.com/api/game/3030-6541/", "id": 6541, "name": "Ultimate Soccer Manager 2", "site_detail_url": "https://www.giantbomb.com/ultimate-soccer-manager-2/3030-6541/"}]}, "version": "1.0"}