{"error": "OK", "limit": 1, "offset": 0, "number_of_page_results": 1, "number_of_total_results": 1, "status_code": 1, "results": {"games": [{"api_detail_url": "https://www.giantbomb.com/api/game/3030-15156/", "id": 15156, "name": "Tobal 2", "site_detail_url": "https://www.giantbomb.com/tobal-2/3030-15156/"}, {"api_detail_url": "https://www.giantbomb.com/api/game/3030-21878/", "id": 21878, "name": "Tobal No. 1", "site_detail_url": "https://www.giantbomb.com/tobal-no-1/3030-21878/"}]}, "version": "1.0"}