{"error": "OK", "limit": 1, "offset": 0, "number_of_page_results": 1, "number_of_total_results": 1, "status_code": 1, "results": {"games": [{"api_detail_url": "https://www.giantbomb.com/api/game/3030-24140/", "id": 24140, "name": "Jillian Michaels Fitness Ultimatum 2009", "site_detail_url": "https://www.giantbomb.com/jillian-michaels-fitness-ultimatum-2009/3030-24140/"}, {"api_detail_url": "https://www.giantbomb.com/api/game/3030-26768/", "id": 26768, "name": "Jillian Michaels' Fitness Ultimatum 2010", "site_detail_url": "https://www.giantbomb.com/jillian-michaels-fitness-ultimatum-2010/3030-26768/"}, {"api_detail_url": "https://www.giantbomb.com/api/game/3030-36602/", "id": 36602, "name": "Jillian Michaels' Fitness Adventure", "site_detail_url": "https://www.giantbomb.com/jillian-michaels-fitness-adventure/3030-36602/"}, {"api_detail_url": "https://www.giantbomb.com/api/game/3030-37370/", "id": 37370, "name": "Jillian Michaels Fitness Ultimatum 2011", "site_detail_url": "https://www.giantbomb.com/jillian-michaels-fitness-ultimatum-2011/3030-37370/"}]}, "version": "1.0"}