{"error": "OK", "limit": 1, "offset": 0, "number_of_page_results": 1, "number_of_total_results": 1, "status_code": 1, "results": {"games": [{"api_detail_url": "https://www.giantbomb.com/api/game/3030-24903/", "id": 24903, "name": "High Impact Football", "site_detail_url": "https://www.giantbomb.com/high-impact-football/3030-24903/"}, {"api_detail_url": "https://www.giantbomb.com/api/game/3030-1243/", "id": 1243, "name": "Super High Impact", "site_detail_url": "https://www.giantbomb.com/super-high-impact/3030-1243/"}]}, "version": "1.0"}