{"error": "OK", "limit": 1, "offset": 0, "number_of_page_results": 1, "number_of_total_results": 1, "status_code": 1, "results": {"games": [{"api_detail_url": "https://www.giantbomb.com/api/game/3030-20655/", "id": 20655, "name": "Battlefield: Bad Company", "site_detail_url": "https://www.giantbomb.com/battlefield-bad-company/3030-20655/"}, {"api_detail_url": "https://www.giantbomb.com/api/game/3030-25246/", "id": 25246, "name": "Battlefield: Bad Company 2", "site_detail_url": "https://www.giantbomb.com/battlefield-bad-company-2/3030-25246/"}]}, "version": "1.0"}