{"error": "OK", "limit": 1, "offset": 0, "number_of_page_results": 1, "number_of_total_results": 1, "status_code": 1, "results": {"games": [{"api_detail_url": "https://www.giantbomb.com/api/game/3030-7353/", "id": 7353, "name": "Conker: Live & Reloaded", "site_detail_url": "https://www.giantbomb.com/conker-live-reloaded/3030-7353/"}, {"api_detail_url": "https://www.giantbomb.com/api/game/3030-10533/", "id": 10533, "name": "Conker's Bad Fur Day", "site_detail_url": "https://www.giantbomb.com/conkers-bad-fur-day/3030-10533/"}, {"api_detail_url": "https://www.giantbomb.com/api/game/3030-19873/", "id": 19873, "name": "Conker's Pocket Tales", "site_detail_url": "https://www.giantbomb.com/conkers-pocket-tales/3030-19873/"}, {"api_detail_url": "https://www.giantbomb.com/api/game/3030-42502/", "id": 42502, "name": "Conker's Other Bad Fur Day", "site_detail_url": "https://www.giantbomb.com/conkers-other-bad-fur-day/3030-42502/"}]}, "version": "1.0"}