{"error": "OK", "limit": 1, "offset": 0, "number_of_page_results": 1, "number_of_total_results": 1, "status_code": 1, "results": {"games": [{"api_detail_url": "https://www.giantbomb.com/api/game/3030-15254/", "id": 15254, "name": "Game & Watch Collection", "site_detail_url": "https://www.giantbomb.com/game-watch-collection/3030-15254/"}, {"api_detail_url": "https://www.giantbomb.com/api/game/3030-6727/", "id": 6727, "name": "Game & Watch Gallery", "site_detail_url": "https://www.giantbomb.com/game-watch-gallery/3030-6727/"}, {"api_detail_url": "https://www.giantbomb.com/api/game/3030-9957/", "id": 9957, "name": "Game & Watch Gallery 2", "site_detail_url": "https://www.giantbomb.com/game-watch-gallery-2/3030-9957/"}, {"api_detail_url": "https://www.giantbomb.com/api/game/3030-17416/", "id": 17416, "name": "Game & Watch Gallery 3", "site_detail_url": "https://www.giantbomb.com/game-watch-gallery-3/3030-17416/"}, {"api_detail_url": "https://www.giantbomb.com/api/game/3030-1456/", "id": 1456, "name": "Game & Watch Gallery 4", "site_detail_url": "https://www.giantbomb.com/game-watch-gallery-4/3030-1456/"}, {"api_detail_url": "https://www.giantbomb.com/api/game/3030-24018/", "id": 24018, "name": "Game & Watch Collection 2", "site_detail_url": "https://www.giantbomb.com/game-watch-collection-2/3030-24018/"}, {"api_detail_url": "https://www.giantbomb.com/api/game/3030-17765/", "id": 17765, "name": "Manhole-e", "site_detail_url": "https://www.giantbomb.com/manhole-e/3030-17765/"}, {"api_detail_url": "https://www.giantbomb.com/api/game/3030-27301/", "id": 27301, "name": "Ball", "site_detail_url": "https://www.giantbomb.com/ball/3030-27301/"}, {"api_detail_url": "https://www.giantbomb.com/api/game/3030-27302/", "id": 27302, "name": "Flagman", "site_detail_url": "https://www.giantbomb.com/flagman/3030-27302/"}, {"api_detail_url": "https://www.giantbomb.com/api/game/3030-27304/", "id": 27304, "name": "Vermin", "site_detail_url": "https://www.giantbomb.com/vermin/3030-27304/"}, {"api_detail_url": "https://www.giantbomb.com/api/game/3030-27305/", "id": 27305, "name": "Chef", "site_detail_url": "https://www.giantbomb.com/chef/3030-27305/"}, {"api_detail_url": "https://www.giantbomb.com/api/game/3030-27306/", "id": 27306, "name": "Helmet", "site_detail_url": "https://www.giantbomb.com/helmet/3030-27306/"}, {"api_detail_url": "https://www.giantbomb.com/api/game/3030-27303/", "id": 27303, "name": "Judge", "site_detail_url": "https://www.giantbomb.com/judge/3030-27303/"}, {"api_detail_url": "https://www.giantbomb.com/api/game/3030-27308/", "id": 27308, "name": "Mario's Cement Factory", "site_detail_url": "https://www.giantbomb.com/marios-cement-factory/3030-27308/"}, {"api_detail_url": "https://www.giantbomb.com/api/game/3030-27307/", "id": 27307, "name": "Manhole", "site_detail_url": "https://www.giantbomb.com/manhole/3030-27307/"}, {"api_detail_url": "https://www.giantbomb.com/api/game/3030-27840/", "id": 27840, "name": "Donkey Kong Jr.", "site_detail_url": "https://www.giantbomb.com/donkey-kong-jr/3030-27840/"}, {"api_detail_url": "https://www.giantbomb.com/api/game/3030-38557/", "id": 38557, "name": "Game & Wario", "site_detail_url": "https://www.giantbomb.com/game-wario/3030-38557/"}, {"api_detail_url": "https://www.giantbomb.com/api/game/3030-5832/", "id": 5832, "name": "Game Boy Gallery", "site_detail_url": "https://www.giantbomb.com/game-boy-gallery/3030-5832/"}]}, "version": "1.0"}