{"error": "OK", "limit": 1, "offset": 0, "number_of_page_results": 1, "number_of_total_results": 1, "status_code": 1, "results": {"games": [{"api_detail_url": "https://www.giantbomb.com/api/game/3030-2045/", "id": 2045, "name": "Dead or Alive 2", "site_detail_url": "https://www.giantbomb.com/dead-or-alive-2/3030-2045/"}, {"api_detail_url": "https://www.giantbomb.com/api/game/3030-3839/", "id": 3839, "name": "Dead or Alive", "site_detail_url": "https://www.giantbomb.com/dead-or-alive/3030-3839/"}, {"api_detail_url": "https://www.giantbomb.com/api/game/3030-5418/", "id": 5418, "name": "Dead or Alive 3", "site_detail_url": "https://www.giantbomb.com/dead-or-alive-3/3030-5418/"}, {"api_detail_url": "https://www.giantbomb.com/api/game/3030-13753/", "id": 13753, "name": "Dead or Alive Ultimate", "site_detail_url": "https://www.giantbomb.com/dead-or-alive-ultimate/3030-13753/"}, {"api_detail_url": "https://www.giantbomb.com/api/game/3030-16202/", "id": 16202, "name": "Dead or Alive: Xtreme 2", "site_detail_url": "https://www.giantbomb.com/dead-or-alive-xtreme-2/3030-16202/"}, {"api_detail_url": "https://www.giantbomb.com/api/game/3030-21479/", "id": 21479, "name": "Dead or Alive Xtreme Beach Volleyball", "site_detail_url": "https://www.giantbomb.com/dead-or-alive-xtreme-beach-volleyball/3030-21479/"}, {"api_detail_url": "https://www.giantbomb.com/api/game/3030-22292/", "id": 22292, "name": "Dead or Alive 2: Hardcore", "site_detail_url": "https://www.giantbomb.com/dead-or-alive-2-hardcore/3030-22292/"}, {"api_detail_url": "https://www.giantbomb.com/api/game/3030-27001/", "id": 27001, "name": "DOA BlackJack", "site_detail_url": "https://www.giantbomb.com/doa-blackjack/3030-27001/"}, {"api_detail_url": "https://www.giantbomb.com/api/game/3030-29483/", "id": 29483, "name": "Dead or Alive: Paradise", "site_detail_url": "https://www.giantbomb.com/dead-or-alive-paradise/3030-29483/"}, {"api_detail_url": "https://www.giantbomb.com/api/game/3030-30811/", "id": 30811, "name": "Dead or Alive Online", "site_detail_url": "https://www.giantbomb.com/dead-or-alive-online/3030-30811/"}, {"api_detail_url": "https://www.giantbomb.com/api/game/3030-31762/", "id": 31762, "name": "Dead or Alive: Dimensions", "site_detail_url": "https://www.giantbomb.com/dead-or-alive-dimensions/3030-31762/"}, {"api_detail_url": "https://www.giantbomb.com/api/game/3030-42599/", "id": 42599, "name": "Dead or Alive 5 Ultimate", "site_detail_url": "https://www.giantbomb.com/dead-or-alive-5-ultimate/3030-42599/"}, {"api_detail_url": "https://www.giantbomb.com/api/game/3030-36412/", "id": 36412, "name": "Dead or Alive 5", "site_detail_url": "https://www.giantbomb.com/dead-or-alive-5/3030-36412/"}, {"api_detail_url": "https://www.giantbomb.com/api/game/3030-47969/", "id": 47969, "name": "Dead or Alive 5 Last Round", "site_detail_url": "https://www.giantbomb.com/dead-or-alive-5-last-round/3030-47969/"}, {"api_detail_url": "https://www.giantbomb.com/api/game/3030-50492/", "id": 50492, "name": "Dead or Alive Xtreme 3", "site_detail_url": "https://www.giantbomb.com/dead-or-alive-xtreme-3/3030-50492/"}, {"api_detail_url": "https://www.giantbomb.com/api/game/3030-7792/", "id": 7792, "name": "Dead or Alive 4", "site_detail_url": "https://www.giantbomb.com/dead-or-alive-4/3030-7792/"}, {"api_detail_url": "https://www.giantbomb.com/api/game/3030-55516/", "id": 55516, "name": "Dead or Alive Xtreme: Venus Vacation", "site_detail_url": "https://www.giantbomb.com/dead-or-alive-xtreme-venus-vacation/3030-55516/"}, {"api_detail_url": "https://www.giantbomb.com/api/game/3030-68876/", "id": 68876, "name": "Dead or Alive 6", "site_detail_url": "https://www.giantbomb.com/dead-or-alive-6/3030-68876/"}, {"api_detail_url": "https://www.giantbomb.com/api/game/3030-72554/", "id": 72554, "name": "Dead or Alive M", "site_detail_url": "https://www.giantbomb.com/dead-or-alive-m/3030-72554/"}]}, "version": "1.0"}