{"error": "OK", "limit": 1, "offset": 0, "number_of_page_results": 1, "number_of_total_results": 1, "status_code": 1, "results": {"games": [{"api_detail_url": "https://www.giantbomb.com/api/game/3030-26711/", "id": 26711, "name": "Metropolismania", "site_detail_url": "https://www.giantbomb.com/metropolismania/3030-26711/"}, {"api_detail_url": "https://www.giantbomb.com/api/game/3030-26712/", "id": 26712, "name": "Metropolismania 2", "site_detail_url": "https://www.giantbomb.com/metropolismania-2/3030-26712/"}, {"api_detail_url": "https://www.giantbomb.com/api/game/3030-36972/", "id": 36972, "name": "Machi-ing Maker 4", "site_detail_url": "https://www.giantbomb.com/machi-ing-maker-4/3030-36972/"}, {"api_detail_url": "https://www.giantbomb.com/api/game/3030-38341/", "id": 38341, "name": "Machi-ing Maker DS", "site_detail_url": "https://www.giantbomb.com/machi-ing-maker-ds/3030-38341/"}, {"api_detail_url": "https://www.giantbomb.com/api/game/3030-38342/", "id": 38342, "name": "Machi-Ing Maker 3 x Tousouchuu", "site_detail_url": "https://www.giantbomb.com/machi-ing-maker-3-x-tousouchuu/3030-38342/"}, {"api_detail_url": "https://www.giantbomb.com/api/game/3030-38343/", "id": 38343, "name": "Machi-ing Maker 2.1", "site_detail_url": "https://www.giantbomb.com/machi-ing-maker-21/3030-38343/"}]}, "version": "1.0"}