{"error": "OK", "limit": 1, "offset": 0, "number_of_page_results": 1, "number_of_total_results": 1, "status_code": 1, "results": {"games": [{"api_detail_url": "https://www.giantbomb.com/api/game/3030-25800/", "id": 25800, "name": "Warrior Blade: Rastan Saga Episode III", "site_detail_url": "https://www.giantbomb.com/warrior-blade-rastan-saga-episode-iii/3030-25800/"}, {"api_detail_url": "https://www.giantbomb.com/api/game/3030-2442/", "id": 2442, "name": "Rastan", "site_detail_url": "https://www.giantbomb.com/rastan/3030-2442/"}, {"api_detail_url": "https://www.giantbomb.com/api/game/3030-18097/", "id": 18097, "name": "Rastan Saga II", "site_detail_url": "https://www.giantbomb.com/rastan-saga-ii/3030-18097/"}, {"api_detail_url": "https://www.giantbomb.com/api/game/3030-46159/", "id": 46159, "name": "Barbarian", "site_detail_url": "https://www.giantbomb.com/barbarian/3030-46159/"}]}, "version": "1.0"}