{"error": "OK", "limit": 1, "offset": 0, "number_of_page_results": 1, "number_of_total_results": 1, "status_code": 1, "results": {"games": [{"api_detail_url": "https://www.giantbomb.com/api/game/3030-23972/", "id": 23972, "name": "Tetris: The Grand Master ACE", "site_detail_url": "https://www.giantbomb.com/tetris-the-grand-master-ace/3030-23972/"}, {"api_detail_url": "https://www.giantbomb.com/api/game/3030-35187/", "id": 35187, "name": "Tetris: The Grand Master 3: Terror Instinct", "site_detail_url": "https://www.giantbomb.com/tetris-the-grand-master-3-terror-instinct/3030-35187/"}, {"api_detail_url": "https://www.giantbomb.com/api/game/3030-42507/", "id": 42507, "name": "Tetris: The Grand Master", "site_detail_url": "https://www.giantbomb.com/tetris-the-grand-master/3030-42507/"}, {"api_detail_url": "https://www.giantbomb.com/api/game/3030-42506/", "id": 42506, "name": "Tetris: The Grand Master 2: The Absolute", "site_detail_url": "https://www.giantbomb.com/tetris-the-grand-master-2-the-absolute/3030-42506/"}]}, "version": "1.0"}