{"error": "OK", "limit": 1, "offset": 0, "number_of_page_results": 1, "number_of_total_results": 1, "status_code": 1, "results": {"games": [{"api_detail_url": "https://www.giantbomb.com/api/game/3030-25249/", "id": 25249, "name": "Red Dead Redemption", "site_detail_url": "https://www.giantbomb.com/red-dead-redemption/3030-25249/"}, {"api_detail_url": "https://www.giantbomb.com/api/game/3030-34507/", "id": 34507, "name": "Red Dead Redemption: Undead Nightmare", "site_detail_url": "https://www.giantbomb.com/red-dead-redemption-undead-nightmare/3030-34507/"}, {"api_detail_url": "https://www.giantbomb.com/api/game/3030-8440/", "id": 8440, "name": "Red Dead Revolver", "site_detail_url": "https://www.giantbomb.com/red-dead-revolver/3030-8440/"}, {"api_detail_url": "https://www.giantbomb.com/api/game/3030-56725/", "id": 56725, "name": "Red Dead Redemption II", "site_detail_url": "https://www.giantbomb.com/red-dead-redemption-ii/3030-56725/"}]}, "version": "1.0"}