{"error": "OK", "limit": 1, "offset": 0, "number_of_page_results": 1, "number_of_total_results": 1, "status_code": 1, "results": {"games": [{"api_detail_url": "https://www.giantbomb.com/api/game/3030-23975/", "id": 23975, "name": "Magical Vacation", "site_detail_url": "https://www.giantbomb.com/magical-vacation/3030-23975/"}, {"api_detail_url": "https://www.giantbomb.com/api/game/3030-11278/", "id": 11278, "name": "Magical Starsign", "site_detail_url": "https://www.giantbomb.com/magical-starsign/3030-11278/"}]}, "version": "1.0"}