{"error": "OK", "limit": 1, "offset": 0, "number_of_page_results": 1, "number_of_total_results": 1, "status_code": 1, "results": {"games": [{"api_detail_url": "https://www.giantbomb.com/api/game/3030-24165/", "id": 24165, "name": "Fuck Quest", "site_detail_url": "https://www.giantbomb.com/fuck-quest/3030-24165/"}, {"api_detail_url": "https://www.giantbomb.com/api/game/3030-12523/", "id": 12523, "name": "Fuck Quest 2: Romancing the Bone", "site_detail_url": "https://www.giantbomb.com/fuck-quest-2-romancing-the-bone/3030-12523/"}]}, "version": "1.0"}