{"error": "OK", "limit": 1, "offset": 0, "number_of_page_results": 1, "number_of_total_results": 1, "status_code": 1, "results": {"games": [{"api_detail_url": "https://www.giantbomb.com/api/game/3030-24175/", "id": 24175, "name": "Hannah Montana", "site_detail_url": "https://www.giantbomb.com/hannah-montana/3030-24175/"}, {"api_detail_url": "https://www.giantbomb.com/api/game/3030-24174/", "id": 24174, "name": "Hannah Montana: Music Jam", "site_detail_url": "https://www.giantbomb.com/hannah-montana-music-jam/3030-24174/"}, {"api_detail_url": "https://www.giantbomb.com/api/game/3030-21152/", "id": 21152, "name": "Hannah Montana: Pop Star Exclusive", "site_detail_url": "https://www.giantbomb.com/hannah-montana-pop-star-exclusive/3030-21152/"}, {"api_detail_url": "https://www.giantbomb.com/api/game/3030-25741/", "id": 25741, "name": "Hannah Montana: The Movie", "site_detail_url": "https://www.giantbomb.com/hannah-montana-the-movie/3030-25741/"}, {"api_detail_url": "https://www.giantbomb.com/api/game/3030-26806/", "id": 26806, "name": "Hannah Montana: Rock Out the Show", "site_detail_url": "https://www.giantbomb.com/hannah-montana-rock-out-the-show/3030-26806/"}, {"api_detail_url": "https://www.giantbomb.com/api/game/3030-38297/", "id": 38297, "name": "Hannah Montana", "site_detail_url": "https://www.giantbomb.com/hannah-montana/3030-38297/"}]}, "version": "1.0"}