{"error": "OK", "limit": 1, "offset": 0, "number_of_page_results": 1, "number_of_total_results": 1, "status_code": 1, "results": {"games": [{"api_detail_url": "https://www.giantbomb.com/api/game/3030-23854/", "id": 23854, "name": "School Rumble: Neru Musume wa Sodatsu", "site_detail_url": "https://www.giantbomb.com/school-rumble-neru-musume-wa-sodatsu/3030-23854/"}, {"api_detail_url": "https://www.giantbomb.com/api/game/3030-24100/", "id": 24100, "name": "School Rumble Ni-Gakki Kyoufu no Natsugasshuku Youkan ni Yuurei Arawaru Otakara wo Megutte Makkou Shoubu no Maki", "site_detail_url": "https://www.giantbomb.com/school-rumble-ni-gakki-kyoufu-no-natsugasshuku-you/3030-24100/"}, {"api_detail_url": "https://www.giantbomb.com/api/game/3030-28053/", "id": 28053, "name": "School Rumble: N\u0113san Jiken Desu!", "site_detail_url": "https://www.giantbomb.com/school-rumble-nesan-jiken-desu/3030-28053/"}]}, "version": "1.0"}