{"error": "OK", "limit": 1, "offset": 0, "number_of_page_results": 1, "number_of_total_results": 1, "status_code": 1, "results": {"games": [{"api_detail_url": "https://www.giantbomb.com/api/game/3030-2556/", "id": 2556, "name": "Prehistorik", "site_detail_url": "https://www.giantbomb.com/prehistorik/3030-2556/"}, {"api_detail_url": "https://www.giantbomb.com/api/game/3030-459/", "id": 459, "name": "Prehistorik 2", "site_detail_url": "https://www.giantbomb.com/prehistorik-2/3030-459/"}, {"api_detail_url": "https://www.giantbomb.com/api/game/3030-24993/", "id": 24993, "name": "Prehistorik Man", "site_detail_url": "https://www.giantbomb.com/prehistorik-man/3030-24993/"}, {"api_detail_url": "https://www.giantbomb.com/api/game/3030-43600/", "id": 43600, "name": "Prehistorik", "site_detail_url": "https://www.giantbomb.com/prehistorik/3030-43600/"}]}, "version": "1.0"}