{"error": "OK", "limit": 1, "offset": 0, "number_of_page_results": 1, "number_of_total_results": 1, "status_code": 1, "results": {"games": [{"api_detail_url": "https://www.giantbomb.com/api/game/3030-10252/", "id": 10252, "name": "Dragon Quest Heroes: Rocket Slime", "site_detail_url": "https://www.giantbomb.com/dragon-quest-heroes-rocket-slime/3030-10252/"}, {"api_detail_url": "https://www.giantbomb.com/api/game/3030-24123/", "id": 24123, "name": "Slime MoriMori Dragon Quest: Shougeki no Shippo Dan", "site_detail_url": "https://www.giantbomb.com/slime-morimori-dragon-quest-shougeki-no-shippo-dan/3030-24123/"}, {"api_detail_url": "https://www.giantbomb.com/api/game/3030-35102/", "id": 35102, "name": "Slime MoriMori Dragon Quest 3", "site_detail_url": "https://www.giantbomb.com/slime-morimori-dragon-quest-3/3030-35102/"}]}, "version": "1.0"}