{"error": "OK", "limit": 1, "offset": 0, "number_of_page_results": 1, "number_of_total_results": 1, "status_code": 1, "results": {"games": [{"api_detail_url": "https://www.giantbomb.com/api/game/3030-13556/", "id": 13556, "name": "David Crane's The Rescue of Princess Blobette", "site_detail_url": "https://www.giantbomb.com/david-cranes-the-rescue-of-princess-blobette/3030-13556/"}, {"api_detail_url": "https://www.giantbomb.com/api/game/3030-20314/", "id": 20314, "name": "David Crane's A Boy and his Blob: Trouble on Blobolonia", "site_detail_url": "https://www.giantbomb.com/david-cranes-a-boy-and-his-blob-trouble-on-blobolo/3030-20314/"}, {"api_detail_url": "https://www.giantbomb.com/api/game/3030-25508/", "id": 25508, "name": "A Boy and His Blob", "site_detail_url": "https://www.giantbomb.com/a-boy-and-his-blob/3030-25508/"}, {"api_detail_url": "https://www.giantbomb.com/api/game/3030-27751/", "id": 27751, "name": "A Boy and His Blob DS", "site_detail_url": "https://www.giantbomb.com/a-boy-and-his-blob-ds/3030-27751/"}]}, "version": "1.0"}