{"error": "OK", "limit": 1, "offset": 0, "number_of_page_results": 1, "number_of_total_results": 1, "status_code": 1, "results": {"games": [{"api_detail_url": "https://www.giantbomb.com/api/game/3030-7281/", "id": 7281, "name": "Astonishia Story", "site_detail_url": "https://www.giantbomb.com/astonishia-story/3030-7281/"}, {"api_detail_url": "https://www.giantbomb.com/api/game/3030-24102/", "id": 24102, "name": "Crimson Gem Saga", "site_detail_url": "https://www.giantbomb.com/crimson-gem-saga/3030-24102/"}, {"api_detail_url": "https://www.giantbomb.com/api/game/3030-46356/", "id": 46356, "name": "Astonishia VS", "site_detail_url": "https://www.giantbomb.com/astonishia-vs/3030-46356/"}, {"api_detail_url": "https://www.giantbomb.com/api/game/3030-81610/", "id": 81610, "name": "Forgotten Saga", "site_detail_url": "https://www.giantbomb.com/forgotten-saga/3030-81610/"}, {"api_detail_url": "https://www.giantbomb.com/api/game/3030-81613/", "id": 81613, "name": "Astonishia Story", "site_detail_url": "https://www.giantbomb.com/astonishia-story/3030-81613/"}]}, "version": "1.0"}