{"error": "OK", "limit": 1, "offset": 0, "number_of_page_results": 1, "number_of_total_results": 1, "status_code": 1, "results": {"games": [{"api_detail_url": "https://www.giantbomb.com/api/game/3030-26923/", "id": 26923, "name": "Trials HD", "site_detail_url": "https://www.giantbomb.com/trials-hd/3030-26923/"}, {"api_detail_url": "https://www.giantbomb.com/api/game/3030-21451/", "id": 21451, "name": "Trials 2 Second Edition", "site_detail_url": "https://www.giantbomb.com/trials-2-second-edition/3030-21451/"}, {"api_detail_url": "https://www.giantbomb.com/api/game/3030-33210/", "id": 33210, "name": "Trials Legends", "site_detail_url": "https://www.giantbomb.com/trials-legends/3030-33210/"}, {"api_detail_url": "https://www.giantbomb.com/api/game/3030-35566/", "id": 35566, "name": "Trials Evolution", "site_detail_url": "https://www.giantbomb.com/trials-evolution/3030-35566/"}, {"api_detail_url": "https://www.giantbomb.com/api/game/3030-42915/", "id": 42915, "name": "Trials Fusion", "site_detail_url": "https://www.giantbomb.com/trials-fusion/3030-42915/"}, {"api_detail_url": "https://www.giantbomb.com/api/game/3030-43877/", "id": 43877, "name": "Trials Frontier", "site_detail_url": "https://www.giantbomb.com/trials-frontier/3030-43877/"}, {"api_detail_url": "https://www.giantbomb.com/api/game/3030-54226/", "id": 54226, "name": "Trials of the Blood Dragon", "site_detail_url": "https://www.giantbomb.com/trials-of-the-blood-dragon/3030-54226/"}, {"api_detail_url": "https://www.giantbomb.com/api/game/3030-68930/", "id": 68930, "name": "Trials Rising", "site_detail_url": "https://www.giantbomb.com/trials-rising/3030-68930/"}]}, "version": "1.0"}