{"error": "OK", "limit": 1, "offset": 0, "number_of_page_results": 1, "number_of_total_results": 1, "status_code": 1, "results": {"games": [{"api_detail_url": "https://www.giantbomb.com/api/game/3030-24610/", "id": 24610, "name": "M&M's: The Lost Formulas", "site_detail_url": "https://www.giantbomb.com/mms-the-lost-formulas/3030-24610/"}, {"api_detail_url": "https://www.giantbomb.com/api/game/3030-22905/", "id": 22905, "name": "M&M's Shell Shocked", "site_detail_url": "https://www.giantbomb.com/mms-shell-shocked/3030-22905/"}, {"api_detail_url": "https://www.giantbomb.com/api/game/3030-24611/", "id": 24611, "name": "M&M's Beach Party", "site_detail_url": "https://www.giantbomb.com/mms-beach-party/3030-24611/"}, {"api_detail_url": "https://www.giantbomb.com/api/game/3030-11831/", "id": 11831, "name": "M&M's Kart Racing", "site_detail_url": "https://www.giantbomb.com/mms-kart-racing/3030-11831/"}, {"api_detail_url": "https://www.giantbomb.com/api/game/3030-25837/", "id": 25837, "name": "M&M's Adventure", "site_detail_url": "https://www.giantbomb.com/mms-adventure/3030-25837/"}, {"api_detail_url": "https://www.giantbomb.com/api/game/3030-24729/", "id": 24729, "name": "M&M's Blast!", "site_detail_url": "https://www.giantbomb.com/mms-blast/3030-24729/"}, {"api_detail_url": "https://www.giantbomb.com/api/game/3030-10608/", "id": 10608, "name": "M&M's Break' Em", "site_detail_url": "https://www.giantbomb.com/mms-break-em/3030-10608/"}, {"api_detail_url": "https://www.giantbomb.com/api/game/3030-38118/", "id": 38118, "name": "M&M's Minis Madness", "site_detail_url": "https://www.giantbomb.com/mms-minis-madness/3030-38118/"}]}, "version": "1.0"}