{"error": "OK", "limit": 1, "offset": 0, "number_of_page_results": 1, "number_of_total_results": 1, "status_code": 1, "results": {"games": [{"api_detail_url": "https://www.giantbomb.com/api/game/3030-12166/", "id": 12166, "name": "Bible Black -La Noche de Walpurgis-", "site_detail_url": "https://www.giantbomb.com/bible-black-la-noche-de-walpurgis-/3030-12166/"}, {"api_detail_url": "https://www.giantbomb.com/api/game/3030-23918/", "id": 23918, "name": "Bible Black - The Infection -", "site_detail_url": "https://www.giantbomb.com/bible-black-the-infection-/3030-23918/"}]}, "version": "1.0"}