{"error": "OK", "limit": 1, "offset": 0, "number_of_page_results": 1, "number_of_total_results": 1, "status_code": 1, "results": {"games": [{"api_detail_url": "https://www.giantbomb.com/api/game/3030-24154/", "id": 24154, "name": "The Suite Life of Zack & Cody: Circle of Spies", "site_detail_url": "https://www.giantbomb.com/the-suite-life-of-zack-cody-circle-of-spies/3030-24154/"}, {"api_detail_url": "https://www.giantbomb.com/api/game/3030-8077/", "id": 8077, "name": "The Suite Life of Zack & Cody: Tipton Trouble", "site_detail_url": "https://www.giantbomb.com/the-suite-life-of-zack-cody-tipton-trouble/3030-8077/"}, {"api_detail_url": "https://www.giantbomb.com/api/game/3030-24153/", "id": 24153, "name": "The Suite Life of Zack & Cody: Tipton Caper", "site_detail_url": "https://www.giantbomb.com/the-suite-life-of-zack-cody-tipton-caper/3030-24153/"}]}, "version": "1.0"}