{"error": "OK", "limit": 1, "offset": 0, "number_of_page_results": 1, "number_of_total_results": 1, "status_code": 1, "results": {"games": [{"api_detail_url": "https://www.giantbomb.com/api/game/3030-27137/", "id": 27137, "name": "Nanashi no Game", "site_detail_url": "https://www.giantbomb.com/nanashi-no-game/3030-27137/"}, {"api_detail_url": "https://www.giantbomb.com/api/game/3030-27214/", "id": 27214, "name": "Nanashi no Game Me", "site_detail_url": "https://www.giantbomb.com/nanashi-no-game-me/3030-27214/"}]}, "version": "1.0"}