{"error": "OK", "limit": 1, "offset": 0, "number_of_page_results": 1, "number_of_total_results": 1, "status_code": 1, "results": {"games": [{"api_detail_url": "https://www.giantbomb.com/api/game/3030-22105/", "id": 22105, "name": "Aqua Teen Hunger Force: Zombie Ninja Pro-Am", "site_detail_url": "https://www.giantbomb.com/aqua-teen-hunger-force-zombie-ninja-pro-am/3030-22105/"}, {"api_detail_url": "https://www.giantbomb.com/api/game/3030-20522/", "id": 20522, "name": "Harvey Birdman: Attorney at Law", "site_detail_url": "https://www.giantbomb.com/harvey-birdman-attorney-at-law/3030-20522/"}, {"api_detail_url": "https://www.giantbomb.com/api/game/3030-24942/", "id": 24942, "name": "Alan Probe: Amateur Surgeon", "site_detail_url": "https://www.giantbomb.com/alan-probe-amateur-surgeon/3030-24942/"}, {"api_detail_url": "https://www.giantbomb.com/api/game/3030-35493/", "id": 35493, "name": "Alan Probe: Amateur Surgeon Christmas Edition", "site_detail_url": "https://www.giantbomb.com/alan-probe-amateur-surgeon-christmas-edition/3030-35493/"}, {"api_detail_url": "https://www.giantbomb.com/api/game/3030-34903/", "id": 34903, "name": "Soul Brother", "site_detail_url": "https://www.giantbomb.com/soul-brother/3030-34903/"}, {"api_detail_url": "https://www.giantbomb.com/api/game/3030-34977/", "id": 34977, "name": "5 Minutes to Kill Yourself", "site_detail_url": "https://www.giantbomb.com/5-minutes-to-kill-yourself/3030-34977/"}]}, "version": "1.0"}