{"error": "OK", "limit": 1, "offset": 0, "number_of_page_results": 1, "number_of_total_results": 1, "status_code": 1, "results": {"games": [{"api_detail_url": "https://www.giantbomb.com/api/game/3030-25806/", "id": 25806, "name": "Steambot Chronicles Battle Tournament", "site_detail_url": "https://www.giantbomb.com/steambot-chronicles-battle-tournament/3030-25806/"}, {"api_detail_url": "https://www.giantbomb.com/api/game/3030-7087/", "id": 7087, "name": "Steambot Chronicles", "site_detail_url": "https://www.giantbomb.com/steambot-chronicles/3030-7087/"}, {"api_detail_url": "https://www.giantbomb.com/api/game/3030-25807/", "id": 25807, "name": "Poncotsu Roman Daikatsugeki Bumpy Trot 2", "site_detail_url": "https://www.giantbomb.com/poncotsu-roman-daikatsugeki-bumpy-trot-2/3030-25807/"}, {"api_detail_url": "https://www.giantbomb.com/api/game/3030-25808/", "id": 25808, "name": "Blokus Portable: Steambot Championship", "site_detail_url": "https://www.giantbomb.com/blokus-portable-steambot-championship/3030-25808/"}]}, "version": "1.0"}