{"error": "OK", "limit": 1, "offset": 0, "number_of_page_results": 1, "number_of_total_results": 1, "status_code": 1, "results": {"games": [{"api_detail_url": "https://www.giantbomb.com/api/game/3030-15785/", "id": 15785, "name": "Crimson Sea", "site_detail_url": "https://www.giantbomb.com/crimson-sea/3030-15785/"}, {"api_detail_url": "https://www.giantbomb.com/api/game/3030-8486/", "id": 8486, "name": "Crimson Sea 2", "site_detail_url": "https://www.giantbomb.com/crimson-sea-2/3030-8486/"}]}, "version": "1.0"}