{"error": "OK", "limit": 1, "offset": 0, "number_of_page_results": 1, "number_of_total_results": 1, "status_code": 1, "results": {"games": [{"api_detail_url": "https://www.giantbomb.com/api/game/3030-7330/", "id": 7330, "name": "SEGA AGES 2500 Vol.8: V.R. Virtua Racing -FlatOut-", "site_detail_url": "https://www.giantbomb.com/sega-ages-2500-vol8-vr-virtua-racing-flatout-/3030-7330/"}, {"api_detail_url": "https://www.giantbomb.com/api/game/3030-11455/", "id": 11455, "name": "Virtua Racing Deluxe", "site_detail_url": "https://www.giantbomb.com/virtua-racing-deluxe/3030-11455/"}, {"api_detail_url": "https://www.giantbomb.com/api/game/3030-11009/", "id": 11009, "name": "Virtua Racing", "site_detail_url": "https://www.giantbomb.com/virtua-racing/3030-11009/"}, {"api_detail_url": "https://www.giantbomb.com/api/game/3030-15840/", "id": 15840, "name": "Time Warner Interactive's V.R. Virtua Racing", "site_detail_url": "https://www.giantbomb.com/time-warner-interactives-vr-virtua-racing/3030-15840/"}]}, "version": "1.0"}