{"error": "OK", "limit": 1, "offset": 0, "number_of_page_results": 1, "number_of_total_results": 1, "status_code": 1, "results": {"games": [{"api_detail_url": "https://www.giantbomb.com/api/game/3030-24069/", "id": 24069, "name": "My Make-Up", "site_detail_url": "https://www.giantbomb.com/my-make-up/3030-24069/"}, {"api_detail_url": "https://www.giantbomb.com/api/game/3030-24067/", "id": 24067, "name": "My Secret Diary", "site_detail_url": "https://www.giantbomb.com/my-secret-diary/3030-24067/"}, {"api_detail_url": "https://www.giantbomb.com/api/game/3030-24068/", "id": 24068, "name": "My Dress-Up", "site_detail_url": "https://www.giantbomb.com/my-dress-up/3030-24068/"}]}, "version": "1.0"}