{"error": "OK", "limit": 1, "offset": 0, "number_of_page_results": 1, "number_of_total_results": 1, "status_code": 1, "results": {"games": [{"api_detail_url": "https://www.giantbomb.com/api/game/3030-16242/", "id": 16242, "name": "HardBall!", "site_detail_url": "https://www.giantbomb.com/hardball/3030-16242/"}, {"api_detail_url": "https://www.giantbomb.com/api/game/3030-2490/", "id": 2490, "name": "HardBall II", "site_detail_url": "https://www.giantbomb.com/hardball-ii/3030-2490/"}, {"api_detail_url": "https://www.giantbomb.com/api/game/3030-4735/", "id": 4735, "name": "HardBall III", "site_detail_url": "https://www.giantbomb.com/hardball-iii/3030-4735/"}, {"api_detail_url": "https://www.giantbomb.com/api/game/3030-19217/", "id": 19217, "name": "HardBall 4", "site_detail_url": "https://www.giantbomb.com/hardball-4/3030-19217/"}, {"api_detail_url": "https://www.giantbomb.com/api/game/3030-13851/", "id": 13851, "name": "Hardball 5", "site_detail_url": "https://www.giantbomb.com/hardball-5/3030-13851/"}, {"api_detail_url": "https://www.giantbomb.com/api/game/3030-12594/", "id": 12594, "name": "HardBall 6", "site_detail_url": "https://www.giantbomb.com/hardball-6/3030-12594/"}]}, "version": "1.0"}