{"error": "OK", "limit": 1, "offset": 0, "number_of_page_results": 1, "number_of_total_results": 1, "status_code": 1, "results": {"games": [{"api_detail_url": "https://www.giantbomb.com/api/game/3030-26945/", "id": 26945, "name": "Discovery Kids: Parrot Pals", "site_detail_url": "https://www.giantbomb.com/discovery-kids-parrot-pals/3030-26945/"}, {"api_detail_url": "https://www.giantbomb.com/api/game/3030-23104/", "id": 23104, "name": "Discovery Kids: Dolphin Discovery", "site_detail_url": "https://www.giantbomb.com/discovery-kids-dolphin-discovery/3030-23104/"}, {"api_detail_url": "https://www.giantbomb.com/api/game/3030-21918/", "id": 21918, "name": "Discovery Kids: Kitten Corner", "site_detail_url": "https://www.giantbomb.com/discovery-kids-kitten-corner/3030-21918/"}, {"api_detail_url": "https://www.giantbomb.com/api/game/3030-25301/", "id": 25301, "name": "Discovery Kids: Pony Paradise", "site_detail_url": "https://www.giantbomb.com/discovery-kids-pony-paradise/3030-25301/"}, {"api_detail_url": "https://www.giantbomb.com/api/game/3030-22466/", "id": 22466, "name": "Discovery Kids: Puppy Playtime", "site_detail_url": "https://www.giantbomb.com/discovery-kids-puppy-playtime/3030-22466/"}, {"api_detail_url": "https://www.giantbomb.com/api/game/3030-29250/", "id": 29250, "name": "Discovery Kids: Spider Quest", "site_detail_url": "https://www.giantbomb.com/discovery-kids-spider-quest/3030-29250/"}]}, "version": "1.0"}