{"error": "OK", "limit": 1, "offset": 0, "number_of_page_results": 1, "number_of_total_results": 1, "status_code": 1, "results": {"games": [{"api_detail_url": "https://www.giantbomb.com/api/game/3030-20466/", "id": 20466, "name": "Boom Blox", "site_detail_url": "https://www.giantbomb.com/boom-blox/3030-20466/"}, {"api_detail_url": "https://www.giantbomb.com/api/game/3030-25193/", "id": 25193, "name": "Boom Blox Bash Party", "site_detail_url": "https://www.giantbomb.com/boom-blox-bash-party/3030-25193/"}]}, "version": "1.0"}