{"error": "OK", "limit": 1, "offset": 0, "number_of_page_results": 1, "number_of_total_results": 1, "status_code": 1, "results": {"games": [{"api_detail_url": "https://www.giantbomb.com/api/game/3030-8687/", "id": 8687, "name": "Sesame Street 1 2 3/A B C", "site_detail_url": "https://www.giantbomb.com/sesame-street-1-2-3a-b-c/3030-8687/"}, {"api_detail_url": "https://www.giantbomb.com/api/game/3030-4716/", "id": 4716, "name": "Sesame Street Crayon: Numbers Count", "site_detail_url": "https://www.giantbomb.com/sesame-street-crayon-numbers-count/3030-4716/"}, {"api_detail_url": "https://www.giantbomb.com/api/game/3030-11943/", "id": 11943, "name": "Sesame Street Crayon: Letters For You", "site_detail_url": "https://www.giantbomb.com/sesame-street-crayon-letters-for-you/3030-11943/"}, {"api_detail_url": "https://www.giantbomb.com/api/game/3030-21926/", "id": 21926, "name": "Sesame Street: Countdown", "site_detail_url": "https://www.giantbomb.com/sesame-street-countdown/3030-21926/"}, {"api_detail_url": "https://www.giantbomb.com/api/game/3030-3700/", "id": 3700, "name": "Sesame Street: Lets Make a Word!", "site_detail_url": "https://www.giantbomb.com/sesame-street-lets-make-a-word/3030-3700/"}, {"api_detail_url": "https://www.giantbomb.com/api/game/3030-16590/", "id": 16590, "name": "Sesame Street A B C", "site_detail_url": "https://www.giantbomb.com/sesame-street-a-b-c/3030-16590/"}, {"api_detail_url": "https://www.giantbomb.com/api/game/3030-15391/", "id": 15391, "name": "Sesame Street: Get Set To Learn", "site_detail_url": "https://www.giantbomb.com/sesame-street-get-set-to-learn/3030-15391/"}, {"api_detail_url": "https://www.giantbomb.com/api/game/3030-24259/", "id": 24259, "name": "Sesame Street: Bert & Ernie's Imagination Adventure", "site_detail_url": "https://www.giantbomb.com/sesame-street-bert-ernies-imagination-adventure/3030-24259/"}, {"api_detail_url": "https://www.giantbomb.com/api/game/3030-23554/", "id": 23554, "name": "Elmo's Number Journey", "site_detail_url": "https://www.giantbomb.com/elmos-number-journey/3030-23554/"}, {"api_detail_url": "https://www.giantbomb.com/api/game/3030-24242/", "id": 24242, "name": "Elmo's World: Elmo's Big Discoveries", "site_detail_url": "https://www.giantbomb.com/elmos-world-elmos-big-discoveries/3030-24242/"}, {"api_detail_url": "https://www.giantbomb.com/api/game/3030-6679/", "id": 6679, "name": "Elmo's Letter Adventure", "site_detail_url": "https://www.giantbomb.com/elmos-letter-adventure/3030-6679/"}, {"api_detail_url": "https://www.giantbomb.com/api/game/3030-11877/", "id": 11877, "name": "The Adventures of Elmo in Grouchland", "site_detail_url": "https://www.giantbomb.com/the-adventures-of-elmo-in-grouchland/3030-11877/"}, {"api_detail_url": "https://www.giantbomb.com/api/game/3030-4107/", "id": 4107, "name": "Elmo's Deep Sea Adventure", "site_detail_url": "https://www.giantbomb.com/elmos-deep-sea-adventure/3030-4107/"}, {"api_detail_url": "https://www.giantbomb.com/api/game/3030-15182/", "id": 15182, "name": "Alpha Beam with Ernie", "site_detail_url": "https://www.giantbomb.com/alpha-beam-with-ernie/3030-15182/"}, {"api_detail_url": "https://www.giantbomb.com/api/game/3030-3151/", "id": 3151, "name": "Cookie Monster Munch", "site_detail_url": "https://www.giantbomb.com/cookie-monster-munch/3030-3151/"}, {"api_detail_url": "https://www.giantbomb.com/api/game/3030-16122/", "id": 16122, "name": "Big Bird's Hide and Speak", "site_detail_url": "https://www.giantbomb.com/big-birds-hide-and-speak/3030-16122/"}, {"api_detail_url": "https://www.giantbomb.com/api/game/3030-11230/", "id": 11230, "name": "Big Bird's Egg Catch", "site_detail_url": "https://www.giantbomb.com/big-birds-egg-catch/3030-11230/"}, {"api_detail_url": "https://www.giantbomb.com/api/game/3030-20086/", "id": 20086, "name": "Oscar's Trash Race", "site_detail_url": "https://www.giantbomb.com/oscars-trash-race/3030-20086/"}, {"api_detail_url": "https://www.giantbomb.com/api/game/3030-29509/", "id": 29509, "name": "Sesame Street Sports", "site_detail_url": "https://www.giantbomb.com/sesame-street-sports/3030-29509/"}, {"api_detail_url": "https://www.giantbomb.com/api/game/3030-30497/", "id": 30497, "name": "Sesame Street", "site_detail_url": "https://www.giantbomb.com/sesame-street/3030-30497/"}, {"api_detail_url": "https://www.giantbomb.com/api/game/3030-34156/", "id": 34156, "name": "Sesame Street: Once Upon a Monster", "site_detail_url": "https://www.giantbomb.com/sesame-street-once-upon-a-monster/3030-34156/"}, {"api_detail_url": "https://www.giantbomb.com/api/game/3030-30617/", "id": 30617, "name": "A Visit to Sesame Street: Letters", "site_detail_url": "https://www.giantbomb.com/a-visit-to-sesame-street-letters/3030-30617/"}, {"api_detail_url": "https://www.giantbomb.com/api/game/3030-29899/", "id": 29899, "name": "Sesame Street: Counting Cafe", "site_detail_url": "https://www.giantbomb.com/sesame-street-counting-cafe/3030-29899/"}, {"api_detail_url": "https://www.giantbomb.com/api/game/3030-37198/", "id": 37198, "name": "Kinect Sesame Street TV", "site_detail_url": "https://www.giantbomb.com/kinect-sesame-street-tv/3030-37198/"}, {"api_detail_url": "https://www.giantbomb.com/api/game/3030-40563/", "id": 40563, "name": "Sesame Street 1 2 3", "site_detail_url": "https://www.giantbomb.com/sesame-street-1-2-3/3030-40563/"}, {"api_detail_url": "https://www.giantbomb.com/api/game/3030-45444/", "id": 45444, "name": "Sesame Street: Flappy Bert", "site_detail_url": "https://www.giantbomb.com/sesame-street-flappy-bert/3030-45444/"}, {"api_detail_url": "https://www.giantbomb.com/api/game/3030-51866/", "id": 51866, "name": "Sesame Street: Elmo's Musical Monsterpiece", "site_detail_url": "https://www.giantbomb.com/sesame-street-elmos-musical-monsterpiece/3030-51866/"}, {"api_detail_url": "https://www.giantbomb.com/api/game/3030-52156/", "id": 52156, "name": "Sesame Street: Let's Play School", "site_detail_url": "https://www.giantbomb.com/sesame-street-lets-play-school/3030-52156/"}, {"api_detail_url": "https://www.giantbomb.com/api/game/3030-52157/", "id": 52157, "name": "Sesame Street: Oscar's Letter Party", "site_detail_url": "https://www.giantbomb.com/sesame-street-oscars-letter-party/3030-52157/"}, {"api_detail_url": "https://www.giantbomb.com/api/game/3030-34520/", "id": 34520, "name": "Sesame Street: Elmo's A-to-Zoo Adventure", "site_detail_url": "https://www.giantbomb.com/sesame-street-elmos-a-to-zoo-adventure/3030-34520/"}, {"api_detail_url": "https://www.giantbomb.com/api/game/3030-47764/", "id": 47764, "name": "Astro-Grover", "site_detail_url": "https://www.giantbomb.com/astro-grover/3030-47764/"}, {"api_detail_url": "https://www.giantbomb.com/api/game/3030-52155/", "id": 52155, "name": "Sesame Street: Magic on Sesame Street", "site_detail_url": "https://www.giantbomb.com/sesame-street-magic-on-sesame-street/3030-52155/"}, {"api_detail_url": "https://www.giantbomb.com/api/game/3030-57148/", "id": 57148, "name": "A Visit to Sesame Street: Numbers", "site_detail_url": "https://www.giantbomb.com/a-visit-to-sesame-street-numbers/3030-57148/"}, {"api_detail_url": "https://www.giantbomb.com/api/game/3030-52152/", "id": 52152, "name": "Sesame Street: Let's Learn to Play Together", "site_detail_url": "https://www.giantbomb.com/sesame-street-lets-learn-to-play-together/3030-52152/"}, {"api_detail_url": "https://www.giantbomb.com/api/game/3030-8838/", "id": 8838, "name": "Sesame Street Crayon: Opposites Attract", "site_detail_url": "https://www.giantbomb.com/sesame-street-crayon-opposites-attract/3030-8838/"}, {"api_detail_url": "https://www.giantbomb.com/api/game/3030-74520/", "id": 74520, "name": "Ernie's Adventures in Space", "site_detail_url": "https://www.giantbomb.com/ernies-adventures-in-space/3030-74520/"}, {"api_detail_url": "https://www.giantbomb.com/api/game/3030-79943/", "id": 79943, "name": "Sesame Street: The Three Grouchketeers", "site_detail_url": "https://www.giantbomb.com/sesame-street-the-three-grouchketeers/3030-79943/"}, {"api_detail_url": "https://www.giantbomb.com/api/game/3030-79944/", "id": 79944, "name": "Sesame Street: Toddler", "site_detail_url": "https://www.giantbomb.com/sesame-street-toddler/3030-79944/"}, {"api_detail_url": "https://www.giantbomb.com/api/game/3030-79945/", "id": 79945, "name": "Sesame Street: Preschool", "site_detail_url": "https://www.giantbomb.com/sesame-street-preschool/3030-79945/"}, {"api_detail_url": "https://www.giantbomb.com/api/game/3030-79946/", "id": 79946, "name": "Sesame Street Elmo's World: Shoes, Bugs & Farms!", "site_detail_url": "https://www.giantbomb.com/sesame-street-elmos-world-shoes-bugs-and-farms/3030-79946/"}, {"api_detail_url": "https://www.giantbomb.com/api/game/3030-79947/", "id": 79947, "name": "Sesame Street Elmo\u2019s World: Pets, Foods and Telephones!", "site_detail_url": "https://www.giantbomb.com/sesame-street-elmos-world-pets-foods-and-telephone/3030-79947/"}, {"api_detail_url": "https://www.giantbomb.com/api/game/3030-79948/", "id": 79948, "name": "Ernie's Quiz", "site_detail_url": "https://www.giantbomb.com/ernies-quiz/3030-79948/"}, {"api_detail_url": "https://www.giantbomb.com/api/game/3030-31991/", "id": 31991, "name": "Sesame Street: Cookie's Counting Carnival", "site_detail_url": "https://www.giantbomb.com/sesame-street-cookies-counting-carnival/3030-31991/"}, {"api_detail_url": "https://www.giantbomb.com/api/game/3030-79982/", "id": 79982, "name": "Sesame Street: Ready, Set, Grover!", "site_detail_url": "https://www.giantbomb.com/sesame-street-ready-set-grover/3030-79982/"}, {"api_detail_url": "https://www.giantbomb.com/api/game/3030-79983/", "id": 79983, "name": "Sesame Street Music Maker", "site_detail_url": "https://www.giantbomb.com/sesame-street-music-maker/3030-79983/"}, {"api_detail_url": "https://www.giantbomb.com/api/game/3030-81955/", "id": 81955, "name": "Sesame Street Letter-Go-Round", "site_detail_url": "https://www.giantbomb.com/sesame-street-letter-go-round/3030-81955/"}, {"api_detail_url": "https://www.giantbomb.com/api/game/3030-82785/", "id": 82785, "name": "Grover's Number Special", "site_detail_url": "https://www.giantbomb.com/grovers-number-special/3030-82785/"}, {"api_detail_url": "https://www.giantbomb.com/api/game/3030-82786/", "id": 82786, "name": "Elmo's Monster Maker", "site_detail_url": "https://www.giantbomb.com/elmos-monster-maker/3030-82786/"}, {"api_detail_url": "https://www.giantbomb.com/api/game/3030-82787/", "id": 82787, "name": "Sesame Street: Search and Learn Adventures", "site_detail_url": "https://www.giantbomb.com/sesame-street-search-and-learn-adventures/3030-82787/"}, {"api_detail_url": "https://www.giantbomb.com/api/game/3030-82788/", "id": 82788, "name": "Sesame Street: Elmo Through the Looking-Glass", "site_detail_url": "https://www.giantbomb.com/sesame-street-elmo-through-the-looking-glass/3030-82788/"}, {"api_detail_url": "https://www.giantbomb.com/api/game/3030-82789/", "id": 82789, "name": "Sesame Street: Create & Draw in Elmo's World", "site_detail_url": "https://www.giantbomb.com/sesame-street-create-and-draw-in-elmos-world/3030-82789/"}, {"api_detail_url": "https://www.giantbomb.com/api/game/3030-82790/", "id": 82790, "name": "Sesame Street: Baby & Me", "site_detail_url": "https://www.giantbomb.com/sesame-street-baby-and-me/3030-82790/"}, {"api_detail_url": "https://www.giantbomb.com/api/game/3030-84640/", "id": 84640, "name": "Sesame Street Makes Music", "site_detail_url": "https://www.giantbomb.com/sesame-street-makes-music/3030-84640/"}]}, "version": "1.0"}