{"error": "OK", "limit": 1, "offset": 0, "number_of_page_results": 1, "number_of_total_results": 1, "status_code": 1, "results": {"games": [{"api_detail_url": "https://www.giantbomb.com/api/game/3030-22438/", "id": 22438, "name": "Go! Sports Skydiving", "site_detail_url": "https://www.giantbomb.com/go-sports-skydiving/3030-22438/"}, {"api_detail_url": "https://www.giantbomb.com/api/game/3030-22182/", "id": 22182, "name": "Go! Sports Ski", "site_detail_url": "https://www.giantbomb.com/go-sports-ski/3030-22182/"}, {"api_detail_url": "https://www.giantbomb.com/api/game/3030-22529/", "id": 22529, "name": "Go! Puzzle", "site_detail_url": "https://www.giantbomb.com/go-puzzle/3030-22529/"}, {"api_detail_url": "https://www.giantbomb.com/api/game/3030-8056/", "id": 8056, "name": "Go! Sudoku", "site_detail_url": "https://www.giantbomb.com/go-sudoku/3030-8056/"}]}, "version": "1.0"}