{"error": "OK", "limit": 1, "offset": 0, "number_of_page_results": 1, "number_of_total_results": 1, "status_code": 1, "results": {"games": [{"api_detail_url": "https://www.giantbomb.com/api/game/3030-839/", "id": 839, "name": "Ys: The Oath in Felghana", "site_detail_url": "https://www.giantbomb.com/ys-the-oath-in-felghana/3030-839/"}, {"api_detail_url": "https://www.giantbomb.com/api/game/3030-4208/", "id": 4208, "name": "Ys III: Wanderers from Ys", "site_detail_url": "https://www.giantbomb.com/ys-iii-wanderers-from-ys/3030-4208/"}, {"api_detail_url": "https://www.giantbomb.com/api/game/3030-4773/", "id": 4773, "name": "Ys II: Ancient Ys Vanished: The Final Chapter", "site_detail_url": "https://www.giantbomb.com/ys-ii-ancient-ys-vanished-the-final-chapter/3030-4773/"}, {"api_detail_url": "https://www.giantbomb.com/api/game/3030-11933/", "id": 11933, "name": "Ys IV: Mask of the Sun", "site_detail_url": "https://www.giantbomb.com/ys-iv-mask-of-the-sun/3030-11933/"}, {"api_detail_url": "https://www.giantbomb.com/api/game/3030-13964/", "id": 13964, "name": "Ys: Book I & II", "site_detail_url": "https://www.giantbomb.com/ys-book-i-ii/3030-13964/"}, {"api_detail_url": "https://www.giantbomb.com/api/game/3030-14318/", "id": 14318, "name": "Ys: The Vanished Omens", "site_detail_url": "https://www.giantbomb.com/ys-the-vanished-omens/3030-14318/"}, {"api_detail_url": "https://www.giantbomb.com/api/game/3030-17023/", "id": 17023, "name": "Ys V: Ushinawareta Suna no Miyako Kefin", "site_detail_url": "https://www.giantbomb.com/ys-v-ushinawareta-suna-no-miyako-kefin/3030-17023/"}, {"api_detail_url": "https://www.giantbomb.com/api/game/3030-17885/", "id": 17885, "name": "Ys Origin", "site_detail_url": "https://www.giantbomb.com/ys-origin/3030-17885/"}, {"api_detail_url": "https://www.giantbomb.com/api/game/3030-18453/", "id": 18453, "name": "Ys IV: The Dawn of Ys", "site_detail_url": "https://www.giantbomb.com/ys-iv-the-dawn-of-ys/3030-18453/"}, {"api_detail_url": "https://www.giantbomb.com/api/game/3030-19621/", "id": 19621, "name": "Ys: The Ark of Napishtim", "site_detail_url": "https://www.giantbomb.com/ys-the-ark-of-napishtim/3030-19621/"}, {"api_detail_url": "https://www.giantbomb.com/api/game/3030-24107/", "id": 24107, "name": "Ys Strategy", "site_detail_url": "https://www.giantbomb.com/ys-strategy/3030-24107/"}, {"api_detail_url": "https://www.giantbomb.com/api/game/3030-24226/", "id": 24226, "name": "Legacy of Ys: Books I & II", "site_detail_url": "https://www.giantbomb.com/legacy-of-ys-books-i-ii/3030-24226/"}, {"api_detail_url": "https://www.giantbomb.com/api/game/3030-24327/", "id": 24327, "name": "Ys V: Lost Kefin, Kingdom of Sand", "site_detail_url": "https://www.giantbomb.com/ys-v-lost-kefin-kingdom-of-sand/3030-24327/"}, {"api_detail_url": "https://www.giantbomb.com/api/game/3030-25615/", "id": 25615, "name": "Ys Online: The Call of Solum", "site_detail_url": "https://www.giantbomb.com/ys-online-the-call-of-solum/3030-25615/"}, {"api_detail_url": "https://www.giantbomb.com/api/game/3030-25690/", "id": 25690, "name": "Ys SEVEN", "site_detail_url": "https://www.giantbomb.com/ys-seven/3030-25690/"}, {"api_detail_url": "https://www.giantbomb.com/api/game/3030-25694/", "id": 25694, "name": "Ys I & II Chronicles", "site_detail_url": "https://www.giantbomb.com/ys-i-ii-chronicles/3030-25694/"}, {"api_detail_url": "https://www.giantbomb.com/api/game/3030-27661/", "id": 27661, "name": "Ys I & II: Complete", "site_detail_url": "https://www.giantbomb.com/ys-i-ii-complete/3030-27661/"}, {"api_detail_url": "https://www.giantbomb.com/api/game/3030-30364/", "id": 30364, "name": "Ys vs. Sora no Kiseki: Alternative Saga", "site_detail_url": "https://www.giantbomb.com/ys-vs-sora-no-kiseki-alternative-saga/3030-30364/"}, {"api_detail_url": "https://www.giantbomb.com/api/game/3030-36409/", "id": 36409, "name": "Ys: Memories of Celceta", "site_detail_url": "https://www.giantbomb.com/ys-memories-of-celceta/3030-36409/"}, {"api_detail_url": "https://www.giantbomb.com/api/game/3030-38436/", "id": 38436, "name": "Ys IV: Mask of the Sun - A New Theory", "site_detail_url": "https://www.giantbomb.com/ys-iv-mask-of-the-sun-a-new-theory/3030-38436/"}, {"api_detail_url": "https://www.giantbomb.com/api/game/3030-47723/", "id": 47723, "name": "Ys VIII: Lacrimosa of Dana", "site_detail_url": "https://www.giantbomb.com/ys-viii-lacrimosa-of-dana/3030-47723/"}, {"api_detail_url": "https://www.giantbomb.com/api/game/3030-70732/", "id": 70732, "name": "Ys Eternal", "site_detail_url": "https://www.giantbomb.com/ys-eternal/3030-70732/"}, {"api_detail_url": "https://www.giantbomb.com/api/game/3030-70733/", "id": 70733, "name": "Ys II Eternal", "site_detail_url": "https://www.giantbomb.com/ys-ii-eternal/3030-70733/"}, {"api_detail_url": "https://www.giantbomb.com/api/game/3030-70734/", "id": 70734, "name": "Ys I Complete", "site_detail_url": "https://www.giantbomb.com/ys-i-complete/3030-70734/"}, {"api_detail_url": "https://www.giantbomb.com/api/game/3030-70735/", "id": 70735, "name": "Ys II Complete", "site_detail_url": "https://www.giantbomb.com/ys-ii-complete/3030-70735/"}, {"api_detail_url": "https://www.giantbomb.com/api/game/3030-70736/", "id": 70736, "name": "Ys I & II: Eternal Story", "site_detail_url": "https://www.giantbomb.com/ys-i-and-ii-eternal-story/3030-70736/"}, {"api_detail_url": "https://www.giantbomb.com/api/game/3030-70737/", "id": 70737, "name": "Ys DS", "site_detail_url": "https://www.giantbomb.com/ys-ds/3030-70737/"}, {"api_detail_url": "https://www.giantbomb.com/api/game/3030-70738/", "id": 70738, "name": "Ys II DS", "site_detail_url": "https://www.giantbomb.com/ys-ii-ds/3030-70738/"}, {"api_detail_url": "https://www.giantbomb.com/api/game/3030-70955/", "id": 70955, "name": "Ys Altago", "site_detail_url": "https://www.giantbomb.com/ys-altago/3030-70955/"}, {"api_detail_url": "https://www.giantbomb.com/api/game/3030-71421/", "id": 71421, "name": "Ys IX: Monstrum Nox", "site_detail_url": "https://www.giantbomb.com/ys-ix-monstrum-nox/3030-71421/"}, {"api_detail_url": "https://www.giantbomb.com/api/game/3030-81573/", "id": 81573, "name": "Ys II Special", "site_detail_url": "https://www.giantbomb.com/ys-ii-special/3030-81573/"}, {"api_detail_url": "https://www.giantbomb.com/api/game/3030-87193/", "id": 87193, "name": "Ys Online: The Ark of Napishtim", "site_detail_url": "https://www.giantbomb.com/ys-online-the-ark-of-napishtim/3030-87193/"}, {"api_detail_url": "https://www.giantbomb.com/api/game/3030-88115/", "id": 88115, "name": "Ys X: Nordics", "site_detail_url": "https://www.giantbomb.com/ys-x-nordics/3030-88115/"}, {"api_detail_url": "https://www.giantbomb.com/api/game/3030-88116/", "id": 88116, "name": "Ys Memoire: The Oath in Felghana", "site_detail_url": "https://www.giantbomb.com/ys-memoire-the-oath-in-felghana/3030-88116/"}, {"api_detail_url": "https://www.giantbomb.com/api/game/3030-19077/", "id": 19077, "name": "Falcom Classics II", "site_detail_url": "https://www.giantbomb.com/falcom-classics-ii/3030-19077/"}, {"api_detail_url": "https://www.giantbomb.com/api/game/3030-6698/", "id": 6698, "name": "Falcom Classics", "site_detail_url": "https://www.giantbomb.com/falcom-classics/3030-6698/"}]}, "version": "1.0"}