{"error": "OK", "limit": 1, "offset": 0, "number_of_page_results": 1, "number_of_total_results": 1, "status_code": 1, "results": {"games": [{"api_detail_url": "https://www.giantbomb.com/api/game/3030-20246/", "id": 20246, "name": "Woody Woodpecker: Escape from Buzz Buzzard Park", "site_detail_url": "https://www.giantbomb.com/woody-woodpecker-escape-from-buzz-buzzard-park/3030-20246/"}, {"api_detail_url": "https://www.giantbomb.com/api/game/3030-14384/", "id": 14384, "name": "Woody Woodpecker Racing", "site_detail_url": "https://www.giantbomb.com/woody-woodpecker-racing/3030-14384/"}, {"api_detail_url": "https://www.giantbomb.com/api/game/3030-18979/", "id": 18979, "name": "Woody Woodpecker in Crazy Castle 5", "site_detail_url": "https://www.giantbomb.com/woody-woodpecker-in-crazy-castle-5/3030-18979/"}, {"api_detail_url": "https://www.giantbomb.com/api/game/3030-33353/", "id": 33353, "name": "F\u00e9rias Frustradas do Pica Pau", "site_detail_url": "https://www.giantbomb.com/ferias-frustradas-do-pica-pau/3030-33353/"}, {"api_detail_url": "https://www.giantbomb.com/api/game/3030-41259/", "id": 41259, "name": "Woody Woodpecker", "site_detail_url": "https://www.giantbomb.com/woody-woodpecker/3030-41259/"}, {"api_detail_url": "https://www.giantbomb.com/api/game/3030-41261/", "id": 41261, "name": "Woody Woodpecker", "site_detail_url": "https://www.giantbomb.com/woody-woodpecker/3030-41261/"}]}, "version": "1.0"}