{"error": "OK", "limit": 1, "offset": 0, "number_of_page_results": 1, "number_of_total_results": 1, "status_code": 1, "results": {"games": [{"api_detail_url": "https://www.giantbomb.com/api/game/3030-25054/", "id": 25054, "name": "Bit.Trip Beat", "site_detail_url": "https://www.giantbomb.com/bittrip-beat/3030-25054/"}, {"api_detail_url": "https://www.giantbomb.com/api/game/3030-26160/", "id": 26160, "name": "Bit.Trip Core", "site_detail_url": "https://www.giantbomb.com/bittrip-core/3030-26160/"}, {"api_detail_url": "https://www.giantbomb.com/api/game/3030-27344/", "id": 27344, "name": "Bit.Trip Void", "site_detail_url": "https://www.giantbomb.com/bittrip-void/3030-27344/"}, {"api_detail_url": "https://www.giantbomb.com/api/game/3030-29550/", "id": 29550, "name": "Bit.Trip RUNNER", "site_detail_url": "https://www.giantbomb.com/bittrip-runner/3030-29550/"}, {"api_detail_url": "https://www.giantbomb.com/api/game/3030-32414/", "id": 32414, "name": "Bit.Trip Fate", "site_detail_url": "https://www.giantbomb.com/bittrip-fate/3030-32414/"}, {"api_detail_url": "https://www.giantbomb.com/api/game/3030-33323/", "id": 33323, "name": "Bit.Trip Flux", "site_detail_url": "https://www.giantbomb.com/bittrip-flux/3030-33323/"}, {"api_detail_url": "https://www.giantbomb.com/api/game/3030-34946/", "id": 34946, "name": "Bit.Trip Saga", "site_detail_url": "https://www.giantbomb.com/bittrip-saga/3030-34946/"}, {"api_detail_url": "https://www.giantbomb.com/api/game/3030-35673/", "id": 35673, "name": "Bit.Trip Complete", "site_detail_url": "https://www.giantbomb.com/bittrip-complete/3030-35673/"}, {"api_detail_url": "https://www.giantbomb.com/api/game/3030-36644/", "id": 36644, "name": "BIT.TRIP Presents: Runner2: Future Legend of Rhythm Alien", "site_detail_url": "https://www.giantbomb.com/bittrip-presents-runner2-future-legend-of-rhythm-a/3030-36644/"}, {"api_detail_url": "https://www.giantbomb.com/api/game/3030-51760/", "id": 51760, "name": "The BIT.TRIP", "site_detail_url": "https://www.giantbomb.com/the-bittrip/3030-51760/"}, {"api_detail_url": "https://www.giantbomb.com/api/game/3030-55727/", "id": 55727, "name": "Runner3", "site_detail_url": "https://www.giantbomb.com/runner-3/3030-55727/"}]}, "version": "1.0"}