{"error": "OK", "limit": 1, "offset": 0, "number_of_page_results": 1, "number_of_total_results": 1, "status_code": 1, "results": {"games": [{"api_detail_url": "https://www.giantbomb.com/api/game/3030-10466/", "id": 10466, "name": "1942", "site_detail_url": "https://www.giantbomb.com/1942/3030-10466/"}, {"api_detail_url": "https://www.giantbomb.com/api/game/3030-18188/", "id": 18188, "name": "1943: The Battle of Midway", "site_detail_url": "https://www.giantbomb.com/1943-the-battle-of-midway/3030-18188/"}, {"api_detail_url": "https://www.giantbomb.com/api/game/3030-20472/", "id": 20472, "name": "1942: Joint Strike", "site_detail_url": "https://www.giantbomb.com/1942-joint-strike/3030-20472/"}, {"api_detail_url": "https://www.giantbomb.com/api/game/3030-20755/", "id": 20755, "name": "19XX: The War Against Destiny", "site_detail_url": "https://www.giantbomb.com/19xx-the-war-against-destiny/3030-20755/"}, {"api_detail_url": "https://www.giantbomb.com/api/game/3030-22852/", "id": 22852, "name": "1941: Counter Attack", "site_detail_url": "https://www.giantbomb.com/1941-counter-attack/3030-22852/"}, {"api_detail_url": "https://www.giantbomb.com/api/game/3030-23567/", "id": 23567, "name": "1943 Kai: Midway Kaisen", "site_detail_url": "https://www.giantbomb.com/1943-kai-midway-kaisen/3030-23567/"}, {"api_detail_url": "https://www.giantbomb.com/api/game/3030-33831/", "id": 33831, "name": "Capcom Generations 1: Wings of Destiny", "site_detail_url": "https://www.giantbomb.com/capcom-generations-1-wings-of-destiny/3030-33831/"}, {"api_detail_url": "https://www.giantbomb.com/api/game/3030-25613/", "id": 25613, "name": "1944: The Loop Master", "site_detail_url": "https://www.giantbomb.com/1944-the-loop-master/3030-25613/"}]}, "version": "1.0"}