{"error": "OK", "limit": 1, "offset": 0, "number_of_page_results": 1, "number_of_total_results": 1, "status_code": 1, "results": {"games": [{"api_detail_url": "https://www.giantbomb.com/api/game/3030-3779/", "id": 3779, "name": "D", "site_detail_url": "https://www.giantbomb.com/d/3030-3779/"}, {"api_detail_url": "https://www.giantbomb.com/api/game/3030-18898/", "id": 18898, "name": "D2", "site_detail_url": "https://www.giantbomb.com/d2/3030-18898/"}, {"api_detail_url": "https://www.giantbomb.com/api/game/3030-13082/", "id": 13082, "name": "Enemy Zero", "site_detail_url": "https://www.giantbomb.com/enemy-zero/3030-13082/"}]}, "version": "1.0"}