{"error": "OK", "limit": 1, "offset": 0, "number_of_page_results": 1, "number_of_total_results": 1, "status_code": 1, "results": {"games": [{"api_detail_url": "https://www.giantbomb.com/api/game/3030-1/", "id": 1, "name": "Desert Strike: Return to the Gulf", "site_detail_url": "https://www.giantbomb.com/desert-strike-return-to-the-gulf/3030-1/"}, {"api_detail_url": "https://www.giantbomb.com/api/game/3030-9336/", "id": 9336, "name": "Urban Strike", "site_detail_url": "https://www.giantbomb.com/urban-strike/3030-9336/"}, {"api_detail_url": "https://www.giantbomb.com/api/game/3030-2422/", "id": 2422, "name": "Soviet Strike", "site_detail_url": "https://www.giantbomb.com/soviet-strike/3030-2422/"}, {"api_detail_url": "https://www.giantbomb.com/api/game/3030-11731/", "id": 11731, "name": "Nuclear Strike", "site_detail_url": "https://www.giantbomb.com/nuclear-strike/3030-11731/"}, {"api_detail_url": "https://www.giantbomb.com/api/game/3030-2180/", "id": 2180, "name": "Jungle Strike", "site_detail_url": "https://www.giantbomb.com/jungle-strike/3030-2180/"}, {"api_detail_url": "https://www.giantbomb.com/api/game/3030-14485/", "id": 14485, "name": "Future Cop LAPD", "site_detail_url": "https://www.giantbomb.com/future-cop-lapd/3030-14485/"}, {"api_detail_url": "https://www.giantbomb.com/api/game/3030-83703/", "id": 83703, "name": "Desert Strike and Jungle Strike", "site_detail_url": "https://www.giantbomb.com/desert-strike-and-jungle-strike/3030-83703/"}]}, "version": "1.0"}