{"error": "OK", "limit": 1, "offset": 0, "number_of_page_results": 1, "number_of_total_results": 1, "status_code": 1, "results": {"games": [{"api_detail_url": "https://www.giantbomb.com/api/game/3030-13730/", "id": 13730, "name": "Austin Powers: Oh Behave!", "site_detail_url": "https://www.giantbomb.com/austin-powers-oh-behave/3030-13730/"}, {"api_detail_url": "https://www.giantbomb.com/api/game/3030-2084/", "id": 2084, "name": "Austin Powers: Welcome to My Underground Lair", "site_detail_url": "https://www.giantbomb.com/austin-powers-welcome-to-my-underground-lair/3030-2084/"}, {"api_detail_url": "https://www.giantbomb.com/api/game/3030-11311/", "id": 11311, "name": "Austin Powers Pinball", "site_detail_url": "https://www.giantbomb.com/austin-powers-pinball/3030-11311/"}, {"api_detail_url": "https://www.giantbomb.com/api/game/3030-12094/", "id": 12094, "name": "Austin Powers: Operation Trivia", "site_detail_url": "https://www.giantbomb.com/austin-powers-operation-trivia/3030-12094/"}, {"api_detail_url": "https://www.giantbomb.com/api/game/3030-34802/", "id": 34802, "name": "Austin Powers", "site_detail_url": "https://www.giantbomb.com/austin-powers/3030-34802/"}]}, "version": "1.0"}