{"error": "OK", "limit": 1, "offset": 0, "number_of_page_results": 1, "number_of_total_results": 1, "status_code": 1, "results": {"games": [{"api_detail_url": "https://www.giantbomb.com/api/game/3030-26839/", "id": 26839, "name": "Super Mario Galaxy 2", "site_detail_url": "https://www.giantbomb.com/super-mario-galaxy-2/3030-26839/"}, {"api_detail_url": "https://www.giantbomb.com/api/game/3030-16094/", "id": 16094, "name": "Super Mario Galaxy", "site_detail_url": "https://www.giantbomb.com/super-mario-galaxy/3030-16094/"}]}, "version": "1.0"}