{"error": "OK", "limit": 1, "offset": 0, "number_of_page_results": 1, "number_of_total_results": 1, "status_code": 1, "results": {"games": [{"api_detail_url": "https://www.giantbomb.com/api/game/3030-17467/", "id": 17467, "name": "M\u00e4rchen Adventure Cotton 100%", "site_detail_url": "https://www.giantbomb.com/marchen-adventure-cotton-100/3030-17467/"}, {"api_detail_url": "https://www.giantbomb.com/api/game/3030-10308/", "id": 10308, "name": "Magical Night Dreams: Cotton 2", "site_detail_url": "https://www.giantbomb.com/magical-night-dreams-cotton-2/3030-10308/"}, {"api_detail_url": "https://www.giantbomb.com/api/game/3030-3979/", "id": 3979, "name": "Magical Night Dreams: Cotton Boomerang", "site_detail_url": "https://www.giantbomb.com/magical-night-dreams-cotton-boomerang/3030-3979/"}, {"api_detail_url": "https://www.giantbomb.com/api/game/3030-17524/", "id": 17524, "name": "Rainbow Cotton", "site_detail_url": "https://www.giantbomb.com/rainbow-cotton/3030-17524/"}, {"api_detail_url": "https://www.giantbomb.com/api/game/3030-14193/", "id": 14193, "name": "Panorama Cotton", "site_detail_url": "https://www.giantbomb.com/panorama-cotton/3030-14193/"}, {"api_detail_url": "https://www.giantbomb.com/api/game/3030-19218/", "id": 19218, "name": "Magical Pachinko Cotton", "site_detail_url": "https://www.giantbomb.com/magical-pachinko-cotton/3030-19218/"}, {"api_detail_url": "https://www.giantbomb.com/api/game/3030-16719/", "id": 16719, "name": "Fantastic Night Dreams: Cotton", "site_detail_url": "https://www.giantbomb.com/fantastic-night-dreams-cotton/3030-16719/"}, {"api_detail_url": "https://www.giantbomb.com/api/game/3030-82423/", "id": 82423, "name": "Cotton/Guardian Force Saturn Tribute", "site_detail_url": "https://www.giantbomb.com/cottonguardian-force-saturn-tribute/3030-82423/"}, {"api_detail_url": "https://www.giantbomb.com/api/game/3030-83967/", "id": 83967, "name": "Superlative Night Dreams: Cotton Rock 'n' Roll", "site_detail_url": "https://www.giantbomb.com/superlative-night-dreams-cotton-rock-n-roll/3030-83967/"}, {"api_detail_url": "https://www.giantbomb.com/api/game/3030-83968/", "id": 83968, "name": "Fantastic Night Dreams: Cotton Reboot!", "site_detail_url": "https://www.giantbomb.com/fantastic-night-dreams-cotton-reboot/3030-83968/"}, {"api_detail_url": "https://www.giantbomb.com/api/game/3030-86230/", "id": 86230, "name": "Cotton Fantasy", "site_detail_url": "https://www.giantbomb.com/cotton-fantasy/3030-86230/"}]}, "version": "1.0"}