{"error": "OK", "limit": 1, "offset": 0, "number_of_page_results": 1, "number_of_total_results": 1, "status_code": 1, "results": {"games": [{"api_detail_url": "https://www.giantbomb.com/api/game/3030-5570/", "id": 5570, "name": "Alundra", "site_detail_url": "https://www.giantbomb.com/alundra/3030-5570/"}, {"api_detail_url": "https://www.giantbomb.com/api/game/3030-11829/", "id": 11829, "name": "Alundra 2", "site_detail_url": "https://www.giantbomb.com/alundra-2/3030-11829/"}]}, "version": "1.0"}