{"error": "OK", "limit": 1, "offset": 0, "number_of_page_results": 1, "number_of_total_results": 1, "status_code": 1, "results": {"games": [{"api_detail_url": "https://www.giantbomb.com/api/game/3030-15848/", "id": 15848, "name": "Resident Evil: Survivor", "site_detail_url": "https://www.giantbomb.com/resident-evil-survivor/3030-15848/"}, {"api_detail_url": "https://www.giantbomb.com/api/game/3030-12811/", "id": 12811, "name": "Resident Evil: Survivor 2 - Code: Veronica", "site_detail_url": "https://www.giantbomb.com/resident-evil-survivor-2-code-veronica/3030-12811/"}, {"api_detail_url": "https://www.giantbomb.com/api/game/3030-8675/", "id": 8675, "name": "Resident Evil: Dead Aim", "site_detail_url": "https://www.giantbomb.com/resident-evil-dead-aim/3030-8675/"}, {"api_detail_url": "https://www.giantbomb.com/api/game/3030-7500/", "id": 7500, "name": "Dino Stalker", "site_detail_url": "https://www.giantbomb.com/dino-stalker/3030-7500/"}]}, "version": "1.0"}