{"error": "OK", "limit": 1, "offset": 0, "number_of_page_results": 1, "number_of_total_results": 1, "status_code": 1, "results": {"games": [{"api_detail_url": "https://www.giantbomb.com/api/game/3030-93/", "id": 93, "name": "Flying Warriors", "site_detail_url": "https://www.giantbomb.com/flying-warriors/3030-93/"}, {"api_detail_url": "https://www.giantbomb.com/api/game/3030-13557/", "id": 13557, "name": "Flying Dragon: The Secret Scroll", "site_detail_url": "https://www.giantbomb.com/flying-dragon-the-secret-scroll/3030-13557/"}, {"api_detail_url": "https://www.giantbomb.com/api/game/3030-15662/", "id": 15662, "name": "Flying Dragon", "site_detail_url": "https://www.giantbomb.com/flying-dragon/3030-15662/"}, {"api_detail_url": "https://www.giantbomb.com/api/game/3030-34432/", "id": 34432, "name": "SD Hiryu no Ken", "site_detail_url": "https://www.giantbomb.com/sd-hiryu-no-ken/3030-34432/"}, {"api_detail_url": "https://www.giantbomb.com/api/game/3030-34433/", "id": 34433, "name": "SD Hiryu no Ken Gaiden 2", "site_detail_url": "https://www.giantbomb.com/sd-hiryu-no-ken-gaiden-2/3030-34433/"}, {"api_detail_url": "https://www.giantbomb.com/api/game/3030-34435/", "id": 34435, "name": "SD Hiryu no Ken Densetsu", "site_detail_url": "https://www.giantbomb.com/sd-hiryu-no-ken-densetsu/3030-34435/"}, {"api_detail_url": "https://www.giantbomb.com/api/game/3030-32773/", "id": 32773, "name": "Shanghai Kid", "site_detail_url": "https://www.giantbomb.com/shanghai-kid/3030-32773/"}, {"api_detail_url": "https://www.giantbomb.com/api/game/3030-22953/", "id": 22953, "name": "Ultimate Fighter", "site_detail_url": "https://www.giantbomb.com/ultimate-fighter/3030-22953/"}, {"api_detail_url": "https://www.giantbomb.com/api/game/3030-38841/", "id": 38841, "name": "SD Hiryu no Ken Gaiden", "site_detail_url": "https://www.giantbomb.com/sd-hiryu-no-ken-gaiden/3030-38841/"}, {"api_detail_url": "https://www.giantbomb.com/api/game/3030-39252/", "id": 39252, "name": "Fighting Simulator: 2-in-1 Flying Warriors", "site_detail_url": "https://www.giantbomb.com/fighting-simulator-2-in-1-flying-warriors/3030-39252/"}, {"api_detail_url": "https://www.giantbomb.com/api/game/3030-40136/", "id": 40136, "name": "Hiryu no Ken II: Dragon no Tsubasa", "site_detail_url": "https://www.giantbomb.com/hiryu-no-ken-ii-dragon-no-tsubasa/3030-40136/"}, {"api_detail_url": "https://www.giantbomb.com/api/game/3030-10879/", "id": 10879, "name": "Hiryu no Ken S: Golden Fighter", "site_detail_url": "https://www.giantbomb.com/hiryu-no-ken-s-golden-fighter/3030-10879/"}, {"api_detail_url": "https://www.giantbomb.com/api/game/3030-41321/", "id": 41321, "name": "Hiryu no Ken Special: Fighting Wars", "site_detail_url": "https://www.giantbomb.com/hiryu-no-ken-special-fighting-wars/3030-41321/"}, {"api_detail_url": "https://www.giantbomb.com/api/game/3030-47424/", "id": 47424, "name": "Hiryu no Ken III: 5 Nin no Ryuu Senshi", "site_detail_url": "https://www.giantbomb.com/hiryu-no-ken-iii-5-nin-no-ryuu-senshi/3030-47424/"}, {"api_detail_url": "https://www.giantbomb.com/api/game/3030-47426/", "id": 47426, "name": "Virtual Hiryu no Ken", "site_detail_url": "https://www.giantbomb.com/virtual-hiryu-no-ken/3030-47426/"}]}, "version": "1.0"}