{"error": "OK", "limit": 1, "offset": 0, "number_of_page_results": 1, "number_of_total_results": 1, "status_code": 1, "results": {"games": [{"api_detail_url": "https://www.giantbomb.com/api/game/3030-21697/", "id": 21697, "name": "Katekyo Hitman Reborn! DS Flame Rumble Hyper - Moeyo Mirai", "site_detail_url": "https://www.giantbomb.com/katekyo-hitman-reborn-ds-flame-rumble-hyper-moeyo-/3030-21697/"}, {"api_detail_url": "https://www.giantbomb.com/api/game/3030-21581/", "id": 21581, "name": "Katekyo Hitman Reborn! Dream Hyper Battle Wii", "site_detail_url": "https://www.giantbomb.com/katekyo-hitman-reborn-dream-hyper-battle-wii/3030-21581/"}, {"api_detail_url": "https://www.giantbomb.com/api/game/3030-24735/", "id": 24735, "name": "Kateikyoushi Hitman Reborn! DS - Mafia Daishuugou Vongole Festival", "site_detail_url": "https://www.giantbomb.com/kateikyoushi-hitman-reborn-ds-mafia-daishuugou-von/3030-24735/"}, {"api_detail_url": "https://www.giantbomb.com/api/game/3030-25880/", "id": 25880, "name": "Katekyoo Hitman Reborn! DS Fate of Heat II - Unmei no Futari", "site_detail_url": "https://www.giantbomb.com/katekyoo-hitman-reborn-ds-fate-of-heat-ii-unmei-no/3030-25880/"}, {"api_detail_url": "https://www.giantbomb.com/api/game/3030-38119/", "id": 38119, "name": "Katekyoo Hitman Reborn! Battle Arena", "site_detail_url": "https://www.giantbomb.com/katekyoo-hitman-reborn-battle-arena/3030-38119/"}, {"api_detail_url": "https://www.giantbomb.com/api/game/3030-38120/", "id": 38120, "name": "Katekyoo Hitman Reborn! Battle Arena 2 - Spirits Burst", "site_detail_url": "https://www.giantbomb.com/katekyoo-hitman-reborn-battle-arena-2-spirits-burs/3030-38120/"}, {"api_detail_url": "https://www.giantbomb.com/api/game/3030-38121/", "id": 38121, "name": "Katekyo Hitman Reborn! Kizuna no Tag Battle", "site_detail_url": "https://www.giantbomb.com/katekyo-hitman-reborn-kizuna-no-tag-battle/3030-38121/"}, {"api_detail_url": "https://www.giantbomb.com/api/game/3030-40274/", "id": 40274, "name": "Katekyo Hitman Reborn! DS Flame Rumble: Mukuro Kyoshu", "site_detail_url": "https://www.giantbomb.com/katekyo-hitman-reborn-ds-flame-rumble-mukuro-kyosh/3030-40274/"}, {"api_detail_url": "https://www.giantbomb.com/api/game/3030-40285/", "id": 40285, "name": "Katekyo Hitman Reborn! DS Flame Rumble: Kaien Ring Soudatsuen!", "site_detail_url": "https://www.giantbomb.com/katekyo-hitman-reborn-ds-flame-rumble-kaien-ring-s/3030-40285/"}, {"api_detail_url": "https://www.giantbomb.com/api/game/3030-40286/", "id": 40286, "name": "Katekyo Hitman Reborn! DS Flame Rumble X - Mirai Chou-Bakuhatsu!!", "site_detail_url": "https://www.giantbomb.com/katekyo-hitman-reborn-ds-flame-rumble-x-mirai-chou/3030-40286/"}, {"api_detail_url": "https://www.giantbomb.com/api/game/3030-51887/", "id": 51887, "name": "Katekyo Hitman Reborn! Dream Hyper Battle!", "site_detail_url": "https://www.giantbomb.com/katekyo-hitman-reborn-dream-hyper-battle/3030-51887/"}, {"api_detail_url": "https://www.giantbomb.com/api/game/3030-84504/", "id": 84504, "name": "Katekyoo Hitman Reborn! Ore ga Boss! Saikyou Family Taisen", "site_detail_url": "https://www.giantbomb.com/katekyoo-hitman-reborn-ore-ga-boss-saikyou-family-/3030-84504/"}]}, "version": "1.0"}