{"error": "OK", "limit": 1, "offset": 0, "number_of_page_results": 1, "number_of_total_results": 1, "status_code": 1, "results": {"games": [{"api_detail_url": "https://www.giantbomb.com/api/game/3030-25402/", "id": 25402, "name": "RayXanbeR", "site_detail_url": "https://www.giantbomb.com/rayxanber/3030-25402/"}, {"api_detail_url": "https://www.giantbomb.com/api/game/3030-22932/", "id": 22932, "name": "Rayxanber II", "site_detail_url": "https://www.giantbomb.com/rayxanber-ii/3030-22932/"}, {"api_detail_url": "https://www.giantbomb.com/api/game/3030-25406/", "id": 25406, "name": "RayXanbeR III", "site_detail_url": "https://www.giantbomb.com/rayxanber-iii/3030-25406/"}]}, "version": "1.0"}