{"error": "OK", "limit": 1, "offset": 0, "number_of_page_results": 1, "number_of_total_results": 1, "status_code": 1, "results": {"games": [{"api_detail_url": "https://www.giantbomb.com/api/game/3030-6074/", "id": 6074, "name": "Day of Defeat", "site_detail_url": "https://www.giantbomb.com/day-of-defeat/3030-6074/"}, {"api_detail_url": "https://www.giantbomb.com/api/game/3030-16121/", "id": 16121, "name": "Day of Defeat: Source", "site_detail_url": "https://www.giantbomb.com/day-of-defeat-source/3030-16121/"}]}, "version": "1.0"}