{"error": "OK", "limit": 1, "offset": 0, "number_of_page_results": 1, "number_of_total_results": 1, "status_code": 1, "results": {"games": [{"api_detail_url": "https://www.giantbomb.com/api/game/3030-12112/", "id": 12112, "name": "Cool Boarders", "site_detail_url": "https://www.giantbomb.com/cool-boarders/3030-12112/"}, {"api_detail_url": "https://www.giantbomb.com/api/game/3030-15024/", "id": 15024, "name": "Cool Boarders 2", "site_detail_url": "https://www.giantbomb.com/cool-boarders-2/3030-15024/"}, {"api_detail_url": "https://www.giantbomb.com/api/game/3030-7128/", "id": 7128, "name": "Cool Boarders 2001", "site_detail_url": "https://www.giantbomb.com/cool-boarders-2001/3030-7128/"}, {"api_detail_url": "https://www.giantbomb.com/api/game/3030-6828/", "id": 6828, "name": "Cool Boarders 3", "site_detail_url": "https://www.giantbomb.com/cool-boarders-3/3030-6828/"}, {"api_detail_url": "https://www.giantbomb.com/api/game/3030-17935/", "id": 17935, "name": "Cool Boarders 4", "site_detail_url": "https://www.giantbomb.com/cool-boarders-4/3030-17935/"}, {"api_detail_url": "https://www.giantbomb.com/api/game/3030-22626/", "id": 22626, "name": "Cool Boarders Pocket", "site_detail_url": "https://www.giantbomb.com/cool-boarders-pocket/3030-22626/"}, {"api_detail_url": "https://www.giantbomb.com/api/game/3030-37283/", "id": 37283, "name": "Cool Boarders Arcade Jam", "site_detail_url": "https://www.giantbomb.com/cool-boarders-arcade-jam/3030-37283/"}, {"api_detail_url": "https://www.giantbomb.com/api/game/3030-64977/", "id": 64977, "name": "Cool Boarders: Code Alien", "site_detail_url": "https://www.giantbomb.com/cool-boarders-code-alien/3030-64977/"}, {"api_detail_url": "https://www.giantbomb.com/api/game/3030-16640/", "id": 16640, "name": "Rippin' Riders", "site_detail_url": "https://www.giantbomb.com/rippin-riders/3030-16640/"}]}, "version": "1.0"}