{"error": "OK", "limit": 1, "offset": 0, "number_of_page_results": 1, "number_of_total_results": 1, "status_code": 1, "results": {"games": [{"api_detail_url": "https://www.giantbomb.com/api/game/3030-8014/", "id": 8014, "name": "Tomba!", "site_detail_url": "https://www.giantbomb.com/tomba/3030-8014/"}, {"api_detail_url": "https://www.giantbomb.com/api/game/3030-2723/", "id": 2723, "name": "Tomba! 2: The Evil Swine Return", "site_detail_url": "https://www.giantbomb.com/tomba-2-the-evil-swine-return/3030-2723/"}]}, "version": "1.0"}