{"error": "OK", "limit": 1, "offset": 0, "number_of_page_results": 1, "number_of_total_results": 1, "status_code": 1, "results": {"games": [{"api_detail_url": "https://www.giantbomb.com/api/game/3030-32380/", "id": 32380, "name": "Crackdown 2: Project Sunburst", "site_detail_url": "https://www.giantbomb.com/crackdown-2-project-sunburst/3030-32380/"}, {"api_detail_url": "https://www.giantbomb.com/api/game/3030-4065/", "id": 4065, "name": "Crackdown", "site_detail_url": "https://www.giantbomb.com/crackdown/3030-4065/"}, {"api_detail_url": "https://www.giantbomb.com/api/game/3030-46557/", "id": 46557, "name": "Crackdown 3", "site_detail_url": "https://www.giantbomb.com/crackdown-3/3030-46557/"}, {"api_detail_url": "https://www.giantbomb.com/api/game/3030-26790/", "id": 26790, "name": "Crackdown 2", "site_detail_url": "https://www.giantbomb.com/crackdown-2/3030-26790/"}]}, "version": "1.0"}