{"error": "OK", "limit": 1, "offset": 0, "number_of_page_results": 1, "number_of_total_results": 1, "status_code": 1, "results": {"games": [{"api_detail_url": "https://www.giantbomb.com/api/game/3030-21253/", "id": 21253, "name": "Aurora Feint", "site_detail_url": "https://www.giantbomb.com/aurora-feint/3030-21253/"}, {"api_detail_url": "https://www.giantbomb.com/api/game/3030-24583/", "id": 24583, "name": "Aurora Feint II: The Arena", "site_detail_url": "https://www.giantbomb.com/aurora-feint-ii-the-arena/3030-24583/"}, {"api_detail_url": "https://www.giantbomb.com/api/game/3030-28018/", "id": 28018, "name": "Aurora Feint II: Tower Puzzles", "site_detail_url": "https://www.giantbomb.com/aurora-feint-ii-tower-puzzles/3030-28018/"}]}, "version": "1.0"}