{"error": "OK", "limit": 1, "offset": 0, "number_of_page_results": 1, "number_of_total_results": 1, "status_code": 1, "results": {"games": [{"api_detail_url": "https://www.giantbomb.com/api/game/3030-7901/", "id": 7901, "name": "Mega Man Legends", "site_detail_url": "https://www.giantbomb.com/mega-man-legends/3030-7901/"}, {"api_detail_url": "https://www.giantbomb.com/api/game/3030-19381/", "id": 19381, "name": "Mega Man Legends 2", "site_detail_url": "https://www.giantbomb.com/mega-man-legends-2/3030-19381/"}, {"api_detail_url": "https://www.giantbomb.com/api/game/3030-6126/", "id": 6126, "name": "The Misadventures of Tron Bonne", "site_detail_url": "https://www.giantbomb.com/the-misadventures-of-tron-bonne/3030-6126/"}]}, "version": "1.0"}