{"error": "OK", "limit": 1, "offset": 0, "number_of_page_results": 1, "number_of_total_results": 1, "status_code": 1, "results": {"games": [{"api_detail_url": "https://www.giantbomb.com/api/game/3030-20800/", "id": 20800, "name": "Dead Space", "site_detail_url": "https://www.giantbomb.com/dead-space/3030-20800/"}, {"api_detail_url": "https://www.giantbomb.com/api/game/3030-25358/", "id": 25358, "name": "Dead Space Extraction", "site_detail_url": "https://www.giantbomb.com/dead-space-extraction/3030-25358/"}, {"api_detail_url": "https://www.giantbomb.com/api/game/3030-30154/", "id": 30154, "name": "Planet Cracker", "site_detail_url": "https://www.giantbomb.com/planet-cracker/3030-30154/"}, {"api_detail_url": "https://www.giantbomb.com/api/game/3030-32039/", "id": 32039, "name": "Dead Space Ignition", "site_detail_url": "https://www.giantbomb.com/dead-space-ignition/3030-32039/"}, {"api_detail_url": "https://www.giantbomb.com/api/game/3030-33999/", "id": 33999, "name": "Dead Space", "site_detail_url": "https://www.giantbomb.com/dead-space/3030-33999/"}, {"api_detail_url": "https://www.giantbomb.com/api/game/3030-38270/", "id": 38270, "name": "Dead Space 3", "site_detail_url": "https://www.giantbomb.com/dead-space-3/3030-38270/"}, {"api_detail_url": "https://www.giantbomb.com/api/game/3030-25444/", "id": 25444, "name": "Dead Space 2", "site_detail_url": "https://www.giantbomb.com/dead-space-2/3030-25444/"}, {"api_detail_url": "https://www.giantbomb.com/api/game/3030-83443/", "id": 83443, "name": "Dead Space", "site_detail_url": "https://www.giantbomb.com/dead-space/3030-83443/"}]}, "version": "1.0"}