{"error": "OK", "limit": 1, "offset": 0, "number_of_page_results": 1, "number_of_total_results": 1, "status_code": 1, "results": {"games": [{"api_detail_url": "https://www.giantbomb.com/api/game/3030-26381/", "id": 26381, "name": "Paint by DS", "site_detail_url": "https://www.giantbomb.com/paint-by-ds/3030-26381/"}, {"api_detail_url": "https://www.giantbomb.com/api/game/3030-26382/", "id": 26382, "name": "Paint by DS : Classical Masterpieces", "site_detail_url": "https://www.giantbomb.com/paint-by-ds-classical-masterpieces/3030-26382/"}, {"api_detail_url": "https://www.giantbomb.com/api/game/3030-26383/", "id": 26383, "name": "Paint by DS : Military Vehicles", "site_detail_url": "https://www.giantbomb.com/paint-by-ds-military-vehicles/3030-26383/"}, {"api_detail_url": "https://www.giantbomb.com/api/game/3030-25918/", "id": 25918, "name": "Fantasy Aquarium by DS", "site_detail_url": "https://www.giantbomb.com/fantasy-aquarium-by-ds/3030-25918/"}]}, "version": "1.0"}