{"error": "OK", "limit": 1, "offset": 0, "number_of_page_results": 1, "number_of_total_results": 1, "status_code": 1, "results": {"games": [{"api_detail_url": "https://www.giantbomb.com/api/game/3030-17012/", "id": 17012, "name": "Zuma", "site_detail_url": "https://www.giantbomb.com/zuma/3030-17012/"}, {"api_detail_url": "https://www.giantbomb.com/api/game/3030-27874/", "id": 27874, "name": "Zuma's Revenge", "site_detail_url": "https://www.giantbomb.com/zumas-revenge/3030-27874/"}, {"api_detail_url": "https://www.giantbomb.com/api/game/3030-34988/", "id": 34988, "name": "Zuma Blitz", "site_detail_url": "https://www.giantbomb.com/zuma-blitz/3030-34988/"}]}, "version": "1.0"}