{"error": "OK", "limit": 1, "offset": 0, "number_of_page_results": 1, "number_of_total_results": 1, "status_code": 1, "results": {"games": [{"api_detail_url": "https://www.giantbomb.com/api/game/3030-759/", "id": 759, "name": "The Incredibles", "site_detail_url": "https://www.giantbomb.com/the-incredibles/3030-759/"}, {"api_detail_url": "https://www.giantbomb.com/api/game/3030-1534/", "id": 1534, "name": "The Incredibles: Rise of the Underminer", "site_detail_url": "https://www.giantbomb.com/the-incredibles-rise-of-the-underminer/3030-1534/"}, {"api_detail_url": "https://www.giantbomb.com/api/game/3030-26074/", "id": 26074, "name": "The Incredibles", "site_detail_url": "https://www.giantbomb.com/the-incredibles/3030-26074/"}, {"api_detail_url": "https://www.giantbomb.com/api/game/3030-65286/", "id": 65286, "name": "The Incredibles: When Danger Calls", "site_detail_url": "https://www.giantbomb.com/the-incredibles-when-danger-calls/3030-65286/"}, {"api_detail_url": "https://www.giantbomb.com/api/game/3030-67713/", "id": 67713, "name": "LEGO The Incredibles", "site_detail_url": "https://www.giantbomb.com/lego-the-incredibles/3030-67713/"}]}, "version": "1.0"}