{"error": "OK", "limit": 1, "offset": 0, "number_of_page_results": 1, "number_of_total_results": 1, "status_code": 1, "results": {"games": [{"api_detail_url": "https://www.giantbomb.com/api/game/3030-20880/", "id": 20880, "name": "We Ski", "site_detail_url": "https://www.giantbomb.com/we-ski/3030-20880/"}, {"api_detail_url": "https://www.giantbomb.com/api/game/3030-24449/", "id": 24449, "name": "We Ski & Snowboard", "site_detail_url": "https://www.giantbomb.com/we-ski-snowboard/3030-24449/"}]}, "version": "1.0"}