{"error": "OK", "limit": 1, "offset": 0, "number_of_page_results": 1, "number_of_total_results": 1, "status_code": 1, "results": {"games": [{"api_detail_url": "https://www.giantbomb.com/api/game/3030-15429/", "id": 15429, "name": "Excitebike 64", "site_detail_url": "https://www.giantbomb.com/excitebike-64/3030-15429/"}, {"api_detail_url": "https://www.giantbomb.com/api/game/3030-15025/", "id": 15025, "name": "Excitebike", "site_detail_url": "https://www.giantbomb.com/excitebike/3030-15025/"}, {"api_detail_url": "https://www.giantbomb.com/api/game/3030-22005/", "id": 22005, "name": "Vs. Excitebike", "site_detail_url": "https://www.giantbomb.com/vs-excitebike/3030-22005/"}, {"api_detail_url": "https://www.giantbomb.com/api/game/3030-25438/", "id": 25438, "name": "Excitebots: Trick Racing", "site_detail_url": "https://www.giantbomb.com/excitebots-trick-racing/3030-25438/"}, {"api_detail_url": "https://www.giantbomb.com/api/game/3030-22786/", "id": 22786, "name": "BS Excitebike Bun Bun Mario Stadium", "site_detail_url": "https://www.giantbomb.com/bs-excitebike-bun-bun-mario-stadium/3030-22786/"}, {"api_detail_url": "https://www.giantbomb.com/api/game/3030-13645/", "id": 13645, "name": "Excite Truck", "site_detail_url": "https://www.giantbomb.com/excite-truck/3030-13645/"}, {"api_detail_url": "https://www.giantbomb.com/api/game/3030-29109/", "id": 29109, "name": "Excitebike World Rally", "site_detail_url": "https://www.giantbomb.com/excitebike-world-rally/3030-29109/"}]}, "version": "1.0"}