{"error": "OK", "limit": 1, "offset": 0, "number_of_page_results": 1, "number_of_total_results": 1, "status_code": 1, "results": {"games": [{"api_detail_url": "https://www.giantbomb.com/api/game/3030-12911/", "id": 12911, "name": "Crimson Skies: High Road to Revenge", "site_detail_url": "https://www.giantbomb.com/crimson-skies-high-road-to-revenge/3030-12911/"}, {"api_detail_url": "https://www.giantbomb.com/api/game/3030-17131/", "id": 17131, "name": "Crimson Skies", "site_detail_url": "https://www.giantbomb.com/crimson-skies/3030-17131/"}]}, "version": "1.0"}