{"error": "OK", "limit": 1, "offset": 0, "number_of_page_results": 1, "number_of_total_results": 1, "status_code": 1, "results": {"games": [{"api_detail_url": "https://www.giantbomb.com/api/game/3030-5536/", "id": 5536, "name": "Defender", "site_detail_url": "https://www.giantbomb.com/defender/3030-5536/"}, {"api_detail_url": "https://www.giantbomb.com/api/game/3030-14898/", "id": 14898, "name": "Defender 2000", "site_detail_url": "https://www.giantbomb.com/defender-2000/3030-14898/"}, {"api_detail_url": "https://www.giantbomb.com/api/game/3030-20967/", "id": 20967, "name": "Stargate", "site_detail_url": "https://www.giantbomb.com/stargate/3030-20967/"}, {"api_detail_url": "https://www.giantbomb.com/api/game/3030-13816/", "id": 13816, "name": "Revenge of Defender", "site_detail_url": "https://www.giantbomb.com/revenge-of-defender/3030-13816/"}, {"api_detail_url": "https://www.giantbomb.com/api/game/3030-24006/", "id": 24006, "name": "Defender", "site_detail_url": "https://www.giantbomb.com/defender/3030-24006/"}, {"api_detail_url": "https://www.giantbomb.com/api/game/3030-36674/", "id": 36674, "name": "Arcade Classic 4: Defender / Joust", "site_detail_url": "https://www.giantbomb.com/arcade-classic-4-defender-joust/3030-36674/"}, {"api_detail_url": "https://www.giantbomb.com/api/game/3030-41148/", "id": 41148, "name": "Midway Presents Arcade Hits: Joust/Defender", "site_detail_url": "https://www.giantbomb.com/midway-presents-arcade-hits-joustdefender/3030-41148/"}, {"api_detail_url": "https://www.giantbomb.com/api/game/3030-34179/", "id": 34179, "name": "Defender", "site_detail_url": "https://www.giantbomb.com/defender/3030-34179/"}]}, "version": "1.0"}