{"error": "OK", "limit": 1, "offset": 0, "number_of_page_results": 1, "number_of_total_results": 1, "status_code": 1, "results": {"games": [{"api_detail_url": "https://www.giantbomb.com/api/game/3030-22011/", "id": 22011, "name": "Zeno Clash", "site_detail_url": "https://www.giantbomb.com/zeno-clash/3030-22011/"}, {"api_detail_url": "https://www.giantbomb.com/api/game/3030-26490/", "id": 26490, "name": "Zeno Clash II", "site_detail_url": "https://www.giantbomb.com/zeno-clash-ii/3030-26490/"}, {"api_detail_url": "https://www.giantbomb.com/api/game/3030-83313/", "id": 83313, "name": "Clash: Artifacts of Chaos", "site_detail_url": "https://www.giantbomb.com/clash-artifacts-of-chaos/3030-83313/"}]}, "version": "1.0"}