{"error": "OK", "limit": 1, "offset": 0, "number_of_page_results": 1, "number_of_total_results": 1, "status_code": 1, "results": {"games": [{"api_detail_url": "https://www.giantbomb.com/api/game/3030-3281/", "id": 3281, "name": "Cruis'n Velocity", "site_detail_url": "https://www.giantbomb.com/cruisn-velocity/3030-3281/"}, {"api_detail_url": "https://www.giantbomb.com/api/game/3030-9482/", "id": 9482, "name": "Cruis'n World", "site_detail_url": "https://www.giantbomb.com/cruisn-world/3030-9482/"}, {"api_detail_url": "https://www.giantbomb.com/api/game/3030-9890/", "id": 9890, "name": "Cruis'n USA", "site_detail_url": "https://www.giantbomb.com/cruisn-usa/3030-9890/"}, {"api_detail_url": "https://www.giantbomb.com/api/game/3030-19022/", "id": 19022, "name": "Cruis'n Exotica", "site_detail_url": "https://www.giantbomb.com/cruisn-exotica/3030-19022/"}, {"api_detail_url": "https://www.giantbomb.com/api/game/3030-22354/", "id": 22354, "name": "Cruis'n", "site_detail_url": "https://www.giantbomb.com/cruisn/3030-22354/"}, {"api_detail_url": "https://www.giantbomb.com/api/game/3030-56744/", "id": 56744, "name": "Cruis'n Blast", "site_detail_url": "https://www.giantbomb.com/cruisn-blast/3030-56744/"}]}, "version": "1.0"}