{"error": "OK", "limit": 1, "offset": 0, "number_of_page_results": 1, "number_of_total_results": 1, "status_code": 1, "results": {"games": [{"api_detail_url": "https://www.giantbomb.com/api/game/3030-9185/", "id": 9185, "name": "Destroy All Humans! 2", "site_detail_url": "https://www.giantbomb.com/destroy-all-humans-2/3030-9185/"}, {"api_detail_url": "https://www.giantbomb.com/api/game/3030-17543/", "id": 17543, "name": "Destroy All Humans!", "site_detail_url": "https://www.giantbomb.com/destroy-all-humans/3030-17543/"}, {"api_detail_url": "https://www.giantbomb.com/api/game/3030-21004/", "id": 21004, "name": "Destroy All Humans! Big Willy Unleashed", "site_detail_url": "https://www.giantbomb.com/destroy-all-humans-big-willy-unleashed/3030-21004/"}, {"api_detail_url": "https://www.giantbomb.com/api/game/3030-20820/", "id": 20820, "name": "Destroy All Humans! Path of the Furon", "site_detail_url": "https://www.giantbomb.com/destroy-all-humans-path-of-the-furon/3030-20820/"}, {"api_detail_url": "https://www.giantbomb.com/api/game/3030-73759/", "id": 73759, "name": "Destroy All Humans!", "site_detail_url": "https://www.giantbomb.com/destroy-all-humans/3030-73759/"}, {"api_detail_url": "https://www.giantbomb.com/api/game/3030-83944/", "id": 83944, "name": "Destroy All Humans! 2: Reprobed", "site_detail_url": "https://www.giantbomb.com/destroy-all-humans-2-reprobed/3030-83944/"}, {"api_detail_url": "https://www.giantbomb.com/api/game/3030-86308/", "id": 86308, "name": "Destroy All Humans! Clone Carnage", "site_detail_url": "https://www.giantbomb.com/destroy-all-humans-clone-carnage/3030-86308/"}]}, "version": "1.0"}