{"error": "OK", "limit": 1, "offset": 0, "number_of_page_results": 1, "number_of_total_results": 1, "status_code": 1, "results": {"games": [{"api_detail_url": "https://www.giantbomb.com/api/game/3030-9201/", "id": 9201, "name": "The Darkness", "site_detail_url": "https://www.giantbomb.com/the-darkness/3030-9201/"}, {"api_detail_url": "https://www.giantbomb.com/api/game/3030-22425/", "id": 22425, "name": "The Darkness II", "site_detail_url": "https://www.giantbomb.com/the-darkness-ii/3030-22425/"}]}, "version": "1.0"}