{"error": "OK", "limit": 1, "offset": 0, "number_of_page_results": 1, "number_of_total_results": 1, "status_code": 1, "results": {"games": [{"api_detail_url": "https://www.giantbomb.com/api/game/3030-28069/", "id": 28069, "name": "Wing Over", "site_detail_url": "https://www.giantbomb.com/wing-over/3030-28069/"}, {"api_detail_url": "https://www.giantbomb.com/api/game/3030-28085/", "id": 28085, "name": "Wing Over 2", "site_detail_url": "https://www.giantbomb.com/wing-over-2/3030-28085/"}]}, "version": "1.0"}