{"error": "OK", "limit": 1, "offset": 0, "number_of_page_results": 1, "number_of_total_results": 1, "status_code": 1, "results": {"games": [{"api_detail_url": "https://www.giantbomb.com/api/game/3030-18285/", "id": 18285, "name": "Mario vs. Donkey Kong", "site_detail_url": "https://www.giantbomb.com/mario-vs-donkey-kong/3030-18285/"}, {"api_detail_url": "https://www.giantbomb.com/api/game/3030-19090/", "id": 19090, "name": "Mario vs. Donkey Kong 2: March of the Minis", "site_detail_url": "https://www.giantbomb.com/mario-vs-donkey-kong-2-march-of-the-minis/3030-19090/"}, {"api_detail_url": "https://www.giantbomb.com/api/game/3030-26854/", "id": 26854, "name": "Mario vs. Donkey Kong: Minis March Again!", "site_detail_url": "https://www.giantbomb.com/mario-vs-donkey-kong-minis-march-again/3030-26854/"}, {"api_detail_url": "https://www.giantbomb.com/api/game/3030-31742/", "id": 31742, "name": "Mario vs. Donkey Kong: Mini-Land Mayhem", "site_detail_url": "https://www.giantbomb.com/mario-vs-donkey-kong-mini-land-mayhem/3030-31742/"}, {"api_detail_url": "https://www.giantbomb.com/api/game/3030-41583/", "id": 41583, "name": "Mario and Donkey Kong: Minis on the Move", "site_detail_url": "https://www.giantbomb.com/mario-and-donkey-kong-minis-on-the-move/3030-41583/"}, {"api_detail_url": "https://www.giantbomb.com/api/game/3030-46587/", "id": 46587, "name": "Mario vs. Donkey Kong: Tipping Stars", "site_detail_url": "https://www.giantbomb.com/mario-vs-donkey-kong-tipping-stars/3030-46587/"}, {"api_detail_url": "https://www.giantbomb.com/api/game/3030-48898/", "id": 48898, "name": "Mario and Donkey Kong: Minis on the Move + Mario vs. Donkey Kong: Minis March Again!", "site_detail_url": "https://www.giantbomb.com/mario-and-donkey-kong-minis-on-the-move-mario-vs-d/3030-48898/"}, {"api_detail_url": "https://www.giantbomb.com/api/game/3030-52322/", "id": 52322, "name": "Mini Mario & Friends: amiibo Challenge", "site_detail_url": "https://www.giantbomb.com/mini-mario-and-friends-amiibo-challenge/3030-52322/"}]}, "version": "1.0"}