{"error": "OK", "limit": 1, "offset": 0, "number_of_page_results": 1, "number_of_total_results": 1, "status_code": 1, "results": {"games": [{"api_detail_url": "https://www.giantbomb.com/api/game/3030-8772/", "id": 8772, "name": "Hotel Giant", "site_detail_url": "https://www.giantbomb.com/hotel-giant/3030-8772/"}, {"api_detail_url": "https://www.giantbomb.com/api/game/3030-24911/", "id": 24911, "name": "Hotel Giant 2", "site_detail_url": "https://www.giantbomb.com/hotel-giant-2/3030-24911/"}, {"api_detail_url": "https://www.giantbomb.com/api/game/3030-30038/", "id": 30038, "name": "Hotel Giant DS", "site_detail_url": "https://www.giantbomb.com/hotel-giant-ds/3030-30038/"}]}, "version": "1.0"}