{"error": "OK", "limit": 1, "offset": 0, "number_of_page_results": 1, "number_of_total_results": 1, "status_code": 1, "results": {"games": [{"api_detail_url": "https://www.giantbomb.com/api/game/3030-20372/", "id": 20372, "name": "Zombie Smashers X", "site_detail_url": "https://www.giantbomb.com/zombie-smashers-x/3030-20372/"}, {"api_detail_url": "https://www.giantbomb.com/api/game/3030-844/", "id": 844, "name": "Zombie Smashers X2: Punx and Skins", "site_detail_url": "https://www.giantbomb.com/zombie-smashers-x2-punx-and-skins/3030-844/"}, {"api_detail_url": "https://www.giantbomb.com/api/game/3030-19963/", "id": 19963, "name": "Zombie Smashers X3: Ninjastarmageddon!", "site_detail_url": "https://www.giantbomb.com/zombie-smashers-x3-ninjastarmageddon/3030-19963/"}, {"api_detail_url": "https://www.giantbomb.com/api/game/3030-26344/", "id": 26344, "name": "ZSX4 Guitarpocalypse", "site_detail_url": "https://www.giantbomb.com/zsx4-guitarpocalypse/3030-26344/"}]}, "version": "1.0"}