{"error": "OK", "limit": 1, "offset": 0, "number_of_page_results": 1, "number_of_total_results": 1, "status_code": 1, "results": {"games": [{"api_detail_url": "https://www.giantbomb.com/api/game/3030-827/", "id": 827, "name": "Die Hard: Nakatomi Plaza", "site_detail_url": "https://www.giantbomb.com/die-hard-nakatomi-plaza/3030-827/"}, {"api_detail_url": "https://www.giantbomb.com/api/game/3030-7105/", "id": 7105, "name": "Die Hard Arcade", "site_detail_url": "https://www.giantbomb.com/die-hard-arcade/3030-7105/"}, {"api_detail_url": "https://www.giantbomb.com/api/game/3030-7416/", "id": 7416, "name": "Die Hard", "site_detail_url": "https://www.giantbomb.com/die-hard/3030-7416/"}, {"api_detail_url": "https://www.giantbomb.com/api/game/3030-8941/", "id": 8941, "name": "Die Hard Trilogy 2: Viva Las Vegas", "site_detail_url": "https://www.giantbomb.com/die-hard-trilogy-2-viva-las-vegas/3030-8941/"}, {"api_detail_url": "https://www.giantbomb.com/api/game/3030-13979/", "id": 13979, "name": "Die Hard: Vendetta", "site_detail_url": "https://www.giantbomb.com/die-hard-vendetta/3030-13979/"}, {"api_detail_url": "https://www.giantbomb.com/api/game/3030-14613/", "id": 14613, "name": "Die Hard 2: Die Harder", "site_detail_url": "https://www.giantbomb.com/die-hard-2-die-harder/3030-14613/"}, {"api_detail_url": "https://www.giantbomb.com/api/game/3030-19345/", "id": 19345, "name": "Die Hard Trilogy", "site_detail_url": "https://www.giantbomb.com/die-hard-trilogy/3030-19345/"}, {"api_detail_url": "https://www.giantbomb.com/api/game/3030-33156/", "id": 33156, "name": "Die Hard", "site_detail_url": "https://www.giantbomb.com/die-hard/3030-33156/"}, {"api_detail_url": "https://www.giantbomb.com/api/game/3030-45763/", "id": 45763, "name": "Die Hard", "site_detail_url": "https://www.giantbomb.com/die-hard/3030-45763/"}, {"api_detail_url": "https://www.giantbomb.com/api/game/3030-46259/", "id": 46259, "name": "Die Hard", "site_detail_url": "https://www.giantbomb.com/die-hard/3030-46259/"}, {"api_detail_url": "https://www.giantbomb.com/api/game/3030-3740/", "id": 3740, "name": "SEGA AGES 2500 Vol.26: Dynamite Deka", "site_detail_url": "https://www.giantbomb.com/sega-ages-2500-vol26-dynamite-deka/3030-3740/"}]}, "version": "1.0"}