{"error": "OK", "limit": 1, "offset": 0, "number_of_page_results": 1, "number_of_total_results": 1, "status_code": 1, "results": {"games": [{"api_detail_url": "https://www.giantbomb.com/api/game/3030-9600/", "id": 9600, "name": "Metal Gear Ac!d", "site_detail_url": "https://www.giantbomb.com/metal-gear-acd/3030-9600/"}, {"api_detail_url": "https://www.giantbomb.com/api/game/3030-8702/", "id": 8702, "name": "Metal Gear Ac!d 2", "site_detail_url": "https://www.giantbomb.com/metal-gear-acd-2/3030-8702/"}]}, "version": "1.0"}