{"error": "OK", "limit": 1, "offset": 0, "number_of_page_results": 1, "number_of_total_results": 1, "status_code": 1, "results": {"games": [{"api_detail_url": "https://www.giantbomb.com/api/game/3030-3238/", "id": 3238, "name": "Dave Mirra Freestyle BMX 3", "site_detail_url": "https://www.giantbomb.com/dave-mirra-freestyle-bmx-3/3030-3238/"}, {"api_detail_url": "https://www.giantbomb.com/api/game/3030-6737/", "id": 6737, "name": "Dave Mirra Freestyle BMX: Maximum Remix", "site_detail_url": "https://www.giantbomb.com/dave-mirra-freestyle-bmx-maximum-remix/3030-6737/"}, {"api_detail_url": "https://www.giantbomb.com/api/game/3030-9243/", "id": 9243, "name": "Dave Mirra Freestyle BMX", "site_detail_url": "https://www.giantbomb.com/dave-mirra-freestyle-bmx/3030-9243/"}, {"api_detail_url": "https://www.giantbomb.com/api/game/3030-10174/", "id": 10174, "name": "Dave Mirra Freestyle BMX 2", "site_detail_url": "https://www.giantbomb.com/dave-mirra-freestyle-bmx-2/3030-10174/"}, {"api_detail_url": "https://www.giantbomb.com/api/game/3030-22469/", "id": 22469, "name": "Dave Mirra BMX Challenge", "site_detail_url": "https://www.giantbomb.com/dave-mirra-bmx-challenge/3030-22469/"}]}, "version": "1.0"}