{"error": "OK", "limit": 1, "offset": 0, "number_of_page_results": 1, "number_of_total_results": 1, "status_code": 1, "results": {"games": [{"api_detail_url": "https://www.giantbomb.com/api/game/3030-6003/", "id": 6003, "name": "Ingrid's Back!", "site_detail_url": "https://www.giantbomb.com/ingrids-back/3030-6003/"}, {"api_detail_url": "https://www.giantbomb.com/api/game/3030-1680/", "id": 1680, "name": "Gnome Ranger", "site_detail_url": "https://www.giantbomb.com/gnome-ranger/3030-1680/"}]}, "version": "1.0"}