{"error": "OK", "limit": 1, "offset": 0, "number_of_page_results": 1, "number_of_total_results": 1, "status_code": 1, "results": {"games": [{"api_detail_url": "https://www.giantbomb.com/api/game/3030-2504/", "id": 2504, "name": "Eragon", "site_detail_url": "https://www.giantbomb.com/eragon/3030-2504/"}, {"api_detail_url": "https://www.giantbomb.com/api/game/3030-22509/", "id": 22509, "name": "Eragon", "site_detail_url": "https://www.giantbomb.com/eragon/3030-22509/"}, {"api_detail_url": "https://www.giantbomb.com/api/game/3030-24499/", "id": 24499, "name": "Eragon", "site_detail_url": "https://www.giantbomb.com/eragon/3030-24499/"}, {"api_detail_url": "https://www.giantbomb.com/api/game/3030-24500/", "id": 24500, "name": "Eragon", "site_detail_url": "https://www.giantbomb.com/eragon/3030-24500/"}]}, "version": "1.0"}