{"error": "OK", "limit": 1, "offset": 0, "number_of_page_results": 1, "number_of_total_results": 1, "status_code": 1, "results": {"games": [{"api_detail_url": "https://www.giantbomb.com/api/game/3030-11113/", "id": 11113, "name": "Out of the Park", "site_detail_url": "https://www.giantbomb.com/out-of-the-park/3030-11113/"}, {"api_detail_url": "https://www.giantbomb.com/api/game/3030-14222/", "id": 14222, "name": "Out of the Park Baseball 3", "site_detail_url": "https://www.giantbomb.com/out-of-the-park-baseball-3/3030-14222/"}, {"api_detail_url": "https://www.giantbomb.com/api/game/3030-12601/", "id": 12601, "name": "Out of the Park Baseball 4", "site_detail_url": "https://www.giantbomb.com/out-of-the-park-baseball-4/3030-12601/"}, {"api_detail_url": "https://www.giantbomb.com/api/game/3030-27761/", "id": 27761, "name": "Out of the Park Baseball 2005", "site_detail_url": "https://www.giantbomb.com/out-of-the-park-baseball-2005/3030-27761/"}, {"api_detail_url": "https://www.giantbomb.com/api/game/3030-22776/", "id": 22776, "name": "Out of the Park Baseball 9", "site_detail_url": "https://www.giantbomb.com/out-of-the-park-baseball-9/3030-22776/"}, {"api_detail_url": "https://www.giantbomb.com/api/game/3030-25978/", "id": 25978, "name": "Out of the Park Baseball 10", "site_detail_url": "https://www.giantbomb.com/out-of-the-park-baseball-10/3030-25978/"}, {"api_detail_url": "https://www.giantbomb.com/api/game/3030-30401/", "id": 30401, "name": "Out of the Park Baseball 11", "site_detail_url": "https://www.giantbomb.com/out-of-the-park-baseball-11/3030-30401/"}, {"api_detail_url": "https://www.giantbomb.com/api/game/3030-35077/", "id": 35077, "name": "iOOTP", "site_detail_url": "https://www.giantbomb.com/iootp/3030-35077/"}, {"api_detail_url": "https://www.giantbomb.com/api/game/3030-32140/", "id": 32140, "name": "Out of the Park Baseball 5", "site_detail_url": "https://www.giantbomb.com/out-of-the-park-baseball-5/3030-32140/"}, {"api_detail_url": "https://www.giantbomb.com/api/game/3030-32139/", "id": 32139, "name": "Out of the Park Baseball 2", "site_detail_url": "https://www.giantbomb.com/out-of-the-park-baseball-2/3030-32139/"}, {"api_detail_url": "https://www.giantbomb.com/api/game/3030-37096/", "id": 37096, "name": "Out of the Park Baseball 12", "site_detail_url": "https://www.giantbomb.com/out-of-the-park-baseball-12/3030-37096/"}, {"api_detail_url": "https://www.giantbomb.com/api/game/3030-40303/", "id": 40303, "name": "Out of the Park Baseball 13", "site_detail_url": "https://www.giantbomb.com/out-of-the-park-baseball-13/3030-40303/"}, {"api_detail_url": "https://www.giantbomb.com/api/game/3030-42087/", "id": 42087, "name": "Out of the Park Baseball 14", "site_detail_url": "https://www.giantbomb.com/out-of-the-park-baseball-14/3030-42087/"}, {"api_detail_url": "https://www.giantbomb.com/api/game/3030-45337/", "id": 45337, "name": "Out of the Park Baseball 15", "site_detail_url": "https://www.giantbomb.com/out-of-the-park-baseball-15/3030-45337/"}, {"api_detail_url": "https://www.giantbomb.com/api/game/3030-49245/", "id": 49245, "name": "Out of the Park Baseball 16", "site_detail_url": "https://www.giantbomb.com/out-of-the-park-baseball-16/3030-49245/"}, {"api_detail_url": "https://www.giantbomb.com/api/game/3030-52746/", "id": 52746, "name": "Out of the Park Baseball 17", "site_detail_url": "https://www.giantbomb.com/out-of-the-park-baseball-17/3030-52746/"}, {"api_detail_url": "https://www.giantbomb.com/api/game/3030-57999/", "id": 57999, "name": "Out of the Park Baseball 18", "site_detail_url": "https://www.giantbomb.com/out-of-the-park-baseball-18/3030-57999/"}, {"api_detail_url": "https://www.giantbomb.com/api/game/3030-65966/", "id": 65966, "name": "Out of the Park Baseball 19", "site_detail_url": "https://www.giantbomb.com/out-of-the-park-baseball-19/3030-65966/"}, {"api_detail_url": "https://www.giantbomb.com/api/game/3030-72250/", "id": 72250, "name": "Out of the Park Baseball 20", "site_detail_url": "https://www.giantbomb.com/out-of-the-park-baseball-20/3030-72250/"}, {"api_detail_url": "https://www.giantbomb.com/api/game/3030-77226/", "id": 77226, "name": "Out of the Park Baseball 21", "site_detail_url": "https://www.giantbomb.com/out-of-the-park-baseball-21/3030-77226/"}, {"api_detail_url": "https://www.giantbomb.com/api/game/3030-81692/", "id": 81692, "name": "Out of the Park Baseball 22", "site_detail_url": "https://www.giantbomb.com/out-of-the-park-baseball-22/3030-81692/"}]}, "version": "1.0"}