{"error": "OK", "limit": 1, "offset": 0, "number_of_page_results": 1, "number_of_total_results": 1, "status_code": 1, "results": {"games": [{"api_detail_url": "https://www.giantbomb.com/api/game/3030-24723/", "id": 24723, "name": "The Mahjong", "site_detail_url": "https://www.giantbomb.com/the-mahjong/3030-24723/"}, {"api_detail_url": "https://www.giantbomb.com/api/game/3030-24724/", "id": 24724, "name": "The Shogi", "site_detail_url": "https://www.giantbomb.com/the-shogi/3030-24724/"}, {"api_detail_url": "https://www.giantbomb.com/api/game/3030-12204/", "id": 12204, "name": "Power Shovel", "site_detail_url": "https://www.giantbomb.com/power-shovel/3030-12204/"}, {"api_detail_url": "https://www.giantbomb.com/api/game/3030-25799/", "id": 25799, "name": "RC Helicopter", "site_detail_url": "https://www.giantbomb.com/rc-helicopter/3030-25799/"}, {"api_detail_url": "https://www.giantbomb.com/api/game/3030-21828/", "id": 21828, "name": "Shooter: Space Shot", "site_detail_url": "https://www.giantbomb.com/shooter-space-shot/3030-21828/"}, {"api_detail_url": "https://www.giantbomb.com/api/game/3030-19769/", "id": 19769, "name": "Block Buster", "site_detail_url": "https://www.giantbomb.com/block-buster/3030-19769/"}, {"api_detail_url": "https://www.giantbomb.com/api/game/3030-29608/", "id": 29608, "name": "Tennis", "site_detail_url": "https://www.giantbomb.com/tennis/3030-29608/"}, {"api_detail_url": "https://www.giantbomb.com/api/game/3030-34953/", "id": 34953, "name": "Simple 1500 vol. 24: The Shooting", "site_detail_url": "https://www.giantbomb.com/simple-1500-vol-24-the-shooting/3030-34953/"}, {"api_detail_url": "https://www.giantbomb.com/api/game/3030-34952/", "id": 34952, "name": "Simple 1500 vol. 7: the Card", "site_detail_url": "https://www.giantbomb.com/simple-1500-vol-7-the-card/3030-34952/"}, {"api_detail_url": "https://www.giantbomb.com/api/game/3030-34762/", "id": 34762, "name": "RC de GO!", "site_detail_url": "https://www.giantbomb.com/rc-de-go/3030-34762/"}, {"api_detail_url": "https://www.giantbomb.com/api/game/3030-39587/", "id": 39587, "name": "Simple 1500 Series Hello Kitty Vol. 02: Hello Kitty Illust Puzzle", "site_detail_url": "https://www.giantbomb.com/simple-1500-series-hello-kitty-vol-02-hello-kitty-/3030-39587/"}, {"api_detail_url": "https://www.giantbomb.com/api/game/3030-39588/", "id": 39588, "name": "Simple 1500 Series Hello Kitty Vol. 01: Hello Kitty Bowling", "site_detail_url": "https://www.giantbomb.com/simple-1500-series-hello-kitty-vol-01-hello-kitty-/3030-39588/"}, {"api_detail_url": "https://www.giantbomb.com/api/game/3030-39600/", "id": 39600, "name": "Simple 1500 Series Hello Kitty Vol. 03: Hello Kitty Block Kuzushi", "site_detail_url": "https://www.giantbomb.com/simple-1500-series-hello-kitty-vol-03-hello-kitty-/3030-39600/"}, {"api_detail_url": "https://www.giantbomb.com/api/game/3030-41267/", "id": 41267, "name": "Simple 1500 Series Vol. 14: The Block Kuzushi", "site_detail_url": "https://www.giantbomb.com/simple-1500-series-vol-14-the-block-kuzushi/3030-41267/"}, {"api_detail_url": "https://www.giantbomb.com/api/game/3030-42138/", "id": 42138, "name": "Simple 1500 Series Vol. 88: The Gal Mahjong", "site_detail_url": "https://www.giantbomb.com/simple-1500-series-vol-88-the-gal-mahjong/3030-42138/"}, {"api_detail_url": "https://www.giantbomb.com/api/game/3030-42480/", "id": 42480, "name": "Gekisha Boy", "site_detail_url": "https://www.giantbomb.com/gekisha-boy/3030-42480/"}, {"api_detail_url": "https://www.giantbomb.com/api/game/3030-45227/", "id": 45227, "name": "Snowboarding", "site_detail_url": "https://www.giantbomb.com/snowboarding/3030-45227/"}, {"api_detail_url": "https://www.giantbomb.com/api/game/3030-797/", "id": 797, "name": "Card Games", "site_detail_url": "https://www.giantbomb.com/card-games/3030-797/"}, {"api_detail_url": "https://www.giantbomb.com/api/game/3030-7590/", "id": 7590, "name": "Densha de Go!", "site_detail_url": "https://www.giantbomb.com/densha-de-go/3030-7590/"}, {"api_detail_url": "https://www.giantbomb.com/api/game/3030-6616/", "id": 6616, "name": "Densha de Go! Nagoya Railroad", "site_detail_url": "https://www.giantbomb.com/densha-de-go-nagoya-railroad/3030-6616/"}, {"api_detail_url": "https://www.giantbomb.com/api/game/3030-1263/", "id": 1263, "name": "Bust-A-Move 4", "site_detail_url": "https://www.giantbomb.com/bust-a-move-4/3030-1263/"}, {"api_detail_url": "https://www.giantbomb.com/api/game/3030-19732/", "id": 19732, "name": "Volfied", "site_detail_url": "https://www.giantbomb.com/volfied/3030-19732/"}, {"api_detail_url": "https://www.giantbomb.com/api/game/3030-45229/", "id": 45229, "name": "Simple 1500 Jitsuyou Series Vol. 08: 1-Jikan de Wakaru Kabushiki Toushi", "site_detail_url": "https://www.giantbomb.com/simple-1500-jitsuyou-series-vol-08-1jikan-de-wakar/3030-45229/"}, {"api_detail_url": "https://www.giantbomb.com/api/game/3030-45230/", "id": 45230, "name": "Aces of the Air", "site_detail_url": "https://www.giantbomb.com/aces-of-the-air/3030-45230/"}, {"api_detail_url": "https://www.giantbomb.com/api/game/3030-16562/", "id": 16562, "name": "Pink Panther: Pinkadelic Pursuit", "site_detail_url": "https://www.giantbomb.com/pink-panther-pinkadelic-pursuit/3030-16562/"}, {"api_detail_url": "https://www.giantbomb.com/api/game/3030-41645/", "id": 41645, "name": "Kickboxing", "site_detail_url": "https://www.giantbomb.com/kickboxing/3030-41645/"}, {"api_detail_url": "https://www.giantbomb.com/api/game/3030-46740/", "id": 46740, "name": "Boxing", "site_detail_url": "https://www.giantbomb.com/boxing/3030-46740/"}, {"api_detail_url": "https://www.giantbomb.com/api/game/3030-46911/", "id": 46911, "name": "Dynamite Soccer 98", "site_detail_url": "https://www.giantbomb.com/dynamite-soccer-98/3030-46911/"}, {"api_detail_url": "https://www.giantbomb.com/api/game/3030-47167/", "id": 47167, "name": "All-Star Slammin' D-Ball", "site_detail_url": "https://www.giantbomb.com/allstar-slammin-dball/3030-47167/"}, {"api_detail_url": "https://www.giantbomb.com/api/game/3030-2359/", "id": 2359, "name": "Putter Golf", "site_detail_url": "https://www.giantbomb.com/putter-golf/3030-2359/"}, {"api_detail_url": "https://www.giantbomb.com/api/game/3030-4109/", "id": 4109, "name": "Street Sk8er", "site_detail_url": "https://www.giantbomb.com/street-sk8er/3030-4109/"}, {"api_detail_url": "https://www.giantbomb.com/api/game/3030-50934/", "id": 50934, "name": "Racing", "site_detail_url": "https://www.giantbomb.com/racing/3030-50934/"}, {"api_detail_url": "https://www.giantbomb.com/api/game/3030-25962/", "id": 25962, "name": "Street Racquetball", "site_detail_url": "https://www.giantbomb.com/street-racquetball/3030-25962/"}, {"api_detail_url": "https://www.giantbomb.com/api/game/3030-52311/", "id": 52311, "name": "Simple 1500 Series Vol. 17: The Bike Race", "site_detail_url": "https://www.giantbomb.com/simple-1500-series-vol-17-the-bike-race/3030-52311/"}, {"api_detail_url": "https://www.giantbomb.com/api/game/3030-55449/", "id": 55449, "name": "The GoMoku Narabe", "site_detail_url": "https://www.giantbomb.com/the-gomoku-narabe/3030-55449/"}, {"api_detail_url": "https://www.giantbomb.com/api/game/3030-57521/", "id": 57521, "name": "Simple 1500 Series Vol. 56: The Sniper", "site_detail_url": "https://www.giantbomb.com/simple-1500-series-vol-56-the-sniper/3030-57521/"}, {"api_detail_url": "https://www.giantbomb.com/api/game/3030-4131/", "id": 4131, "name": "BursTrick: Wake Boarding!!", "site_detail_url": "https://www.giantbomb.com/burstrick-wake-boarding/3030-4131/"}, {"api_detail_url": "https://www.giantbomb.com/api/game/3030-39601/", "id": 39601, "name": "Simple 1500 Series Hello Kitty Vol. 04: Trump", "site_detail_url": "https://www.giantbomb.com/simple-1500-series-hello-kitty-vol-04-trump/3030-39601/"}, {"api_detail_url": "https://www.giantbomb.com/api/game/3030-63073/", "id": 63073, "name": "Pastel Muse", "site_detail_url": "https://www.giantbomb.com/pastel-muse/3030-63073/"}, {"api_detail_url": "https://www.giantbomb.com/api/game/3030-63200/", "id": 63200, "name": "The Pinball", "site_detail_url": "https://www.giantbomb.com/the-pinball/3030-63200/"}, {"api_detail_url": "https://www.giantbomb.com/api/game/3030-37284/", "id": 37284, "name": "1 on 1 Government", "site_detail_url": "https://www.giantbomb.com/1-on-1-government/3030-37284/"}, {"api_detail_url": "https://www.giantbomb.com/api/game/3030-64873/", "id": 64873, "name": "Simple 1500 Series Vol. 6: The Hanafuda", "site_detail_url": "https://www.giantbomb.com/simple-1500-series-vol-6-the-hanafuda/3030-64873/"}, {"api_detail_url": "https://www.giantbomb.com/api/game/3030-64874/", "id": 64874, "name": "Simple 1500 Series Vol. 8: The Solitaire", "site_detail_url": "https://www.giantbomb.com/simple-1500-series-vol-8-the-solitaire/3030-64874/"}, {"api_detail_url": "https://www.giantbomb.com/api/game/3030-64875/", "id": 64875, "name": "Simple 1500 Series Vol. 5: The Igo", "site_detail_url": "https://www.giantbomb.com/simple-1500-series-vol-5-the-igo/3030-64875/"}, {"api_detail_url": "https://www.giantbomb.com/api/game/3030-6242/", "id": 6242, "name": "Billiards", "site_detail_url": "https://www.giantbomb.com/billiards/3030-6242/"}, {"api_detail_url": "https://www.giantbomb.com/api/game/3030-40697/", "id": 40697, "name": "Check Mate", "site_detail_url": "https://www.giantbomb.com/check-mate/3030-40697/"}, {"api_detail_url": "https://www.giantbomb.com/api/game/3030-65079/", "id": 65079, "name": "Simple 1500 Series Vol. 42: The Igo 2", "site_detail_url": "https://www.giantbomb.com/simple-1500-series-vol-42-the-igo-2/3030-65079/"}, {"api_detail_url": "https://www.giantbomb.com/api/game/3030-69981/", "id": 69981, "name": "Simple 1500 Series Vol. 31: The Sound Novel", "site_detail_url": "https://www.giantbomb.com/simple-1500-series-vol-31-the-sound-novel/3030-69981/"}, {"api_detail_url": "https://www.giantbomb.com/api/game/3030-69996/", "id": 69996, "name": "Simple 1500 Series Vol. 074 The Horror Mystery The Sangeki Yakata Cabin Hakushaku no Fukkatsu", "site_detail_url": "https://www.giantbomb.com/simple-1500-series-vol-074-the-horror-mystery-the-/3030-69996/"}, {"api_detail_url": "https://www.giantbomb.com/api/game/3030-73142/", "id": 73142, "name": "Simple 1500 Series Vol. 58: The Sum\u014d", "site_detail_url": "https://www.giantbomb.com/simple-1500-series-vol-58-the-sumo/3030-73142/"}, {"api_detail_url": "https://www.giantbomb.com/api/game/3030-78219/", "id": 78219, "name": "Simple 1500 Series Vol. 59: The Suiri - IT Tantei: 18 no Jikenbo", "site_detail_url": "https://www.giantbomb.com/simple-1500-series-vol-59-the-suiri-it-tantei-18-n/3030-78219/"}, {"api_detail_url": "https://www.giantbomb.com/api/game/3030-36690/", "id": 36690, "name": "Densha de Go!", "site_detail_url": "https://www.giantbomb.com/densha-de-go/3030-36690/"}, {"api_detail_url": "https://www.giantbomb.com/api/game/3030-82173/", "id": 82173, "name": "Simple 1500 Series Vol. 79: The Shisen-shou", "site_detail_url": "https://www.giantbomb.com/simple-1500-series-vol-79-the-shisen-shou/3030-82173/"}, {"api_detail_url": "https://www.giantbomb.com/api/game/3030-83679/", "id": 83679, "name": "Simple 1500 Series Vol. 21: The Yakyuu", "site_detail_url": "https://www.giantbomb.com/simple-1500-series-vol-21-the-yakyuu/3030-83679/"}, {"api_detail_url": "https://www.giantbomb.com/api/game/3030-83680/", "id": 83680, "name": "Simple 1500 Series Vol. 96: The Yakyuu 2", "site_detail_url": "https://www.giantbomb.com/simple-1500-series-vol-96-the-yakyuu-2/3030-83680/"}, {"api_detail_url": "https://www.giantbomb.com/api/game/3030-24093/", "id": 24093, "name": "Turn It Around", "site_detail_url": "https://www.giantbomb.com/turn-it-around/3030-24093/"}, {"api_detail_url": "https://www.giantbomb.com/api/game/3030-84253/", "id": 84253, "name": "Simple 1500 Series Vol. 40 The Shogi 2", "site_detail_url": "https://www.giantbomb.com/simple-1500-series-vol-40-the-shogi-2/3030-84253/"}, {"api_detail_url": "https://www.giantbomb.com/api/game/3030-84728/", "id": 84728, "name": "Simple 1500 Series Vol. 75: The Double Shooting: RayStorm x RayCrisis", "site_detail_url": "https://www.giantbomb.com/simple-1500-series-vol-75-the-double-shooting-rays/3030-84728/"}, {"api_detail_url": "https://www.giantbomb.com/api/game/3030-84729/", "id": 84729, "name": "Simple 1500 Series Vol. 4: The Reversi", "site_detail_url": "https://www.giantbomb.com/simple-1500-series-vol-4-the-reversi/3030-84729/"}, {"api_detail_url": "https://www.giantbomb.com/api/game/3030-84731/", "id": 84731, "name": "Simple 1500 Series Vol. 12: The Quiz", "site_detail_url": "https://www.giantbomb.com/simple-1500-series-vol-12-the-quiz/3030-84731/"}, {"api_detail_url": "https://www.giantbomb.com/api/game/3030-84732/", "id": 84732, "name": "Simple 1500 Series Vol. 15: The Pachinko", "site_detail_url": "https://www.giantbomb.com/simple-1500-series-vol-15-the-pachinko/3030-84732/"}, {"api_detail_url": "https://www.giantbomb.com/api/game/3030-84733/", "id": 84733, "name": "Natsuiro Celebration", "site_detail_url": "https://www.giantbomb.com/natsuiro-celebration/3030-84733/"}, {"api_detail_url": "https://www.giantbomb.com/api/game/3030-84734/", "id": 84734, "name": "Simple 1500 Series Vol. 41: The Reversi 2", "site_detail_url": "https://www.giantbomb.com/simple-1500-series-vol-41-the-reversi-2/3030-84734/"}, {"api_detail_url": "https://www.giantbomb.com/api/game/3030-84736/", "id": 84736, "name": "Simple 1500 Series: Vol. 99: The Kend\u014d: Ken no Hanamichi", "site_detail_url": "https://www.giantbomb.com/simple-1500-series-vol-99-the-kendo-ken-no-hanamic/3030-84736/"}, {"api_detail_url": "https://www.giantbomb.com/api/game/3030-87091/", "id": 87091, "name": "Simple 1500 Series Vol. 39: The Mahjong 2", "site_detail_url": "https://www.giantbomb.com/simple-1500-series-vol-39-the-mahjong-2/3030-87091/"}]}, "version": "1.0"}