{"error": "OK", "limit": 1, "offset": 0, "number_of_page_results": 1, "number_of_total_results": 1, "status_code": 1, "results": {"games": [{"api_detail_url": "https://www.giantbomb.com/api/game/3030-24665/", "id": 24665, "name": "Rilakkuma", "site_detail_url": "https://www.giantbomb.com/rilakkuma/3030-24665/"}, {"api_detail_url": "https://www.giantbomb.com/api/game/3030-66558/", "id": 66558, "name": "Neratte! Tobashite! Rilakkuma GuraGura Sweets Tower", "site_detail_url": "https://www.giantbomb.com/neratte-tobashite-rilakkuma-guragura-sweets-tower/3030-66558/"}, {"api_detail_url": "https://www.giantbomb.com/api/game/3030-66559/", "id": 66559, "name": "Watashi no Rilakkuma", "site_detail_url": "https://www.giantbomb.com/watashi-no-rilakkuma/3030-66559/"}, {"api_detail_url": "https://www.giantbomb.com/api/game/3030-66603/", "id": 66603, "name": "Rilakkuma na Mainichi", "site_detail_url": "https://www.giantbomb.com/rilakkuma-na-mainichi/3030-66603/"}, {"api_detail_url": "https://www.giantbomb.com/api/game/3030-87670/", "id": 87670, "name": "Rilakkuma: Ojama Shitemasu 2 Shuukan", "site_detail_url": "https://www.giantbomb.com/rilakkuma-ojama-shitemasu-2-shuukan/3030-87670/"}, {"api_detail_url": "https://www.giantbomb.com/api/game/3030-87671/", "id": 87671, "name": "Rilakkuma * Rhythm: Mattari Kibun de Darurun Run", "site_detail_url": "https://www.giantbomb.com/rilakkuma-rhythm-mattari-kibun-de-darurun-run/3030-87671/"}]}, "version": "1.0"}