{"error": "OK", "limit": 1, "offset": 0, "number_of_page_results": 1, "number_of_total_results": 1, "status_code": 1, "results": {"games": [{"api_detail_url": "https://www.giantbomb.com/api/game/3030-3827/", "id": 3827, "name": "Magical Drop", "site_detail_url": "https://www.giantbomb.com/magical-drop/3030-3827/"}, {"api_detail_url": "https://www.giantbomb.com/api/game/3030-7667/", "id": 7667, "name": "Magical Drop II", "site_detail_url": "https://www.giantbomb.com/magical-drop-ii/3030-7667/"}, {"api_detail_url": "https://www.giantbomb.com/api/game/3030-10224/", "id": 10224, "name": "Magical Drop III", "site_detail_url": "https://www.giantbomb.com/magical-drop-iii/3030-10224/"}, {"api_detail_url": "https://www.giantbomb.com/api/game/3030-27530/", "id": 27530, "name": "Magical Drop Yurutto", "site_detail_url": "https://www.giantbomb.com/magical-drop-yurutto/3030-27530/"}, {"api_detail_url": "https://www.giantbomb.com/api/game/3030-32126/", "id": 32126, "name": "Magical Drop F: Daibouken mo Rakujanai!", "site_detail_url": "https://www.giantbomb.com/magical-drop-f-daibouken-mo-rakujanai/3030-32126/"}, {"api_detail_url": "https://www.giantbomb.com/api/game/3030-33438/", "id": 33438, "name": "Magical Drop Pocket", "site_detail_url": "https://www.giantbomb.com/magical-drop-pocket/3030-33438/"}, {"api_detail_url": "https://www.giantbomb.com/api/game/3030-35868/", "id": 35868, "name": "Magical Drop V", "site_detail_url": "https://www.giantbomb.com/magical-drop-v/3030-35868/"}, {"api_detail_url": "https://www.giantbomb.com/api/game/3030-46656/", "id": 46656, "name": "Magical Drop for Wonderswan", "site_detail_url": "https://www.giantbomb.com/magical-drop-for-wonderswan/3030-46656/"}, {"api_detail_url": "https://www.giantbomb.com/api/game/3030-80739/", "id": 80739, "name": "G-Mode Archives 19: Magical Drop DX", "site_detail_url": "https://www.giantbomb.com/g-mode-archives-19-magical-drop-dx/3030-80739/"}, {"api_detail_url": "https://www.giantbomb.com/api/game/3030-87490/", "id": 87490, "name": "Magical Drop VI", "site_detail_url": "https://www.giantbomb.com/magical-drop-vi/3030-87490/"}]}, "version": "1.0"}