{"error": "OK", "limit": 1, "offset": 0, "number_of_page_results": 1, "number_of_total_results": 1, "status_code": 1, "results": {"games": [{"api_detail_url": "https://www.giantbomb.com/api/game/3030-2410/", "id": 2410, "name": "Def Jam: Vendetta", "site_detail_url": "https://www.giantbomb.com/def-jam-vendetta/3030-2410/"}, {"api_detail_url": "https://www.giantbomb.com/api/game/3030-3744/", "id": 3744, "name": "Def Jam: Fight for NY", "site_detail_url": "https://www.giantbomb.com/def-jam-fight-for-ny/3030-3744/"}, {"api_detail_url": "https://www.giantbomb.com/api/game/3030-16690/", "id": 16690, "name": "Def Jam: Icon", "site_detail_url": "https://www.giantbomb.com/def-jam-icon/3030-16690/"}, {"api_detail_url": "https://www.giantbomb.com/api/game/3030-22083/", "id": 22083, "name": "Def Jam: Fight for NY: The Takeover", "site_detail_url": "https://www.giantbomb.com/def-jam-fight-for-ny-the-takeover/3030-22083/"}, {"api_detail_url": "https://www.giantbomb.com/api/game/3030-26656/", "id": 26656, "name": "Def Jam Rapstar", "site_detail_url": "https://www.giantbomb.com/def-jam-rapstar/3030-26656/"}]}, "version": "1.0"}