{"error": "OK", "limit": 1, "offset": 0, "number_of_page_results": 1, "number_of_total_results": 1, "status_code": 1, "results": {"games": [{"api_detail_url": "https://www.giantbomb.com/api/game/3030-3032/", "id": 3032, "name": "Dead to Rights", "site_detail_url": "https://www.giantbomb.com/dead-to-rights/3030-3032/"}, {"api_detail_url": "https://www.giantbomb.com/api/game/3030-9743/", "id": 9743, "name": "Dead to Rights: Reckoning", "site_detail_url": "https://www.giantbomb.com/dead-to-rights-reckoning/3030-9743/"}, {"api_detail_url": "https://www.giantbomb.com/api/game/3030-18411/", "id": 18411, "name": "Dead to Rights II", "site_detail_url": "https://www.giantbomb.com/dead-to-rights-ii/3030-18411/"}, {"api_detail_url": "https://www.giantbomb.com/api/game/3030-25286/", "id": 25286, "name": "Dead to Rights: Retribution", "site_detail_url": "https://www.giantbomb.com/dead-to-rights-retribution/3030-25286/"}]}, "version": "1.0"}