{"error": "OK", "limit": 1, "offset": 0, "number_of_page_results": 1, "number_of_total_results": 1, "status_code": 1, "results": {"games": [{"api_detail_url": "https://www.giantbomb.com/api/game/3030-8076/", "id": 8076, "name": "Mercenary", "site_detail_url": "https://www.giantbomb.com/mercenary/3030-8076/"}, {"api_detail_url": "https://www.giantbomb.com/api/game/3030-11619/", "id": 11619, "name": "Mercenary: The Second City", "site_detail_url": "https://www.giantbomb.com/mercenary-the-second-city/3030-11619/"}, {"api_detail_url": "https://www.giantbomb.com/api/game/3030-2642/", "id": 2642, "name": "Damocles: Mercenary II", "site_detail_url": "https://www.giantbomb.com/damocles-mercenary-ii/3030-2642/"}, {"api_detail_url": "https://www.giantbomb.com/api/game/3030-9782/", "id": 9782, "name": "Mercenary III: The Dion Crisis", "site_detail_url": "https://www.giantbomb.com/mercenary-iii-the-dion-crisis/3030-9782/"}]}, "version": "1.0"}