{"error": "OK", "limit": 1, "offset": 0, "number_of_page_results": 1, "number_of_total_results": 1, "status_code": 1, "results": {"games": [{"api_detail_url": "https://www.giantbomb.com/api/game/3030-21544/", "id": 21544, "name": "Hinterland", "site_detail_url": "https://www.giantbomb.com/hinterland/3030-21544/"}, {"api_detail_url": "https://www.giantbomb.com/api/game/3030-26154/", "id": 26154, "name": "Hinterland: Orc Lords", "site_detail_url": "https://www.giantbomb.com/hinterland-orc-lords/3030-26154/"}]}, "version": "1.0"}