{"error": "OK", "limit": 1, "offset": 0, "number_of_page_results": 1, "number_of_total_results": 1, "status_code": 1, "results": {"games": [{"api_detail_url": "https://www.giantbomb.com/api/game/3030-25025/", "id": 25025, "name": "MySims Party", "site_detail_url": "https://www.giantbomb.com/mysims-party/3030-25025/"}, {"api_detail_url": "https://www.giantbomb.com/api/game/3030-21401/", "id": 21401, "name": "MySims Kingdom", "site_detail_url": "https://www.giantbomb.com/mysims-kingdom/3030-21401/"}, {"api_detail_url": "https://www.giantbomb.com/api/game/3030-7682/", "id": 7682, "name": "MySims", "site_detail_url": "https://www.giantbomb.com/mysims/3030-7682/"}, {"api_detail_url": "https://www.giantbomb.com/api/game/3030-25026/", "id": 25026, "name": "MySims Racing", "site_detail_url": "https://www.giantbomb.com/mysims-racing/3030-25026/"}, {"api_detail_url": "https://www.giantbomb.com/api/game/3030-26085/", "id": 26085, "name": "MySims Agents", "site_detail_url": "https://www.giantbomb.com/mysims-agents/3030-26085/"}, {"api_detail_url": "https://www.giantbomb.com/api/game/3030-28219/", "id": 28219, "name": "MySims Camera", "site_detail_url": "https://www.giantbomb.com/mysims-camera/3030-28219/"}, {"api_detail_url": "https://www.giantbomb.com/api/game/3030-31186/", "id": 31186, "name": "MySims SkyHeroes", "site_detail_url": "https://www.giantbomb.com/mysims-skyheroes/3030-31186/"}]}, "version": "1.0"}