{"error": "OK", "limit": 1, "offset": 0, "number_of_page_results": 1, "number_of_total_results": 1, "status_code": 1, "results": {"games": [{"api_detail_url": "https://www.giantbomb.com/api/game/3030-25168/", "id": 25168, "name": "Number Battle", "site_detail_url": "https://www.giantbomb.com/number-battle/3030-25168/"}, {"api_detail_url": "https://www.giantbomb.com/api/game/3030-24924/", "id": 24924, "name": "Dr. Mario Express", "site_detail_url": "https://www.giantbomb.com/dr-mario-express/3030-24924/"}, {"api_detail_url": "https://www.giantbomb.com/api/game/3030-10889/", "id": 10889, "name": "Master of Illusion Express: Funny Face", "site_detail_url": "https://www.giantbomb.com/master-of-illusion-express-funny-face/3030-10889/"}, {"api_detail_url": "https://www.giantbomb.com/api/game/3030-25936/", "id": 25936, "name": "Master of Illusion Express: Deep Psyche", "site_detail_url": "https://www.giantbomb.com/master-of-illusion-express-deep-psyche/3030-25936/"}, {"api_detail_url": "https://www.giantbomb.com/api/game/3030-24922/", "id": 24922, "name": "Brain Age Express: Math", "site_detail_url": "https://www.giantbomb.com/brain-age-express-math/3030-24922/"}, {"api_detail_url": "https://www.giantbomb.com/api/game/3030-25167/", "id": 25167, "name": "Puzzle League Express", "site_detail_url": "https://www.giantbomb.com/puzzle-league-express/3030-25167/"}, {"api_detail_url": "https://www.giantbomb.com/api/game/3030-24923/", "id": 24923, "name": "Clubhouse Games Express: Card Classics", "site_detail_url": "https://www.giantbomb.com/clubhouse-games-express-card-classics/3030-24923/"}, {"api_detail_url": "https://www.giantbomb.com/api/game/3030-27544/", "id": 27544, "name": "Brain Age Express: Sudoku", "site_detail_url": "https://www.giantbomb.com/brain-age-express-sudoku/3030-27544/"}, {"api_detail_url": "https://www.giantbomb.com/api/game/3030-27771/", "id": 27771, "name": "Brain Age Express: Arts & Letters", "site_detail_url": "https://www.giantbomb.com/brain-age-express-arts-letters/3030-27771/"}, {"api_detail_url": "https://www.giantbomb.com/api/game/3030-22068/", "id": 22068, "name": "Master of Illusion Express: Shuffle Games", "site_detail_url": "https://www.giantbomb.com/master-of-illusion-express-shuffle-games/3030-22068/"}, {"api_detail_url": "https://www.giantbomb.com/api/game/3030-28422/", "id": 28422, "name": "Clubhouse Games Express: Strategy Pack", "site_detail_url": "https://www.giantbomb.com/clubhouse-games-express-strategy-pack/3030-28422/"}, {"api_detail_url": "https://www.giantbomb.com/api/game/3030-28148/", "id": 28148, "name": "Clubhouse Games Express: Family Favorites", "site_detail_url": "https://www.giantbomb.com/clubhouse-games-express-family-favorites/3030-28148/"}]}, "version": "1.0"}