{"error": "OK", "limit": 1, "offset": 0, "number_of_page_results": 1, "number_of_total_results": 1, "status_code": 1, "results": {"games": [{"api_detail_url": "https://www.giantbomb.com/api/game/3030-225/", "id": 225, "name": "Daytona USA", "site_detail_url": "https://www.giantbomb.com/daytona-usa/3030-225/"}, {"api_detail_url": "https://www.giantbomb.com/api/game/3030-4246/", "id": 4246, "name": "Daytona USA: Championship Circuit Edition", "site_detail_url": "https://www.giantbomb.com/daytona-usa-championship-circuit-edition/3030-4246/"}, {"api_detail_url": "https://www.giantbomb.com/api/game/3030-17352/", "id": 17352, "name": "Daytona USA Deluxe", "site_detail_url": "https://www.giantbomb.com/daytona-usa-deluxe/3030-17352/"}, {"api_detail_url": "https://www.giantbomb.com/api/game/3030-22802/", "id": 22802, "name": "Daytona USA 2", "site_detail_url": "https://www.giantbomb.com/daytona-usa-2/3030-22802/"}, {"api_detail_url": "https://www.giantbomb.com/api/game/3030-22135/", "id": 22135, "name": "Daytona USA", "site_detail_url": "https://www.giantbomb.com/daytona-usa/3030-22135/"}, {"api_detail_url": "https://www.giantbomb.com/api/game/3030-29049/", "id": 29049, "name": "Sega Racing Classic", "site_detail_url": "https://www.giantbomb.com/sega-racing-classic/3030-29049/"}, {"api_detail_url": "https://www.giantbomb.com/api/game/3030-56882/", "id": 56882, "name": "Daytona Championship USA", "site_detail_url": "https://www.giantbomb.com/daytona-championship-usa/3030-56882/"}]}, "version": "1.0"}