{"error": "OK", "limit": 1, "offset": 0, "number_of_page_results": 1, "number_of_total_results": 1, "status_code": 1, "results": {"games": [{"api_detail_url": "https://www.giantbomb.com/api/game/3030-1492/", "id": 1492, "name": "Tony Hawk's Underground 2", "site_detail_url": "https://www.giantbomb.com/tony-hawks-underground-2/3030-1492/"}, {"api_detail_url": "https://www.giantbomb.com/api/game/3030-2101/", "id": 2101, "name": "Tony Hawk's Pro Skater 4", "site_detail_url": "https://www.giantbomb.com/tony-hawks-pro-skater-4/3030-2101/"}, {"api_detail_url": "https://www.giantbomb.com/api/game/3030-3631/", "id": 3631, "name": "Tony Hawk's Downhill Jam", "site_detail_url": "https://www.giantbomb.com/tony-hawks-downhill-jam/3030-3631/"}, {"api_detail_url": "https://www.giantbomb.com/api/game/3030-7222/", "id": 7222, "name": "Tony Hawk's American Wasteland", "site_detail_url": "https://www.giantbomb.com/tony-hawks-american-wasteland/3030-7222/"}, {"api_detail_url": "https://www.giantbomb.com/api/game/3030-12077/", "id": 12077, "name": "Tony Hawk's Project 8", "site_detail_url": "https://www.giantbomb.com/tony-hawks-project-8/3030-12077/"}, {"api_detail_url": "https://www.giantbomb.com/api/game/3030-12685/", "id": 12685, "name": "Tony Hawk's American Sk8land", "site_detail_url": "https://www.giantbomb.com/tony-hawks-american-sk8land/3030-12685/"}, {"api_detail_url": "https://www.giantbomb.com/api/game/3030-12691/", "id": 12691, "name": "Tony Hawk's Pro Skater 2x", "site_detail_url": "https://www.giantbomb.com/tony-hawks-pro-skater-2x/3030-12691/"}, {"api_detail_url": "https://www.giantbomb.com/api/game/3030-14896/", "id": 14896, "name": "Tony  Hawk's Underground", "site_detail_url": "https://www.giantbomb.com/tony-hawks-underground/3030-14896/"}, {"api_detail_url": "https://www.giantbomb.com/api/game/3030-18231/", "id": 18231, "name": "Tony Hawk's Underground 2: Remix", "site_detail_url": "https://www.giantbomb.com/tony-hawks-underground-2-remix/3030-18231/"}, {"api_detail_url": "https://www.giantbomb.com/api/game/3030-20695/", "id": 20695, "name": "Tony Hawk's Proving Ground", "site_detail_url": "https://www.giantbomb.com/tony-hawks-proving-ground/3030-20695/"}, {"api_detail_url": "https://www.giantbomb.com/api/game/3030-23634/", "id": 23634, "name": "Tony Hawk's Motion and Hue Pixel Painter", "site_detail_url": "https://www.giantbomb.com/tony-hawks-motion-and-hue-pixel-painter/3030-23634/"}, {"api_detail_url": "https://www.giantbomb.com/api/game/3030-24712/", "id": 24712, "name": "Tony Hawk: RIDE", "site_detail_url": "https://www.giantbomb.com/tony-hawk-ride/3030-24712/"}, {"api_detail_url": "https://www.giantbomb.com/api/game/3030-30947/", "id": 30947, "name": "Tony Hawk: SHRED", "site_detail_url": "https://www.giantbomb.com/tony-hawk-shred/3030-30947/"}, {"api_detail_url": "https://www.giantbomb.com/api/game/3030-990/", "id": 990, "name": "Tony Hawk's Pro Skater 2", "site_detail_url": "https://www.giantbomb.com/tony-hawks-pro-skater-2/3030-990/"}, {"api_detail_url": "https://www.giantbomb.com/api/game/3030-7236/", "id": 7236, "name": "Tony Hawk's Pro Skater", "site_detail_url": "https://www.giantbomb.com/tony-hawks-pro-skater/3030-7236/"}, {"api_detail_url": "https://www.giantbomb.com/api/game/3030-45480/", "id": 45480, "name": "Tony Hawk's Shred Session", "site_detail_url": "https://www.giantbomb.com/tony-hawks-shred-session/3030-45480/"}, {"api_detail_url": "https://www.giantbomb.com/api/game/3030-5688/", "id": 5688, "name": "Tony Hawk's Pro Skater 3", "site_detail_url": "https://www.giantbomb.com/tony-hawks-pro-skater-3/3030-5688/"}, {"api_detail_url": "https://www.giantbomb.com/api/game/3030-48191/", "id": 48191, "name": "Tony Hawk's Pro Skater 5", "site_detail_url": "https://www.giantbomb.com/tony-hawk-s-pro-skater-5/3030-48191/"}, {"api_detail_url": "https://www.giantbomb.com/api/game/3030-37026/", "id": 37026, "name": "Tony Hawk's Pro Skater HD", "site_detail_url": "https://www.giantbomb.com/tony-hawks-pro-skater-hd/3030-37026/"}, {"api_detail_url": "https://www.giantbomb.com/api/game/3030-71267/", "id": 71267, "name": "Tony Hawk's Skate Jam", "site_detail_url": "https://www.giantbomb.com/tony-hawks-skate-jam/3030-71267/"}, {"api_detail_url": "https://www.giantbomb.com/api/game/3030-78420/", "id": 78420, "name": "Tony Hawk's Pro Skater 1+2", "site_detail_url": "https://www.giantbomb.com/tony-hawks-pro-skater-12/3030-78420/"}]}, "version": "1.0"}