{"error": "OK", "limit": 1, "offset": 0, "number_of_page_results": 1, "number_of_total_results": 1, "status_code": 1, "results": {"games": [{"api_detail_url": "https://www.giantbomb.com/api/game/3030-26865/", "id": 26865, "name": "Mario Clock", "site_detail_url": "https://www.giantbomb.com/mario-clock/3030-26865/"}, {"api_detail_url": "https://www.giantbomb.com/api/game/3030-26361/", "id": 26361, "name": "Animal Crossing Clock", "site_detail_url": "https://www.giantbomb.com/animal-crossing-clock/3030-26361/"}, {"api_detail_url": "https://www.giantbomb.com/api/game/3030-26598/", "id": 26598, "name": "Photo Clock", "site_detail_url": "https://www.giantbomb.com/photo-clock/3030-26598/"}]}, "version": "1.0"}