{"error": "OK", "limit": 1, "offset": 0, "number_of_page_results": 1, "number_of_total_results": 1, "status_code": 1, "results": {"games": [{"api_detail_url": "https://www.giantbomb.com/api/game/3030-19245/", "id": 19245, "name": "Shantae", "site_detail_url": "https://www.giantbomb.com/shantae/3030-19245/"}, {"api_detail_url": "https://www.giantbomb.com/api/game/3030-28141/", "id": 28141, "name": "Shantae: Risky's Revenge", "site_detail_url": "https://www.giantbomb.com/shantae-riskys-revenge/3030-28141/"}, {"api_detail_url": "https://www.giantbomb.com/api/game/3030-40417/", "id": 40417, "name": "Shantae and the Pirate's Curse", "site_detail_url": "https://www.giantbomb.com/shantae-and-the-pirates-curse/3030-40417/"}, {"api_detail_url": "https://www.giantbomb.com/api/game/3030-43823/", "id": 43823, "name": "Shantae: 1/2 Genie Hero", "site_detail_url": "https://www.giantbomb.com/shantae-12-genie-hero/3030-43823/"}, {"api_detail_url": "https://www.giantbomb.com/api/game/3030-49479/", "id": 49479, "name": "Watch Quest! -Heroes of Time-", "site_detail_url": "https://www.giantbomb.com/watch-quest-heroes-of-time/3030-49479/"}, {"api_detail_url": "https://www.giantbomb.com/api/game/3030-72661/", "id": 72661, "name": "Shantae and the Seven Sirens", "site_detail_url": "https://www.giantbomb.com/shantae-and-the-seven-sirens/3030-72661/"}]}, "version": "1.0"}