{"error": "OK", "limit": 1, "offset": 0, "number_of_page_results": 1, "number_of_total_results": 1, "status_code": 1, "results": {"games": [{"api_detail_url": "https://www.giantbomb.com/api/game/3030-24481/", "id": 24481, "name": "EA Sports Active", "site_detail_url": "https://www.giantbomb.com/ea-sports-active/3030-24481/"}, {"api_detail_url": "https://www.giantbomb.com/api/game/3030-27892/", "id": 27892, "name": "EA Sports Active More Workouts", "site_detail_url": "https://www.giantbomb.com/ea-sports-active-more-workouts/3030-27892/"}, {"api_detail_url": "https://www.giantbomb.com/api/game/3030-30346/", "id": 30346, "name": "EA Sports Active 2.0", "site_detail_url": "https://www.giantbomb.com/ea-sports-active-20/3030-30346/"}, {"api_detail_url": "https://www.giantbomb.com/api/game/3030-32357/", "id": 32357, "name": "EA Sports Active NFL Training Camp", "site_detail_url": "https://www.giantbomb.com/ea-sports-active-nfl-training-camp/3030-32357/"}]}, "version": "1.0"}