{"error": "OK", "limit": 1, "offset": 0, "number_of_page_results": 1, "number_of_total_results": 1, "status_code": 1, "results": {"games": [{"api_detail_url": "https://www.giantbomb.com/api/game/3030-21032/", "id": 21032, "name": "Dancing with the Stars", "site_detail_url": "https://www.giantbomb.com/dancing-with-the-stars/3030-21032/"}, {"api_detail_url": "https://www.giantbomb.com/api/game/3030-24250/", "id": 24250, "name": "Dancing with the Stars: We Dance!", "site_detail_url": "https://www.giantbomb.com/dancing-with-the-stars-we-dance/3030-24250/"}]}, "version": "1.0"}