{"error": "OK", "limit": 1, "offset": 0, "number_of_page_results": 1, "number_of_total_results": 1, "status_code": 1, "results": {"games": [{"api_detail_url": "https://www.giantbomb.com/api/game/3030-20868/", "id": 20868, "name": "Castle of Shikigami III", "site_detail_url": "https://www.giantbomb.com/castle-of-shikigami-iii/3030-20868/"}, {"api_detail_url": "https://www.giantbomb.com/api/game/3030-75/", "id": 75, "name": "Castle Shikigami 2", "site_detail_url": "https://www.giantbomb.com/castle-shikigami-2/3030-75/"}, {"api_detail_url": "https://www.giantbomb.com/api/game/3030-3926/", "id": 3926, "name": "Mobile Light Force 2", "site_detail_url": "https://www.giantbomb.com/mobile-light-force-2/3030-3926/"}, {"api_detail_url": "https://www.giantbomb.com/api/game/3030-39036/", "id": 39036, "name": "Shikigami no Shiro: Nanayozuki Gensoukyoku", "site_detail_url": "https://www.giantbomb.com/shikigami-no-shiro-nanayozuki-gensoukyoku/3030-39036/"}, {"api_detail_url": "https://www.giantbomb.com/api/game/3030-40399/", "id": 40399, "name": "Shikigami no Shiro EX & II Pack", "site_detail_url": "https://www.giantbomb.com/shikigami-no-shiro-ex-ii-pack/3030-40399/"}]}, "version": "1.0"}