{"error": "OK", "limit": 1, "offset": 0, "number_of_page_results": 1, "number_of_total_results": 1, "status_code": 1, "results": {"games": [{"api_detail_url": "https://www.giantbomb.com/api/game/3030-8152/", "id": 8152, "name": "Zillion", "site_detail_url": "https://www.giantbomb.com/zillion/3030-8152/"}, {"api_detail_url": "https://www.giantbomb.com/api/game/3030-19742/", "id": 19742, "name": "Zillion II: Tri Formation", "site_detail_url": "https://www.giantbomb.com/zillion-ii-tri-formation/3030-19742/"}]}, "version": "1.0"}