{"error": "OK", "limit": 1, "offset": 0, "number_of_page_results": 1, "number_of_total_results": 1, "status_code": 1, "results": {"games": [{"api_detail_url": "https://www.giantbomb.com/api/game/3030-17823/", "id": 17823, "name": "World Series Baseball 2K2", "site_detail_url": "https://www.giantbomb.com/world-series-baseball-2k2/3030-17823/"}, {"api_detail_url": "https://www.giantbomb.com/api/game/3030-15930/", "id": 15930, "name": "World Series Baseball 2K1", "site_detail_url": "https://www.giantbomb.com/world-series-baseball-2k1/3030-15930/"}, {"api_detail_url": "https://www.giantbomb.com/api/game/3030-17184/", "id": 17184, "name": "World Series Baseball 2K3", "site_detail_url": "https://www.giantbomb.com/world-series-baseball-2k3/3030-17184/"}, {"api_detail_url": "https://www.giantbomb.com/api/game/3030-17117/", "id": 17117, "name": "World Series Baseball starring Deion Sanders", "site_detail_url": "https://www.giantbomb.com/world-series-baseball-starring-deion-sanders/3030-17117/"}, {"api_detail_url": "https://www.giantbomb.com/api/game/3030-5924/", "id": 5924, "name": "World Series Baseball", "site_detail_url": "https://www.giantbomb.com/world-series-baseball/3030-5924/"}, {"api_detail_url": "https://www.giantbomb.com/api/game/3030-27592/", "id": 27592, "name": "World Series Baseball '98", "site_detail_url": "https://www.giantbomb.com/world-series-baseball-98/3030-27592/"}, {"api_detail_url": "https://www.giantbomb.com/api/game/3030-33001/", "id": 33001, "name": "World Series Baseball", "site_detail_url": "https://www.giantbomb.com/world-series-baseball/3030-33001/"}, {"api_detail_url": "https://www.giantbomb.com/api/game/3030-33005/", "id": 33005, "name": "World Series Baseball II", "site_detail_url": "https://www.giantbomb.com/world-series-baseball-ii/3030-33005/"}, {"api_detail_url": "https://www.giantbomb.com/api/game/3030-40882/", "id": 40882, "name": "World Series Baseball '96", "site_detail_url": "https://www.giantbomb.com/world-series-baseball-96/3030-40882/"}, {"api_detail_url": "https://www.giantbomb.com/api/game/3030-42975/", "id": 42975, "name": "World Series Baseball", "site_detail_url": "https://www.giantbomb.com/world-series-baseball/3030-42975/"}, {"api_detail_url": "https://www.giantbomb.com/api/game/3030-43821/", "id": 43821, "name": "World Series Baseball '95", "site_detail_url": "https://www.giantbomb.com/world-series-baseball-95/3030-43821/"}]}, "version": "1.0"}