{"error": "OK", "limit": 1, "offset": 0, "number_of_page_results": 1, "number_of_total_results": 1, "status_code": 1, "results": {"games": [{"api_detail_url": "https://www.giantbomb.com/api/game/3030-8998/", "id": 8998, "name": "Slayers", "site_detail_url": "https://www.giantbomb.com/slayers/3030-8998/"}, {"api_detail_url": "https://www.giantbomb.com/api/game/3030-23993/", "id": 23993, "name": "Slayers Royal", "site_detail_url": "https://www.giantbomb.com/slayers-royal/3030-23993/"}, {"api_detail_url": "https://www.giantbomb.com/api/game/3030-23994/", "id": 23994, "name": "Slayers Wonderful", "site_detail_url": "https://www.giantbomb.com/slayers-wonderful/3030-23994/"}, {"api_detail_url": "https://www.giantbomb.com/api/game/3030-23473/", "id": 23473, "name": "Slayers Royal 2", "site_detail_url": "https://www.giantbomb.com/slayers-royal-2/3030-23473/"}, {"api_detail_url": "https://www.giantbomb.com/api/game/3030-81203/", "id": 81203, "name": "Slayers", "site_detail_url": "https://www.giantbomb.com/slayers/3030-81203/"}]}, "version": "1.0"}