{"error": "OK", "limit": 1, "offset": 0, "number_of_page_results": 1, "number_of_total_results": 1, "status_code": 1, "results": {"games": [{"api_detail_url": "https://www.giantbomb.com/api/game/3030-25261/", "id": 25261, "name": "101-in-1 Explosive Megamix", "site_detail_url": "https://www.giantbomb.com/101-in-1-explosive-megamix/3030-25261/"}, {"api_detail_url": "https://www.giantbomb.com/api/game/3030-26829/", "id": 26829, "name": "101-in-1 Party Megamix", "site_detail_url": "https://www.giantbomb.com/101-in-1-party-megamix/3030-26829/"}, {"api_detail_url": "https://www.giantbomb.com/api/game/3030-31911/", "id": 31911, "name": "101-in-1 Sports Megamix", "site_detail_url": "https://www.giantbomb.com/101-in-1-sports-megamix/3030-31911/"}, {"api_detail_url": "https://www.giantbomb.com/api/game/3030-32733/", "id": 32733, "name": "101-in-1 Sports Party Megamix", "site_detail_url": "https://www.giantbomb.com/101-in-1-sports-party-megamix/3030-32733/"}, {"api_detail_url": "https://www.giantbomb.com/api/game/3030-32762/", "id": 32762, "name": "101-in-1 Megamix", "site_detail_url": "https://www.giantbomb.com/101-in-1-megamix/3030-32762/"}, {"api_detail_url": "https://www.giantbomb.com/api/game/3030-37998/", "id": 37998, "name": "40-in-1 Explosive Megamix", "site_detail_url": "https://www.giantbomb.com/40-in-1-explosive-megamix/3030-37998/"}]}, "version": "1.0"}