{"error": "OK", "limit": 1, "offset": 0, "number_of_page_results": 1, "number_of_total_results": 1, "status_code": 1, "results": {"games": [{"api_detail_url": "https://www.giantbomb.com/api/game/3030-24314/", "id": 24314, "name": "KuruKuru Princess: Yume no White Quartet", "site_detail_url": "https://www.giantbomb.com/kurukuru-princess-yume-no-white-quartet/3030-24314/"}, {"api_detail_url": "https://www.giantbomb.com/api/game/3030-13108/", "id": 13108, "name": "Imagine Figure Skater", "site_detail_url": "https://www.giantbomb.com/imagine-figure-skater/3030-13108/"}, {"api_detail_url": "https://www.giantbomb.com/api/game/3030-28912/", "id": 28912, "name": "KuruKuru Princess: Tokimeki Figure Mezase! Vancouver", "site_detail_url": "https://www.giantbomb.com/kurukuru-princess-tokimeki-figure-mezase-vancouver/3030-28912/"}]}, "version": "1.0"}