{"error": "OK", "limit": 1, "offset": 0, "number_of_page_results": 1, "number_of_total_results": 1, "status_code": 1, "results": {"games": [{"api_detail_url": "https://www.giantbomb.com/api/game/3030-5429/", "id": 5429, "name": "The Lost Vikings", "site_detail_url": "https://www.giantbomb.com/the-lost-vikings/3030-5429/"}, {"api_detail_url": "https://www.giantbomb.com/api/game/3030-4134/", "id": 4134, "name": "Norse by Norse West: The Return of the Lost Vikings", "site_detail_url": "https://www.giantbomb.com/norse-by-norse-west-the-return-of-the-lost-vikings/3030-4134/"}]}, "version": "1.0"}