{"error": "OK", "limit": 1, "offset": 0, "number_of_page_results": 1, "number_of_total_results": 1, "status_code": 1, "results": {"games": [{"api_detail_url": "https://www.giantbomb.com/api/game/3030-23984/", "id": 23984, "name": "Picross 3D", "site_detail_url": "https://www.giantbomb.com/picross-3d/3030-23984/"}, {"api_detail_url": "https://www.giantbomb.com/api/game/3030-19050/", "id": 19050, "name": "Picross DS", "site_detail_url": "https://www.giantbomb.com/picross-ds/3030-19050/"}, {"api_detail_url": "https://www.giantbomb.com/api/game/3030-6944/", "id": 6944, "name": "Mario's Super Picross", "site_detail_url": "https://www.giantbomb.com/marios-super-picross/3030-6944/"}, {"api_detail_url": "https://www.giantbomb.com/api/game/3030-13801/", "id": 13801, "name": "Picross 2", "site_detail_url": "https://www.giantbomb.com/picross-2/3030-13801/"}, {"api_detail_url": "https://www.giantbomb.com/api/game/3030-23181/", "id": 23181, "name": "Picross NP", "site_detail_url": "https://www.giantbomb.com/picross-np/3030-23181/"}, {"api_detail_url": "https://www.giantbomb.com/api/game/3030-6316/", "id": 6316, "name": "Mario's Picross", "site_detail_url": "https://www.giantbomb.com/marios-picross/3030-6316/"}, {"api_detail_url": "https://www.giantbomb.com/api/game/3030-35960/", "id": 35960, "name": "Picross e", "site_detail_url": "https://www.giantbomb.com/picross-e/3030-35960/"}, {"api_detail_url": "https://www.giantbomb.com/api/game/3030-35961/", "id": 35961, "name": "Tamori's Picross", "site_detail_url": "https://www.giantbomb.com/tamoris-picross/3030-35961/"}, {"api_detail_url": "https://www.giantbomb.com/api/game/3030-38154/", "id": 38154, "name": "Picross e2", "site_detail_url": "https://www.giantbomb.com/picross-e2/3030-38154/"}, {"api_detail_url": "https://www.giantbomb.com/api/game/3030-44010/", "id": 44010, "name": "Picross e3", "site_detail_url": "https://www.giantbomb.com/picross-e3/3030-44010/"}, {"api_detail_url": "https://www.giantbomb.com/api/game/3030-45578/", "id": 45578, "name": "Picross e4", "site_detail_url": "https://www.giantbomb.com/picross-e4/3030-45578/"}, {"api_detail_url": "https://www.giantbomb.com/api/game/3030-46484/", "id": 46484, "name": "Picross e5", "site_detail_url": "https://www.giantbomb.com/picross-e5/3030-46484/"}, {"api_detail_url": "https://www.giantbomb.com/api/game/3030-48440/", "id": 48440, "name": "Picross e6", "site_detail_url": "https://www.giantbomb.com/picross-e6/3030-48440/"}, {"api_detail_url": "https://www.giantbomb.com/api/game/3030-50604/", "id": 50604, "name": "Picross 3D: Round 2", "site_detail_url": "https://www.giantbomb.com/picross-3d-round-2/3030-50604/"}, {"api_detail_url": "https://www.giantbomb.com/api/game/3030-51483/", "id": 51483, "name": "Pok\u00e9mon Picross", "site_detail_url": "https://www.giantbomb.com/pokemon-picross/3030-51483/"}, {"api_detail_url": "https://www.giantbomb.com/api/game/3030-53074/", "id": 53074, "name": "My Nintendo Picross: The Legend of Zelda Twilight Princess", "site_detail_url": "https://www.giantbomb.com/my-nintendo-picross-the-legend-of-zelda-twilight-p/3030-53074/"}, {"api_detail_url": "https://www.giantbomb.com/api/game/3030-53434/", "id": 53434, "name": "Picross e7", "site_detail_url": "https://www.giantbomb.com/picross-e7/3030-53434/"}, {"api_detail_url": "https://www.giantbomb.com/api/game/3030-59886/", "id": 59886, "name": "Pictlogica: Final Fantasy", "site_detail_url": "https://www.giantbomb.com/pictlogica-final-fantasy/3030-59886/"}, {"api_detail_url": "https://www.giantbomb.com/api/game/3030-61476/", "id": 61476, "name": "Picross S", "site_detail_url": "https://www.giantbomb.com/picross-s/3030-61476/"}, {"api_detail_url": "https://www.giantbomb.com/api/game/3030-63252/", "id": 63252, "name": "Picross e8", "site_detail_url": "https://www.giantbomb.com/picross-e8/3030-63252/"}, {"api_detail_url": "https://www.giantbomb.com/api/game/3030-69540/", "id": 69540, "name": "Picross S2", "site_detail_url": "https://www.giantbomb.com/picross-s2/3030-69540/"}, {"api_detail_url": "https://www.giantbomb.com/api/game/3030-70613/", "id": 70613, "name": "Kemono Friends Picross", "site_detail_url": "https://www.giantbomb.com/kemono-friends-picross/3030-70613/"}, {"api_detail_url": "https://www.giantbomb.com/api/game/3030-71019/", "id": 71019, "name": "Picross e9", "site_detail_url": "https://www.giantbomb.com/picross-e9/3030-71019/"}, {"api_detail_url": "https://www.giantbomb.com/api/game/3030-73007/", "id": 73007, "name": "Picross S3", "site_detail_url": "https://www.giantbomb.com/picross-s3/3030-73007/"}, {"api_detail_url": "https://www.giantbomb.com/api/game/3030-74332/", "id": 74332, "name": "Picross: Lord of the Nazarick", "site_detail_url": "https://www.giantbomb.com/picross-lord-of-the-nazarick/3030-74332/"}, {"api_detail_url": "https://www.giantbomb.com/api/game/3030-69426/", "id": 69426, "name": "Sanrio characters Picross", "site_detail_url": "https://www.giantbomb.com/sanrio-characters-picross/3030-69426/"}, {"api_detail_url": "https://www.giantbomb.com/api/game/3030-77963/", "id": 77963, "name": "Picross S4", "site_detail_url": "https://www.giantbomb.com/picross-s4/3030-77963/"}, {"api_detail_url": "https://www.giantbomb.com/api/game/3030-79355/", "id": 79355, "name": "Picross S: Genesis & Master System Edition", "site_detail_url": "https://www.giantbomb.com/picross-s-genesis-and-master-system-edition/3030-79355/"}, {"api_detail_url": "https://www.giantbomb.com/api/game/3030-81218/", "id": 81218, "name": "Picross S5", "site_detail_url": "https://www.giantbomb.com/picross-s5/3030-81218/"}, {"api_detail_url": "https://www.giantbomb.com/api/game/3030-82324/", "id": 82324, "name": "Picross S6", "site_detail_url": "https://www.giantbomb.com/picross-s6/3030-82324/"}, {"api_detail_url": "https://www.giantbomb.com/api/game/3030-84500/", "id": 84500, "name": "Picross S7", "site_detail_url": "https://www.giantbomb.com/picross-s7/3030-84500/"}, {"api_detail_url": "https://www.giantbomb.com/api/game/3030-87429/", "id": 87429, "name": "Picross S8", "site_detail_url": "https://www.giantbomb.com/picross-s8/3030-87429/"}]}, "version": "1.0"}