{"error": "OK", "limit": 1, "offset": 0, "number_of_page_results": 1, "number_of_total_results": 1, "status_code": 1, "results": {"games": [{"api_detail_url": "https://www.giantbomb.com/api/game/3030-21171/", "id": 21171, "name": "Lips", "site_detail_url": "https://www.giantbomb.com/lips/3030-21171/"}, {"api_detail_url": "https://www.giantbomb.com/api/game/3030-26636/", "id": 26636, "name": "Lips: Number One Hits", "site_detail_url": "https://www.giantbomb.com/lips-number-one-hits/3030-26636/"}, {"api_detail_url": "https://www.giantbomb.com/api/game/3030-30022/", "id": 30022, "name": "Lips: Party Classics", "site_detail_url": "https://www.giantbomb.com/lips-party-classics/3030-30022/"}, {"api_detail_url": "https://www.giantbomb.com/api/game/3030-30339/", "id": 30339, "name": "Lips: I Love the 80's", "site_detail_url": "https://www.giantbomb.com/lips-i-love-the-80s/3030-30339/"}]}, "version": "1.0"}