{"error": "OK", "limit": 1, "offset": 0, "number_of_page_results": 1, "number_of_total_results": 1, "status_code": 1, "results": {"games": [{"api_detail_url": "https://www.giantbomb.com/api/game/3030-1769/", "id": 1769, "name": "Peanuts: It's the Big Game, Charlie Brown!", "site_detail_url": "https://www.giantbomb.com/peanuts-its-the-big-game-charlie-brown/3030-1769/"}, {"api_detail_url": "https://www.giantbomb.com/api/game/3030-15121/", "id": 15121, "name": "Snoopy vs. the Red Baron", "site_detail_url": "https://www.giantbomb.com/snoopy-vs-the-red-baron/3030-15121/"}, {"api_detail_url": "https://www.giantbomb.com/api/game/3030-11985/", "id": 11985, "name": "Snoopy's Silly Sports Spectacular", "site_detail_url": "https://www.giantbomb.com/snoopys-silly-sports-spectacular/3030-11985/"}, {"api_detail_url": "https://www.giantbomb.com/api/game/3030-17670/", "id": 17670, "name": "Snoopy's Game Club", "site_detail_url": "https://www.giantbomb.com/snoopys-game-club/3030-17670/"}, {"api_detail_url": "https://www.giantbomb.com/api/game/3030-18679/", "id": 18679, "name": "Snoopy and the Red Baron", "site_detail_url": "https://www.giantbomb.com/snoopy-and-the-red-baron/3030-18679/"}, {"api_detail_url": "https://www.giantbomb.com/api/game/3030-23286/", "id": 23286, "name": "Snoopy's Magic Show", "site_detail_url": "https://www.giantbomb.com/snoopys-magic-show/3030-23286/"}, {"api_detail_url": "https://www.giantbomb.com/api/game/3030-24417/", "id": 24417, "name": "Snoopy Flying Ace", "site_detail_url": "https://www.giantbomb.com/snoopy-flying-ace/3030-24417/"}, {"api_detail_url": "https://www.giantbomb.com/api/game/3030-11916/", "id": 11916, "name": "Where's the Blanket Charlie Brown?", "site_detail_url": "https://www.giantbomb.com/wheres-the-blanket-charlie-brown/3030-11916/"}, {"api_detail_url": "https://www.giantbomb.com/api/game/3030-34569/", "id": 34569, "name": "Snoopy Concert", "site_detail_url": "https://www.giantbomb.com/snoopy-concert/3030-34569/"}, {"api_detail_url": "https://www.giantbomb.com/api/game/3030-32883/", "id": 32883, "name": "Snoopy: The Cool Computer Game", "site_detail_url": "https://www.giantbomb.com/snoopy-the-cool-computer-game/3030-32883/"}, {"api_detail_url": "https://www.giantbomb.com/api/game/3030-32834/", "id": 32834, "name": "Snoopy Tennis", "site_detail_url": "https://www.giantbomb.com/snoopy-tennis/3030-32834/"}, {"api_detail_url": "https://www.giantbomb.com/api/game/3030-50283/", "id": 50283, "name": "The Peanuts Movie: Snoopy's Grand Adventure", "site_detail_url": "https://www.giantbomb.com/the-peanuts-movie-snoopys-grand-adventure/3030-50283/"}, {"api_detail_url": "https://www.giantbomb.com/api/game/3030-68130/", "id": 68130, "name": "Snoopy Pop", "site_detail_url": "https://www.giantbomb.com/snoopy-pop/3030-68130/"}, {"api_detail_url": "https://www.giantbomb.com/api/game/3030-76977/", "id": 76977, "name": "Snoopy Puzzle Journey", "site_detail_url": "https://www.giantbomb.com/snoopy-puzzle-journey/3030-76977/"}, {"api_detail_url": "https://www.giantbomb.com/api/game/3030-76978/", "id": 76978, "name": "Peanuts: Snoopy's Town Tale", "site_detail_url": "https://www.giantbomb.com/peanuts-snoopys-town-tale/3030-76978/"}]}, "version": "1.0"}