{"error": "OK", "limit": 1, "offset": 0, "number_of_page_results": 1, "number_of_total_results": 1, "status_code": 1, "results": {"games": [{"api_detail_url": "https://www.giantbomb.com/api/game/3030-8645/", "id": 8645, "name": "Die Biene Maja: Auf Der Klatschmohnwiese", "site_detail_url": "https://www.giantbomb.com/die-biene-maja-auf-der-klatschmohnwiese/3030-8645/"}, {"api_detail_url": "https://www.giantbomb.com/api/game/3030-938/", "id": 938, "name": "Maya the Bee: What a Thunderstorm", "site_detail_url": "https://www.giantbomb.com/maya-the-bee-what-a-thunderstorm/3030-938/"}, {"api_detail_url": "https://www.giantbomb.com/api/game/3030-27486/", "id": 27486, "name": "Maya the Bee: The Great Adventure", "site_detail_url": "https://www.giantbomb.com/maya-the-bee-the-great-adventure/3030-27486/"}, {"api_detail_url": "https://www.giantbomb.com/api/game/3030-27494/", "id": 27494, "name": "Die Biene Maja: S\u00fc\u00dfes Gold", "site_detail_url": "https://www.giantbomb.com/die-biene-maja-sues-gold/3030-27494/"}, {"api_detail_url": "https://www.giantbomb.com/api/game/3030-27493/", "id": 27493, "name": "The Bee Game", "site_detail_url": "https://www.giantbomb.com/the-bee-game/3030-27493/"}, {"api_detail_url": "https://www.giantbomb.com/api/game/3030-61301/", "id": 61301, "name": "The New Adventures of Mary-Kate & Ashley", "site_detail_url": "https://www.giantbomb.com/the-new-adventures-of-marykate-ashley/3030-61301/"}, {"api_detail_url": "https://www.giantbomb.com/api/game/3030-84670/", "id": 84670, "name": "Maya the Bee: The Nutty Race", "site_detail_url": "https://www.giantbomb.com/maya-the-bee-the-nutty-race/3030-84670/"}]}, "version": "1.0"}