{"error": "OK", "limit": 1, "offset": 0, "number_of_page_results": 1, "number_of_total_results": 1, "status_code": 1, "results": {"games": [{"api_detail_url": "https://www.giantbomb.com/api/game/3030-3954/", "id": 3954, "name": "Europa 1400: The Guild", "site_detail_url": "https://www.giantbomb.com/europa-1400-the-guild/3030-3954/"}, {"api_detail_url": "https://www.giantbomb.com/api/game/3030-17645/", "id": 17645, "name": "The Guild 2", "site_detail_url": "https://www.giantbomb.com/the-guild-2/3030-17645/"}, {"api_detail_url": "https://www.giantbomb.com/api/game/3030-6261/", "id": 6261, "name": "The Guild 2: Pirates of the European Seas", "site_detail_url": "https://www.giantbomb.com/the-guild-2-pirates-of-the-european-seas/3030-6261/"}, {"api_detail_url": "https://www.giantbomb.com/api/game/3030-6198/", "id": 6198, "name": "Die Gilde: Gaukler, Gruften & Gesch\u00fctze", "site_detail_url": "https://www.giantbomb.com/die-gilde-gaukler-gruften-geschutze/3030-6198/"}, {"api_detail_url": "https://www.giantbomb.com/api/game/3030-24705/", "id": 24705, "name": "The Guild 2 Venice", "site_detail_url": "https://www.giantbomb.com/the-guild-2-venice/3030-24705/"}, {"api_detail_url": "https://www.giantbomb.com/api/game/3030-34984/", "id": 34984, "name": "Die Gilde DS", "site_detail_url": "https://www.giantbomb.com/die-gilde-ds/3030-34984/"}, {"api_detail_url": "https://www.giantbomb.com/api/game/3030-37889/", "id": 37889, "name": "The Guild 2: Renaissance", "site_detail_url": "https://www.giantbomb.com/the-guild-2-renaissance/3030-37889/"}, {"api_detail_url": "https://www.giantbomb.com/api/game/3030-53763/", "id": 53763, "name": "The Guild 3", "site_detail_url": "https://www.giantbomb.com/the-guild-3/3030-53763/"}]}, "version": "1.0"}