{"error": "OK", "limit": 1, "offset": 0, "number_of_page_results": 1, "number_of_total_results": 1, "status_code": 1, "results": {"games": [{"api_detail_url": "https://www.giantbomb.com/api/game/3030-21702/", "id": 21702, "name": "Doki Doki Majo Shinpan! 2 DUO", "site_detail_url": "https://www.giantbomb.com/doki-doki-majo-shinpan-2-duo/3030-21702/"}, {"api_detail_url": "https://www.giantbomb.com/api/game/3030-4707/", "id": 4707, "name": "Doki Doki Majo Shinpan!", "site_detail_url": "https://www.giantbomb.com/doki-doki-majo-shinpan/3030-4707/"}, {"api_detail_url": "https://www.giantbomb.com/api/game/3030-25950/", "id": 25950, "name": "Doki Majo Plus", "site_detail_url": "https://www.giantbomb.com/doki-majo-plus/3030-25950/"}]}, "version": "1.0"}