{"error": "OK", "limit": 1, "offset": 0, "number_of_page_results": 1, "number_of_total_results": 1, "status_code": 1, "results": {"games": [{"api_detail_url": "https://www.giantbomb.com/api/game/3030-20479/", "id": 20479, "name": "Army of Two", "site_detail_url": "https://www.giantbomb.com/army-of-two/3030-20479/"}, {"api_detail_url": "https://www.giantbomb.com/api/game/3030-25565/", "id": 25565, "name": "Army of Two: The 40th Day", "site_detail_url": "https://www.giantbomb.com/army-of-two-the-40th-day/3030-25565/"}, {"api_detail_url": "https://www.giantbomb.com/api/game/3030-39190/", "id": 39190, "name": "Army of Two: The Devil's Cartel", "site_detail_url": "https://www.giantbomb.com/army-of-two-the-devils-cartel/3030-39190/"}]}, "version": "1.0"}