{"error": "OK", "limit": 1, "offset": 0, "number_of_page_results": 1, "number_of_total_results": 1, "status_code": 1, "results": {"games": [{"api_detail_url": "https://www.giantbomb.com/api/game/3030-5617/", "id": 5617, "name": "Spectral Force 2", "site_detail_url": "https://www.giantbomb.com/spectral-force-2/3030-5617/"}, {"api_detail_url": "https://www.giantbomb.com/api/game/3030-20613/", "id": 20613, "name": "Spectral Force 3", "site_detail_url": "https://www.giantbomb.com/spectral-force-3/3030-20613/"}, {"api_detail_url": "https://www.giantbomb.com/api/game/3030-2475/", "id": 2475, "name": "Spectral Force Chronicle", "site_detail_url": "https://www.giantbomb.com/spectral-force-chronicle/3030-2475/"}, {"api_detail_url": "https://www.giantbomb.com/api/game/3030-27338/", "id": 27338, "name": "Spectral Force Genesis", "site_detail_url": "https://www.giantbomb.com/spectral-force-genesis/3030-27338/"}, {"api_detail_url": "https://www.giantbomb.com/api/game/3030-30578/", "id": 30578, "name": "Spectral Force Radical Elements", "site_detail_url": "https://www.giantbomb.com/spectral-force-radical-elements/3030-30578/"}, {"api_detail_url": "https://www.giantbomb.com/api/game/3030-30579/", "id": 30579, "name": "Spectral Force Legacy", "site_detail_url": "https://www.giantbomb.com/spectral-force-legacy/3030-30579/"}, {"api_detail_url": "https://www.giantbomb.com/api/game/3030-47083/", "id": 47083, "name": "Spectral Vs Generation", "site_detail_url": "https://www.giantbomb.com/spectral-vs-generation/3030-47083/"}, {"api_detail_url": "https://www.giantbomb.com/api/game/3030-47087/", "id": 47087, "name": "Spectral Force", "site_detail_url": "https://www.giantbomb.com/spectral-force/3030-47087/"}, {"api_detail_url": "https://www.giantbomb.com/api/game/3030-47091/", "id": 47091, "name": "Junjou de Karen: Meymay Kishi-dan: Spectral Force Seishoujo Gaiden", "site_detail_url": "https://www.giantbomb.com/junjou-de-karen-meymay-kishidan-spectral-force-sei/3030-47091/"}, {"api_detail_url": "https://www.giantbomb.com/api/game/3030-47092/", "id": 47092, "name": "Spectral Force: Itoshiki Jaaku", "site_detail_url": "https://www.giantbomb.com/spectral-force-itoshiki-jaaku/3030-47092/"}, {"api_detail_url": "https://www.giantbomb.com/api/game/3030-58149/", "id": 58149, "name": "Itsuka Kono Te Ga Kegareru Toki Ni: Spectral Force Legacy", "site_detail_url": "https://www.giantbomb.com/itsuka-kono-te-ga-kegareru-toki-ni-spectral-force-/3030-58149/"}]}, "version": "1.0"}