{"error": "OK", "limit": 1, "offset": 0, "number_of_page_results": 1, "number_of_total_results": 1, "status_code": 1, "results": {"games": [{"api_detail_url": "https://www.giantbomb.com/api/game/3030-14484/", "id": 14484, "name": "Dungeon Maker: Hunting Ground", "site_detail_url": "https://www.giantbomb.com/dungeon-maker-hunting-ground/3030-14484/"}, {"api_detail_url": "https://www.giantbomb.com/api/game/3030-24642/", "id": 24642, "name": "Dungeon Maker II: The Hidden War", "site_detail_url": "https://www.giantbomb.com/dungeon-maker-ii-the-hidden-war/3030-24642/"}, {"api_detail_url": "https://www.giantbomb.com/api/game/3030-22716/", "id": 22716, "name": "Master of the Monster Lair", "site_detail_url": "https://www.giantbomb.com/master-of-the-monster-lair/3030-22716/"}, {"api_detail_url": "https://www.giantbomb.com/api/game/3030-51855/", "id": 51855, "name": "Nanatama: Chronicle of Dungeon Maker", "site_detail_url": "https://www.giantbomb.com/nanatama-chronicle-of-dungeon-maker/3030-51855/"}, {"api_detail_url": "https://www.giantbomb.com/api/game/3030-84420/", "id": 84420, "name": "Date ni Game Tsui Wake Jane! Dungeon Maker Girls Type", "site_detail_url": "https://www.giantbomb.com/date-ni-game-tsui-wake-jane-dungeon-maker-girls-ty/3030-84420/"}]}, "version": "1.0"}