{"error": "OK", "limit": 1, "offset": 0, "number_of_page_results": 1, "number_of_total_results": 1, "status_code": 1, "results": {"games": [{"api_detail_url": "https://www.giantbomb.com/api/game/3030-2517/", "id": 2517, "name": "Postman Pat", "site_detail_url": "https://www.giantbomb.com/postman-pat/3030-2517/"}, {"api_detail_url": "https://www.giantbomb.com/api/game/3030-12587/", "id": 12587, "name": "Postman Pat 2", "site_detail_url": "https://www.giantbomb.com/postman-pat-2/3030-12587/"}, {"api_detail_url": "https://www.giantbomb.com/api/game/3030-1042/", "id": 1042, "name": "Postman Pat and the Greendale Rocket", "site_detail_url": "https://www.giantbomb.com/postman-pat-and-the-greendale-rocket/3030-1042/"}, {"api_detail_url": "https://www.giantbomb.com/api/game/3030-28257/", "id": 28257, "name": "Postman Pat: Special Delivery Service", "site_detail_url": "https://www.giantbomb.com/postman-pat-special-delivery-service/3030-28257/"}, {"api_detail_url": "https://www.giantbomb.com/api/game/3030-41003/", "id": 41003, "name": "Postman Pat 3: To the Rescue", "site_detail_url": "https://www.giantbomb.com/postman-pat-3-to-the-rescue/3030-41003/"}, {"api_detail_url": "https://www.giantbomb.com/api/game/3030-48383/", "id": 48383, "name": "Postman Pat", "site_detail_url": "https://www.giantbomb.com/postman-pat/3030-48383/"}]}, "version": "1.0"}